repo,quarter,author_login,commit_count
PostHog/posthog,2023-Q1,pauldambra,179
PostHog/posthog,2023-Q1,joethreepwood,3
PostHog/posthog,2023-Q1,frankh,5
PostHog/posthog,2023-Q1,tiina303,26
PostHog/posthog,2023-Q1,benjackwhite,59
PostHog/posthog,2023-Q1,_name:Harry Waye,53
PostHog/posthog,2023-Q1,tomasfarias,28
PostHog/posthog,2023-Q1,yakkomajuri,84
PostHog/posthog,2023-Q1,mariusandra,73
PostHog/posthog,2023-Q1,liyiy,31
PostHog/posthog,2023-Q1,caxco93,1
PostHog/posthog,2023-Q1,Twixes,81
PostHog/posthog,2023-Q1,raquelmsmith,35
PostHog/posthog,2023-Q1,neilkakkar,44
PostHog/posthog,2023-Q1,posthog-bot,28
PostHog/posthog,2023-Q1,fuziontech,10
PostHog/posthog,2023-Q1,EDsCODE,22
PostHog/posthog,2023-Q1,dependabot[bot],3
PostHog/posthog,2023-Q1,timgl,11
PostHog/posthog,2023-Q1,lharries,15
PostHog/posthog,2023-Q1,thmsobrmlr,62
PostHog/posthog,2023-Q1,macobo,38
PostHog/posthog,2023-Q1,xvello,31
PostHog/posthog,2023-Q1,kappa90,19
PostHog/posthog,2023-Q1,pjhul,5
PostHog/posthog,2023-Q1,wwchen,1
PostHog/posthog,2023-Q1,alexkim205,13
PostHog/posthog,2023-Q1,camerondeleone,1
PostHog/posthog,2023-Q1,naquiuddin,1
PostHog/posthog,2023-Q1,simfish85,1
PostHog/posthog,2023-Q1,guidoiaquinti,5
PostHog/posthog,2023-Q2,timgl,10
PostHog/posthog,2023-Q2,pauldambra,168
PostHog/posthog,2023-Q2,EDsCODE,36
PostHog/posthog,2023-Q2,raquelmsmith,34
PostHog/posthog,2023-Q2,Twixes,107
PostHog/posthog,2023-Q2,_name:Harry Waye,87
PostHog/posthog,2023-Q2,neilkakkar,64
PostHog/posthog,2023-Q2,thmsobrmlr,75
PostHog/posthog,2023-Q2,tiina303,56
PostHog/posthog,2023-Q2,mariusandra,97
PostHog/posthog,2023-Q2,daibhin,1
PostHog/posthog,2023-Q2,tomasfarias,30
PostHog/posthog,2023-Q2,benjackwhite,81
PostHog/posthog,2023-Q2,fuziontech,15
PostHog/posthog,2023-Q2,liyiy,17
PostHog/posthog,2023-Q2,xvello,62
PostHog/posthog,2023-Q2,frankh,7
PostHog/posthog,2023-Q2,posthog-bot,26
PostHog/posthog,2023-Q2,yakkomajuri,26
PostHog/posthog,2023-Q2,_name:Ellie Huxtable,19
PostHog/posthog,2023-Q2,coder-Aayush,1
PostHog/posthog,2023-Q2,psykomal,1
PostHog/posthog,2023-Q2,_name:Charlotte McGinn,1
PostHog/posthog,2023-Q2,chandeldivyam,1
PostHog/posthog,2023-Q2,joethreepwood,3
PostHog/posthog,2023-Q2,lharries,3
PostHog/posthog,2023-Q2,dependabot[bot],1
PostHog/posthog,2023-Q2,charlottemcginn,1
PostHog/posthog,2023-Q2,kappa90,2
PostHog/posthog,2023-Q3,pauldambra,161
PostHog/posthog,2023-Q3,tomasfarias,63
PostHog/posthog,2023-Q3,mariusandra,46
PostHog/posthog,2023-Q3,benjackwhite,108
PostHog/posthog,2023-Q3,jurajmajerik,6
PostHog/posthog,2023-Q3,fuziontech,11
PostHog/posthog,2023-Q3,raquelmsmith,29
PostHog/posthog,2023-Q3,tiina303,45
PostHog/posthog,2023-Q3,thmsobrmlr,64
PostHog/posthog,2023-Q3,Twixes,70
PostHog/posthog,2023-Q3,robbie-c,6
PostHog/posthog,2023-Q3,neilkakkar,61
PostHog/posthog,2023-Q3,timgl,5
PostHog/posthog,2023-Q3,posthog-bot,23
PostHog/posthog,2023-Q3,daibhin,74
PostHog/posthog,2023-Q3,Gilbert09,4
PostHog/posthog,2023-Q3,frankh,8
PostHog/posthog,2023-Q3,bretthoerner,7
PostHog/posthog,2023-Q3,maxbelm,2
PostHog/posthog,2023-Q3,liyiy,29
PostHog/posthog,2023-Q3,EDsCODE,17
PostHog/posthog,2023-Q3,xvello,26
PostHog/posthog,2023-Q3,_name:Ellie Huxtable,11
PostHog/posthog,2023-Q3,Lior539,1
PostHog/posthog,2023-Q3,danielxnj,6
PostHog/posthog,2023-Q3,lawalbolaji,1
PostHog/posthog,2023-Q3,jacobwgillespie,2
PostHog/posthog,2023-Q3,ReeceGao,1
PostHog/posthog,2023-Q3,zimmski,1
PostHog/posthog,2023-Q3,joethreepwood,10
PostHog/posthog,2023-Q3,nategrift,10
PostHog/posthog,2023-Q3,Greatseun02,1
PostHog/posthog,2023-Q3,fcoelho,1
PostHog/posthog,2023-Q3,Arun-chaitanya,4
PostHog/posthog,2023-Q3,thinklinux,2
PostHog/posthog,2023-Q3,dependabot[bot],4
PostHog/posthog,2023-Q3,ryan-pypestream,1
PostHog/posthog,2023-Q3,_name:Harry Waye,30
PostHog/posthog,2023-Q3,corywatilo,1
PostHog/posthog,2023-Q4,thmsobrmlr,109
PostHog/posthog,2023-Q4,daibhin,121
PostHog/posthog,2023-Q4,EDsCODE,35
PostHog/posthog,2023-Q4,tomasfarias,122
PostHog/posthog,2023-Q4,marandaneto,6
PostHog/posthog,2023-Q4,mariusandra,67
PostHog/posthog,2023-Q4,webjunkie,30
PostHog/posthog,2023-Q4,bretthoerner,83
PostHog/posthog,2023-Q4,raquelmsmith,35
PostHog/posthog,2023-Q4,jurajmajerik,34
PostHog/posthog,2023-Q4,benjackwhite,157
PostHog/posthog,2023-Q4,ahsan722505,3
PostHog/posthog,2023-Q4,pauldambra,167
PostHog/posthog,2023-Q4,robbie-c,58
PostHog/posthog,2023-Q4,xrdt,19
PostHog/posthog,2023-Q4,tkaemming,8
PostHog/posthog,2023-Q4,AmsTaFFix,1
PostHog/posthog,2023-Q4,corywatilo,15
PostHog/posthog,2023-Q4,xvello,47
PostHog/posthog,2023-Q4,timgl,9
PostHog/posthog,2023-Q4,Twixes,77
PostHog/posthog,2023-Q4,liyiy,44
PostHog/posthog,2023-Q4,posthog-bot,53
PostHog/posthog,2023-Q4,danielxnj,3
PostHog/posthog,2023-Q4,_name:David Murphy,5
PostHog/posthog,2023-Q4,tiina303,39
PostHog/posthog,2023-Q4,_name:Ellie Huxtable,11
PostHog/posthog,2023-Q4,Gilbert09,45
PostHog/posthog,2023-Q4,fuziontech,9
PostHog/posthog,2023-Q4,jack-lewin,1
PostHog/posthog,2023-Q4,charlescook-ph,1
PostHog/posthog,2023-Q4,joethreepwood,1
PostHog/posthog,2023-Q4,ellie,8
PostHog/posthog,2023-Q4,frankh,10
PostHog/posthog,2023-Q4,Neon-20,1
PostHog/posthog,2023-Q4,neilkakkar,42
PostHog/posthog,2023-Q4,dependabot[bot],4
PostHog/posthog,2023-Q4,smallbrownbike,3
PostHog/posthog,2023-Q4,ssoonmi,1
PostHog/posthog,2023-Q4,phukon,1
PostHog/posthog,2023-Q4,sksDonni,1
PostHog/posthog,2023-Q4,davidhaley,1
PostHog/posthog,2023-Q4,Justicea83,2
PostHog/posthog,2023-Q4,rishabnayak,3
PostHog/posthog,2023-Q4,taylorterry3,1
PostHog/posthog,2023-Q4,jacobwgillespie,1
PostHog/posthog,2023-Q4,thwilson3,1
PostHog/posthog,2023-Q4,_name:Justice Arthur,1
PostHog/posthog,2023-Q4,pausan,1
PostHog/posthog,2023-Q4,ivanagas,1
PostHog/posthog,2023-Q4,_name:Chandra Kiran G,1
PostHog/posthog,2023-Q4,MarconLP,2
PostHog/posthog,2023-Q4,jasonyavorsky,1
PostHog/posthog,2023-Q4,_name:Craig Pastro,1
PostHog/posthog,2024-Q1,raquelmsmith,49
PostHog/posthog,2024-Q1,fuziontech,8
PostHog/posthog,2024-Q1,robbie-c,40
PostHog/posthog,2024-Q1,Twixes,76
PostHog/posthog,2024-Q1,mariusandra,73
PostHog/posthog,2024-Q1,pauldambra,151
PostHog/posthog,2024-Q1,bretthoerner,74
PostHog/posthog,2024-Q1,EDsCODE,45
PostHog/posthog,2024-Q1,tkaemming,19
PostHog/posthog,2024-Q1,neilkakkar,27
PostHog/posthog,2024-Q1,daibhin,86
PostHog/posthog,2024-Q1,timgl,8
PostHog/posthog,2024-Q1,jurajmajerik,32
PostHog/posthog,2024-Q1,zlwaterfield,18
PostHog/posthog,2024-Q1,thmsobrmlr,82
PostHog/posthog,2024-Q1,xvello,17
PostHog/posthog,2024-Q1,tomasfarias,49
PostHog/posthog,2024-Q1,frankh,13
PostHog/posthog,2024-Q1,benjackwhite,87
PostHog/posthog,2024-Q1,marandaneto,16
PostHog/posthog,2024-Q1,posthog-bot,48
PostHog/posthog,2024-Q1,webjunkie,75
PostHog/posthog,2024-Q1,tiina303,32
PostHog/posthog,2024-Q1,Gilbert09,55
PostHog/posthog,2024-Q1,xrdt,27
PostHog/posthog,2024-Q1,kylegalbraith,1
PostHog/posthog,2024-Q1,corywatilo,3
PostHog/posthog,2024-Q1,joethreepwood,1
PostHog/posthog,2024-Q1,dependabot[bot],22
PostHog/posthog,2024-Q1,danielxnj,5
PostHog/posthog,2024-Q1,MarconLP,16
PostHog/posthog,2024-Q1,peh,1
PostHog/posthog,2024-Q1,IanWoodard,1
PostHog/posthog,2024-Q1,tonomb,1
PostHog/posthog,2024-Q1,aarongarciah,1
PostHog/posthog,2024-Q1,liyiy,9
PostHog/posthog,2024-Q1,Lior539,1
PostHog/posthog,2024-Q1,charlescook-ph,1
PostHog/posthog,2024-Q1,RhysSullivan,1
PostHog/posthog,2024-Q1,arunsathiya,1
PostHog/posthog,2024-Q1,baristaGeek,1
PostHog/posthog,2024-Q2,robbie-c,40
PostHog/posthog,2024-Q2,dmarticus,7
PostHog/posthog,2024-Q2,pauldambra,138
PostHog/posthog,2024-Q2,benjackwhite,87
PostHog/posthog,2024-Q2,EDsCODE,84
PostHog/posthog,2024-Q2,zlwaterfield,41
PostHog/posthog,2024-Q2,webjunkie,96
PostHog/posthog,2024-Q2,Twixes,98
PostHog/posthog,2024-Q2,mariusandra,70
PostHog/posthog,2024-Q2,edhgoose,1
PostHog/posthog,2024-Q2,tomasfarias,30
PostHog/posthog,2024-Q2,aspicer,43
PostHog/posthog,2024-Q2,thmsobrmlr,64
PostHog/posthog,2024-Q2,ZeleniJure,1
PostHog/posthog,2024-Q2,raquelmsmith,30
PostHog/posthog,2024-Q2,daibhin,94
PostHog/posthog,2024-Q2,nikitaevg,11
PostHog/posthog,2024-Q2,posthog-bot,57
PostHog/posthog,2024-Q2,dependabot[bot],11
PostHog/posthog,2024-Q2,Gilbert09,77
PostHog/posthog,2024-Q2,marandaneto,1
PostHog/posthog,2024-Q2,jurajmajerik,32
PostHog/posthog,2024-Q2,fuziontech,8
PostHog/posthog,2024-Q2,frankh,60
PostHog/posthog,2024-Q2,_name:Phani Raj,5
PostHog/posthog,2024-Q2,timgl,32
PostHog/posthog,2024-Q2,tkaemming,17
PostHog/posthog,2024-Q2,neilkakkar,28
PostHog/posthog,2024-Q2,skoob13,1
PostHog/posthog,2024-Q2,tiina303,40
PostHog/posthog,2024-Q2,shawnlikescode,1
PostHog/posthog,2024-Q2,MarconLP,18
PostHog/posthog,2024-Q2,xrdt,34
PostHog/posthog,2024-Q2,bretthoerner,25
PostHog/posthog,2024-Q2,joethreepwood,5
PostHog/posthog,2024-Q2,xvello,35
PostHog/posthog,2024-Q2,Lior539,2
PostHog/posthog,2024-Q2,ivanagas,1
PostHog/posthog,2024-Q2,Phanatic,9
PostHog/posthog,2024-Q2,feedanal,6
PostHog/posthog,2024-Q2,marcj,1
PostHog/posthog,2024-Q2,slshults,3
PostHog/posthog,2024-Q2,matzexcom,1
PostHog/posthog,2024-Q2,mishushakov,1
PostHog/posthog,2024-Q2,abenezerBelachew,1
PostHog/posthog,2024-Q2,Pety99,1
PostHog/posthog,2024-Q2,kappa90,1
PostHog/posthog,2024-Q2,vsupalov,1
PostHog/posthog,2024-Q2,corywatilo,2
PostHog/posthog,2024-Q2,liyiy,1
PostHog/posthog,2024-Q2,danielxnj,1
PostHog/posthog,2024-Q2,aryanrawlani28,1
PostHog/posthog,2024-Q2,sjmiller609,1
PostHog/posthog,2024-Q2,jacobwgillespie,1
PostHog/posthog,2024-Q3,zlwaterfield,38
PostHog/posthog,2024-Q3,pauldambra,94
PostHog/posthog,2024-Q3,EDsCODE,54
PostHog/posthog,2024-Q3,jurajmajerik,39
PostHog/posthog,2024-Q3,oliverb123,54
PostHog/posthog,2024-Q3,Twixes,60
PostHog/posthog,2024-Q3,benjackwhite,142
PostHog/posthog,2024-Q3,tomasfarias,62
PostHog/posthog,2024-Q3,daibhin,77
PostHog/posthog,2024-Q3,posthog-bot,46
PostHog/posthog,2024-Q3,marandaneto,5
PostHog/posthog,2024-Q3,aspicer,29
PostHog/posthog,2024-Q3,patricio-posthog,1
PostHog/posthog,2024-Q3,tkaemming,12
PostHog/posthog,2024-Q3,mariusandra,65
PostHog/posthog,2024-Q3,timgl,16
PostHog/posthog,2024-Q3,dmarticus,37
PostHog/posthog,2024-Q3,_name:Phani Raj,16
PostHog/posthog,2024-Q3,Lior539,3
PostHog/posthog,2024-Q3,skoob13,45
PostHog/posthog,2024-Q3,raquelmsmith,28
PostHog/posthog,2024-Q3,Gilbert09,109
PostHog/posthog,2024-Q3,richard-better,4
PostHog/posthog,2024-Q3,robbie-c,58
PostHog/posthog,2024-Q3,anirudh24seven,2
PostHog/posthog,2024-Q3,webjunkie,39
PostHog/posthog,2024-Q3,xu20160924,1
PostHog/posthog,2024-Q3,abhi12299,2
PostHog/posthog,2024-Q3,MarconLP,23
PostHog/posthog,2024-Q3,neilkakkar,5
PostHog/posthog,2024-Q3,frankh,44
PostHog/posthog,2024-Q3,anirudhpillai,22
PostHog/posthog,2024-Q3,joethreepwood,2
PostHog/posthog,2024-Q3,Elvis339,1
PostHog/posthog,2024-Q3,AtiX,1
PostHog/posthog,2024-Q3,ctrl-alter-ego,3
PostHog/posthog,2024-Q3,bretthoerner,24
PostHog/posthog,2024-Q3,ghoti143,2
PostHog/posthog,2024-Q3,namit-chandwani,1
PostHog/posthog,2024-Q3,dependabot[bot],3
PostHog/posthog,2024-Q3,danielxnj,2
PostHog/posthog,2024-Q3,slshults,1
PostHog/posthog,2024-Q3,fuziontech,18
PostHog/posthog,2024-Q3,thmsobrmlr,52
PostHog/posthog,2024-Q3,Itsindigo,1
PostHog/posthog,2024-Q3,hirehamir,1
PostHog/posthog,2024-Q3,nikitaevg,3
PostHog/posthog,2024-Q3,silentninja,1
PostHog/posthog,2024-Q3,thisames,1
PostHog/posthog,2024-Q3,annapowellsmith,1
PostHog/posthog,2024-Q3,hel-lo7,1
PostHog/posthog,2024-Q3,derek-li,1
PostHog/posthog,2024-Q3,jspizziri,1
PostHog/posthog,2024-Q3,tiina303,11
PostHog/posthog,2024-Q3,camerondeleone,1
PostHog/posthog,2024-Q3,sumtzehern,1
PostHog/posthog,2024-Q3,xvello,7
PostHog/posthog,2024-Q3,corywatilo,1
PostHog/posthog,2024-Q4,EDsCODE,43
PostHog/posthog,2024-Q4,Gilbert09,91
PostHog/posthog,2024-Q4,Daesgar,7
PostHog/posthog,2024-Q4,tomasfarias,64
PostHog/posthog,2024-Q4,raquelmsmith,31
PostHog/posthog,2024-Q4,patricio-posthog,6
PostHog/posthog,2024-Q4,benjackwhite,56
PostHog/posthog,2024-Q4,jurajmajerik,33
PostHog/posthog,2024-Q4,robbie-c,23
PostHog/posthog,2024-Q4,rafaeelaudibert,30
PostHog/posthog,2024-Q4,danielbachhuber,62
PostHog/posthog,2024-Q4,anirudhpillai,27
PostHog/posthog,2024-Q4,rossgray,19
PostHog/posthog,2024-Q4,adamleithp,11
PostHog/posthog,2024-Q4,mariusandra,50
PostHog/posthog,2024-Q4,lucasheriques,1
PostHog/posthog,2024-Q4,pauldambra,132
PostHog/posthog,2024-Q4,skoob13,40
PostHog/posthog,2024-Q4,Twixes,69
PostHog/posthog,2024-Q4,posthog-bot,58
PostHog/posthog,2024-Q4,thmsobrmlr,18
PostHog/posthog,2024-Q4,andehen,11
PostHog/posthog,2024-Q4,k11kirky,3
PostHog/posthog,2024-Q4,marandaneto,11
PostHog/posthog,2024-Q4,simfish85,1
PostHog/posthog,2024-Q4,dependabot[bot],2
PostHog/posthog,2024-Q4,zlwaterfield,41
PostHog/posthog,2024-Q4,joethreepwood,5
PostHog/posthog,2024-Q4,orian,2
PostHog/posthog,2024-Q4,dmarticus,21
PostHog/posthog,2024-Q4,havenbarnes,23
PostHog/posthog,2024-Q4,aspicer,34
PostHog/posthog,2024-Q4,oliverb123,56
PostHog/posthog,2024-Q4,tkaemming,14
PostHog/posthog,2024-Q4,MarconLP,39
PostHog/posthog,2024-Q4,daibhin,61
PostHog/posthog,2024-Q4,timgl,19
PostHog/posthog,2024-Q4,_name:Phani Raj,25
PostHog/posthog,2024-Q4,Timur2915,1
PostHog/posthog,2024-Q4,surbhi-posthog,11
PostHog/posthog,2024-Q4,corywatilo,1
PostHog/posthog,2024-Q4,lcswillems,1
PostHog/posthog,2024-Q4,Aashw1n,4
PostHog/posthog,2024-Q4,bciaraldi,1
PostHog/posthog,2024-Q4,bijanbwb,1
PostHog/posthog,2024-Q4,fuziontech,13
PostHog/posthog,2024-Q4,ivanagas,1
PostHog/posthog,2024-Q4,hirehamir,2
PostHog/posthog,2024-Q4,richard-better,5
PostHog/posthog,2024-Q4,charlescook-ph,1
PostHog/posthog,2024-Q4,neilkakkar,13
PostHog/posthog,2024-Q4,xu20160924,2
PostHog/posthog,2024-Q4,ioannisj,2
PostHog/posthog,2024-Q4,danielxnj,2
PostHog/posthog,2024-Q4,_name:Mike Haggerty,1
PostHog/posthog,2024-Q4,daniloc,2
PostHog/posthog,2024-Q4,bretthoerner,4
PostHog/posthog,2024-Q4,kyleyannelli,1
PostHog/posthog,2024-Q4,abhi12299,3
PostHog/posthog,2025-Q1,orian,50
PostHog/posthog,2025-Q1,danielbachhuber,117
PostHog/posthog,2025-Q1,eli-r-ph,27
PostHog/posthog,2025-Q1,posthog-bot,68
PostHog/posthog,2025-Q1,andehen,35
PostHog/posthog,2025-Q1,hoppybunny,1
PostHog/posthog,2025-Q1,zlwaterfield,78
PostHog/posthog,2025-Q1,hpouillot,20
PostHog/posthog,2025-Q1,phixMe,43
PostHog/posthog,2025-Q1,MarconLP,32
PostHog/posthog,2025-Q1,Twixes,63
PostHog/posthog,2025-Q1,pl,54
PostHog/posthog,2025-Q1,adamleithp,50
PostHog/posthog,2025-Q1,EDsCODE,91
PostHog/posthog,2025-Q1,mariusandra,62
PostHog/posthog,2025-Q1,joshsny,72
PostHog/posthog,2025-Q1,frankh,15
PostHog/posthog,2025-Q1,tomasfarias,68
PostHog/posthog,2025-Q1,thmsobrmlr,45
PostHog/posthog,2025-Q1,daibhin,86
PostHog/posthog,2025-Q1,pauldambra,181
PostHog/posthog,2025-Q1,oliverb123,100
PostHog/posthog,2025-Q1,rafaeelaudibert,82
PostHog/posthog,2025-Q1,veryayskiy,42
PostHog/posthog,2025-Q1,rodrigoi,7
PostHog/posthog,2025-Q1,Gilbert09,143
PostHog/posthog,2025-Q1,lricoy,14
PostHog/posthog,2025-Q1,marandaneto,14
PostHog/posthog,2025-Q1,robbie-c,58
PostHog/posthog,2025-Q1,dmarticus,33
PostHog/posthog,2025-Q1,havenbarnes,38
PostHog/posthog,2025-Q1,k11kirky,38
PostHog/posthog,2025-Q1,Daesgar,31
PostHog/posthog,2025-Q1,tkaemming,31
PostHog/posthog,2025-Q1,aspicer,29
PostHog/posthog,2025-Q1,meikelmosby,62
PostHog/posthog,2025-Q1,lucasheriques,70
PostHog/posthog,2025-Q1,pawel-cebula,8
PostHog/posthog,2025-Q1,slshults,6
PostHog/posthog,2025-Q1,HamedMP,16
PostHog/posthog,2025-Q1,skoob13,53
PostHog/posthog,2025-Q1,rossgray,42
PostHog/posthog,2025-Q1,anirudhpillai,26
PostHog/posthog,2025-Q1,kappa90,1
PostHog/posthog,2025-Q1,patricio-posthog,13
PostHog/posthog,2025-Q1,timgl,45
PostHog/posthog,2025-Q1,sortafreel,1
PostHog/posthog,2025-Q1,aviramha,1
PostHog/posthog,2025-Q1,darkopia,4
PostHog/posthog,2025-Q1,haacked,20
PostHog/posthog,2025-Q1,danielxnj,4
PostHog/posthog,2025-Q1,benjackwhite,151
PostHog/posthog,2025-Q1,dependabot[bot],1
PostHog/posthog,2025-Q1,ordehi,1
PostHog/posthog,2025-Q1,jurajmajerik,38
PostHog/posthog,2025-Q1,Sriram-bk,11
PostHog/posthog,2025-Q1,abigailbramble,2
PostHog/posthog,2025-Q1,fuziontech,33
PostHog/posthog,2025-Q1,raquelmsmith,8
PostHog/posthog,2025-Q1,spaceemotion,1
PostHog/posthog,2025-Q1,Yiidiir,1
PostHog/posthog,2025-Q1,ivanagas,2
PostHog/posthog,2025-Q1,JacobLynch,1
PostHog/posthog,2025-Q1,cosmeoes,1
PostHog/posthog,2025-Q1,ioannisj,1
PostHog/posthog,2025-Q1,namit-chandwani,1
PostHog/posthog,2025-Q1,neilkakkar,3
PostHog/posthog,2025-Q1,luke-belton,1
PostHog/posthog,2025-Q1,nermalcat69,1
PostHog/posthog,2025-Q1,surbhi-posthog,6
PostHog/posthog,2025-Q1,kevin-secrist,1
PostHog/posthog,2025-Q1,mhornbacher,1
PostHog/posthog,2025-Q1,_name:Phani Raj,1
PostHog/posthog,2025-Q1,xu20160924,1
PostHog/posthog,2025-Q1,MatteoGauthier,1
PostHog/posthog,2025-Q1,daniloc,3
PostHog/posthog,2025-Q1,ayyjohn,1
PostHog/posthog,2025-Q2,nickbest-ph,27
PostHog/posthog,2025-Q2,naumaanh,3
PostHog/posthog,2025-Q2,robbie-c,39
PostHog/posthog,2025-Q2,haacked,44
PostHog/posthog,2025-Q2,posthog-bot,58
PostHog/posthog,2025-Q2,jabahamondes,29
PostHog/posthog,2025-Q2,nickatrecon,1
PostHog/posthog,2025-Q2,bciaraldi,1
PostHog/posthog,2025-Q2,jose-sequeira,44
PostHog/posthog,2025-Q2,pauldambra,162
PostHog/posthog,2025-Q2,veryayskiy,45
PostHog/posthog,2025-Q2,joshsny,74
PostHog/posthog,2025-Q2,EDsCODE,69
PostHog/posthog,2025-Q2,phixMe,39
PostHog/posthog,2025-Q2,Gilbert09,133
PostHog/posthog,2025-Q2,havenbarnes,28
PostHog/posthog,2025-Q2,joethreepwood,8
PostHog/posthog,2025-Q2,slshults,8
PostHog/posthog,2025-Q2,MarconLP,40
PostHog/posthog,2025-Q2,rodrigoi,41
PostHog/posthog,2025-Q2,Twixes,47
PostHog/posthog,2025-Q2,hirehamir,2
PostHog/posthog,2025-Q2,benjackwhite,111
PostHog/posthog,2025-Q2,daibhin,79
PostHog/posthog,2025-Q2,MichaelKutsch-ph,4
PostHog/posthog,2025-Q2,lshaowei18,4
PostHog/posthog,2025-Q2,mariusandra,119
PostHog/posthog,2025-Q2,aspicer,34
PostHog/posthog,2025-Q2,rafaeelaudibert,70
PostHog/posthog,2025-Q2,dmarticus,60
PostHog/posthog,2025-Q2,annaszell,1
PostHog/posthog,2025-Q2,rossgray,43
PostHog/posthog,2025-Q2,tomasfarias,55
PostHog/posthog,2025-Q2,pawel-cebula,32
PostHog/posthog,2025-Q2,timgl,29
PostHog/posthog,2025-Q2,adamleithp,90
PostHog/posthog,2025-Q2,orian,45
PostHog/posthog,2025-Q2,andyzzhao,21
PostHog/posthog,2025-Q2,eli-r-ph,65
PostHog/posthog,2025-Q2,k11kirky,23
PostHog/posthog,2025-Q2,rangoo94,1
PostHog/posthog,2025-Q2,yasen-posthog,18
PostHog/posthog,2025-Q2,andehen,50
PostHog/posthog,2025-Q2,pl,40
PostHog/posthog,2025-Q2,lricoy,81
PostHog/posthog,2025-Q2,nima-karimi,3
PostHog/posthog,2025-Q2,kappa90,19
PostHog/posthog,2025-Q2,oliverb123,73
PostHog/posthog,2025-Q2,anirudhpillai,29
PostHog/posthog,2025-Q2,frankh,43
PostHog/posthog,2025-Q2,arthurdedeus,2
PostHog/posthog,2025-Q2,edwinyjlim,5
PostHog/posthog,2025-Q2,chaitanyya,1
PostHog/posthog,2025-Q2,zlwaterfield,56
PostHog/posthog,2025-Q2,sortafreel,22
PostHog/posthog,2025-Q2,hpouillot,47
PostHog/posthog,2025-Q2,thmsobrmlr,50
PostHog/posthog,2025-Q2,jurajmajerik,32
PostHog/posthog,2025-Q2,lucasheriques,61
PostHog/posthog,2025-Q2,ordehi,11
PostHog/posthog,2025-Q2,luke-belton,9
PostHog/posthog,2025-Q2,dependabot[bot],4
PostHog/posthog,2025-Q2,mcharawi,2
PostHog/posthog,2025-Q2,marandaneto,4
PostHog/posthog,2025-Q2,skoob13,23
PostHog/posthog,2025-Q2,daniloc,1
PostHog/posthog,2025-Q2,meikelmosby,40
PostHog/posthog,2025-Q2,patricio-posthog,4
PostHog/posthog,2025-Q2,abheek9,1
PostHog/posthog,2025-Q2,fuziontech,11
PostHog/posthog,2025-Q2,austinkelleher,1
PostHog/posthog,2025-Q2,tkaemming,16
PostHog/posthog,2025-Q2,raquelmsmith,6
PostHog/posthog,2025-Q2,sevilgurkan,1
PostHog/posthog,2025-Q2,ivanagas,3
PostHog/posthog,2025-Q2,gewenyu99,2
PostHog/posthog,2025-Q2,Daesgar,21
PostHog/posthog,2025-Q2,ioannisj,2
PostHog/posthog,2025-Q2,jamestalmage,2
PostHog/posthog,2025-Q2,abigailbramble,1
PostHog/posthog,2025-Q2,movy,1
PostHog/posthog,2025-Q2,mcampa,1
PostHog/posthog,2025-Q2,moon0326,2
PostHog/posthog,2025-Q2,hoppybunny,5
PostHog/posthog,2025-Q2,camerondeleone,1
PostHog/posthog,2025-Q2,0xHericles,2
PostHog/posthog,2025-Q2,danielbachhuber,32
PostHog/posthog,2025-Q2,Sriram-bk,1
PostHog/posthog,2025-Q2,adasq,1
PostHog/posthog,2025-Q3,lshaowei18,59
PostHog/posthog,2025-Q3,eli-r-ph,59
PostHog/posthog,2025-Q3,robbie-c,45
PostHog/posthog,2025-Q3,TueHaulund,25
PostHog/posthog,2025-Q3,sakce,13
PostHog/posthog,2025-Q3,orian,58
PostHog/posthog,2025-Q3,pauldambra,185
PostHog/posthog,2025-Q3,zlwaterfield,64
PostHog/posthog,2025-Q3,joshsny,44
PostHog/posthog,2025-Q3,hpouillot,40
PostHog/posthog,2025-Q3,rodrigoi,33
PostHog/posthog,2025-Q3,rafaeelaudibert,93
PostHog/posthog,2025-Q3,arthurdedeus,54
PostHog/posthog,2025-Q3,dmarticus,28
PostHog/posthog,2025-Q3,veryayskiy,59
PostHog/posthog,2025-Q3,mariusandra,85
PostHog/posthog,2025-Q3,andehen,68
PostHog/posthog,2025-Q3,posthog-bot,41
PostHog/posthog,2025-Q3,benjackwhite,140
PostHog/posthog,2025-Q3,tomasfarias,67
PostHog/posthog,2025-Q3,fuziontech,24
PostHog/posthog,2025-Q3,webjunkie,7
PostHog/posthog,2025-Q3,Radu-Raicea,30
PostHog/posthog,2025-Q3,pl,47
PostHog/posthog,2025-Q3,meikelmosby,88
PostHog/posthog,2025-Q3,Daesgar,30
PostHog/posthog,2025-Q3,dependabot[bot],4
PostHog/posthog,2025-Q3,ablaszkiewicz,10
PostHog/posthog,2025-Q3,yasen-posthog,55
PostHog/posthog,2025-Q3,aspicer,45
PostHog/posthog,2025-Q3,raquelmsmith,2
PostHog/posthog,2025-Q3,EDsCODE,56
PostHog/posthog,2025-Q3,haacked,57
PostHog/posthog,2025-Q3,havenbarnes,34
PostHog/posthog,2025-Q3,adamleithp,92
PostHog/posthog,2025-Q3,gustavohstrassburger,10
PostHog/posthog,2025-Q3,luke-belton,5
PostHog/posthog,2025-Q3,jurajmajerik,50
PostHog/posthog,2025-Q3,skoob13,55
PostHog/posthog,2025-Q3,mcoll-posthog,3
PostHog/posthog,2025-Q3,lucasheriques,46
PostHog/posthog,2025-Q3,bjornosal,1
PostHog/posthog,2025-Q3,andyzzhao,52
PostHog/posthog,2025-Q3,Piccirello,43
PostHog/posthog,2025-Q3,Gilbert09,125
PostHog/posthog,2025-Q3,gesh,5
PostHog/posthog,2025-Q3,jabahamondes,59
PostHog/posthog,2025-Q3,simonepizzamiglio,1
PostHog/posthog,2025-Q3,yazan-abu-obaideh,3
PostHog/posthog,2025-Q3,rossgray,29
PostHog/posthog,2025-Q3,nickbest-ph,41
PostHog/posthog,2025-Q3,lricoy,70
PostHog/posthog,2025-Q3,denakorita,27
PostHog/posthog,2025-Q3,dustinbyrne,2
PostHog/posthog,2025-Q3,oliverb123,24
PostHog/posthog,2025-Q3,anirudhpillai,19
PostHog/posthog,2025-Q3,mircoboettcher,1
PostHog/posthog,2025-Q3,jonathanlab,21
PostHog/posthog,2025-Q3,MarconLP,59
PostHog/posthog,2025-Q3,pawel-cebula,40
PostHog/posthog,2025-Q3,carlos-marchal-ph,12
PostHog/posthog,2025-Q3,MichaelKutsch-ph,7
PostHog/posthog,2025-Q3,ordehi,13
PostHog/posthog,2025-Q3,k11kirky,18
PostHog/posthog,2025-Q3,a-lider,22
PostHog/posthog,2025-Q3,kappa90,31
PostHog/posthog,2025-Q3,tatoalo,25
PostHog/posthog,2025-Q3,marandaneto,21
PostHog/posthog,2025-Q3,Twixes,63
PostHog/posthog,2025-Q3,thmsobrmlr,64
PostHog/posthog,2025-Q3,daibhin,68
PostHog/posthog,2025-Q3,joethreepwood,4
PostHog/posthog,2025-Q3,frankh,12
PostHog/posthog,2025-Q3,jose-sequeira,73
PostHog/posthog,2025-Q3,sortafreel,25
PostHog/posthog,2025-Q3,bowyern,1
PostHog/posthog,2025-Q3,vdekrijger,2
PostHog/posthog,2025-Q3,bciaraldi,4
PostHog/posthog,2025-Q3,Olexandr88,1
PostHog/posthog,2025-Q3,nima-karimi,37
PostHog/posthog,2025-Q3,smallbrownbike,1
PostHog/posthog,2025-Q3,darkopia,3
PostHog/posthog,2025-Q3,gwoliveira,1
PostHog/posthog,2025-Q3,haliloncen,1
PostHog/posthog,2025-Q3,ioannisj,3
PostHog/posthog,2025-Q3,zip-fa,2
PostHog/posthog,2025-Q3,SavelevMatthew,1
PostHog/posthog,2025-Q3,naumaanh,15
PostHog/posthog,2025-Q3,gewenyu99,1
PostHog/posthog,2025-Q3,slshults,8
PostHog/posthog,2025-Q3,joeperpetua,1
PostHog/posthog,2025-Q3,patricio-posthog,2
PostHog/posthog,2025-Q3,sainivikas,1
PostHog/posthog,2025-Q3,clr182,1
PostHog/posthog,2025-Q3,daniloc,1
PostHog/posthog,2025-Q3,augustoschnorr,1
PostHog/posthog,2025-Q3,edwinyjlim,9
PostHog/posthog,2025-Q3,corywatilo,1
PostHog/posthog,2025-Q3,phixMe,12
PostHog/posthog,2025-Q3,chaitanyya,1
PostHog/posthog,2025-Q3,gaurava05,1
PostHog/posthog,2025-Q3,yagodorea,1
PostHog/posthog,2025-Q3,hirehamir,1
PostHog/posthog,2025-Q3,nehaaprasad,1
PostHog/posthog,2025-Q3,gordbegli,1
PostHog/posthog,2025-Q3,djabif,1
PostHog/posthog,2025-Q3,tkaemming,1
PostHog/posthog,2025-Q4,rafaeelaudibert,137
PostHog/posthog,2025-Q4,bciaraldi,1
PostHog/posthog,2025-Q4,gustavohstrassburger,57
PostHog/posthog,2025-Q4,pauldambra,179
PostHog/posthog,2025-Q4,ordehi,20
PostHog/posthog,2025-Q4,andyzzhao,40
PostHog/posthog,2025-Q4,jurajmajerik,88
PostHog/posthog,2025-Q4,andehen,49
PostHog/posthog,2025-Q4,vdekrijger,19
PostHog/posthog,2025-Q4,fasyy612,6
PostHog/posthog,2025-Q4,pl,47
PostHog/posthog,2025-Q4,adamleithp,73
PostHog/posthog,2025-Q4,eli-r-ph,51
PostHog/posthog,2025-Q4,haacked,87
PostHog/posthog,2025-Q4,EDsCODE,42
PostHog/posthog,2025-Q4,jonmcwest,60
PostHog/posthog,2025-Q4,ablaszkiewicz,43
PostHog/posthog,2025-Q4,abheek9,2
PostHog/posthog,2025-Q4,clr182,7
PostHog/posthog,2025-Q4,jordanm-posthog,20
PostHog/posthog,2025-Q4,benjackwhite,38
PostHog/posthog,2025-Q4,estefaniarabadan,7
PostHog/posthog,2025-Q4,zhou-quickli,2
PostHog/posthog,2025-Q4,odin-posthog,15
PostHog/posthog,2025-Q4,anirudhpillai,12
PostHog/posthog,2025-Q4,hpouillot,56
PostHog/posthog,2025-Q4,KaranPradhan266,1
PostHog/posthog,2025-Q4,lshaowei18,40
PostHog/posthog,2025-Q4,havenbarnes,57
PostHog/posthog,2025-Q4,nickbest-ph,22
PostHog/posthog,2025-Q4,edwinyjlim,5
PostHog/posthog,2025-Q4,skoob13,55
PostHog/posthog,2025-Q4,jabahamondes,57
PostHog/posthog,2025-Q4,jose-sequeira,86
PostHog/posthog,2025-Q4,GauravBansal29,1
PostHog/posthog,2025-Q4,sakce,76
PostHog/posthog,2025-Q4,thmsobrmlr,54
PostHog/posthog,2025-Q4,carlosguso,1
PostHog/posthog,2025-Q4,pawel-cebula,27
PostHog/posthog,2025-Q4,meikelmosby,89
PostHog/posthog,2025-Q4,sortafreel,23
PostHog/posthog,2025-Q4,lricoy,43
PostHog/posthog,2025-Q4,darkopia,6
PostHog/posthog,2025-Q4,arthurdedeus,68
PostHog/posthog,2025-Q4,k11kirky,8
PostHog/posthog,2025-Q4,lucasheriques,23
PostHog/posthog,2025-Q4,adboio,73
PostHog/posthog,2025-Q4,ksvat,43
PostHog/posthog,2025-Q4,posthog-js-upgrader[bot],1
PostHog/posthog,2025-Q4,a-lider,29
PostHog/posthog,2025-Q4,joshsny,108
PostHog/posthog,2025-Q4,orian,50
PostHog/posthog,2025-Q4,charlesvien,3
PostHog/posthog,2025-Q4,Piccirello,41
PostHog/posthog,2025-Q4,TueHaulund,75
PostHog/posthog,2025-Q4,tatoalo,42
PostHog/posthog,2025-Q4,rodrigoi,51
PostHog/posthog,2025-Q4,tomasfarias,60
PostHog/posthog,2025-Q4,andrewm4894,48
PostHog/posthog,2025-Q4,webjunkie,137
PostHog/posthog,2025-Q4,ProCO-RPHopkins,2
PostHog/posthog,2025-Q4,oliverb123,65
PostHog/posthog,2025-Q4,yasen-posthog,41
PostHog/posthog,2025-Q4,andrewjmcgehee,43
PostHog/posthog,2025-Q4,dustinbyrne,28
PostHog/posthog,2025-Q4,jonathanlab,6
PostHog/posthog,2025-Q4,rossgray,50
PostHog/posthog,2025-Q4,luke-belton,24
PostHog/posthog,2025-Q4,MattBro,21
PostHog/posthog,2025-Q4,Radu-Raicea,27
PostHog/posthog,2025-Q4,carlos-marchal-ph,41
PostHog/posthog,2025-Q4,gesh,16
PostHog/posthog,2025-Q4,Twixes,55
PostHog/posthog,2025-Q4,bill-ph,11
PostHog/posthog,2025-Q4,posthog-bot,101
PostHog/posthog,2025-Q4,aspicer,17
PostHog/posthog,2025-Q4,frankh,61
PostHog/posthog,2025-Q4,daibhin,52
PostHog/posthog,2025-Q4,dmiska25,2
PostHog/posthog,2025-Q4,abigailbramble,3
PostHog/posthog,2025-Q4,Copilot,5
PostHog/posthog,2025-Q4,fuziontech,15
PostHog/posthog,2025-Q4,kappa90,45
PostHog/posthog,2025-Q4,ReeceJones,8
PostHog/posthog,2025-Q4,robbie-c,62
PostHog/posthog,2025-Q4,dmarticus,25
PostHog/posthog,2025-Q4,veryayskiy,43
PostHog/posthog,2025-Q4,daniloc,7
PostHog/posthog,2025-Q4,gewenyu99,13
PostHog/posthog,2025-Q4,zachstence,1
PostHog/posthog,2025-Q4,t--becker,1
PostHog/posthog,2025-Q4,MarconLP,5
PostHog/posthog,2025-Q4,mcoll-posthog,7
PostHog/posthog,2025-Q4,ioannisj,2
PostHog/posthog,2025-Q4,langesven,3
PostHog/posthog,2025-Q4,Daesgar,26
PostHog/posthog,2025-Q4,mariusandra,44
PostHog/posthog,2025-Q4,slshults,5
PostHog/posthog,2025-Q4,Gilbert09,83
PostHog/posthog,2025-Q4,timgl,2
PostHog/posthog,2025-Q4,marandaneto,20
PostHog/posthog,2025-Q4,annikaschmid,2
PostHog/posthog,2025-Q4,IchordeDionysos,1
PostHog/posthog,2025-Q4,Lukinoh,1
PostHog/posthog,2025-Q4,laurenschristian,1
PostHog/posthog,2025-Q4,cesarlopezt,1
PostHog/posthog,2025-Q4,yagodorea,1
PostHog/posthog,2025-Q4,fivestarspicy,2
PostHog/posthog,2025-Q4,raquelmsmith,2
PostHog/posthog,2025-Q4,nehaaprasad,1
PostHog/posthog,2025-Q4,onceamore,1
PostHog/posthog,2025-Q4,_name:Matt Brooker,5
PostHog/posthog,2025-Q4,ndaba1,1
PostHog/posthog,2025-Q4,danielxnj,1
PostHog/posthog,2025-Q4,fabschn,1
PostHog/posthog,2025-Q4,denakorita,7
PostHog/posthog,2025-Q4,joethreepwood,1
PostHog/posthog,2025-Q4,benedikt,1
PostHog/posthog,2025-Q4,yazan-abu-obaideh,1
PostHog/posthog,2025-Q4,zlwaterfield,6
PostHog/posthog,2025-Q4,SudeshHirave,1
PostHog/posthog,2025-Q4,accoilmj,1
PostHog/posthog,2025-Q4,emilburzo,1
Infisical/infisical,2023-Q1,Grraahaam,69
Infisical/infisical,2023-Q1,maidul98,356
Infisical/infisical,2023-Q1,dangtony98,235
Infisical/infisical,2023-Q1,snyk-bot,18
Infisical/infisical,2023-Q1,Aashish-Upadhyay-101,38
Infisical/infisical,2023-Q1,vmatsiiako,222
Infisical/infisical,2023-Q1,yoobato,1
Infisical/infisical,2023-Q1,akhilmhdh,46
Infisical/infisical,2023-Q1,xinity,1
Infisical/infisical,2023-Q1,jon4hz,22
Infisical/infisical,2023-Q1,simonemargio,1
Infisical/infisical,2023-Q1,jerriclynsjohn,3
Infisical/infisical,2023-Q1,Aqib-Rime,1
Infisical/infisical,2023-Q1,eltociear,2
Infisical/infisical,2023-Q1,ha-sante,1
Infisical/infisical,2023-Q1,_name:Jorge Teixeira,2
Infisical/infisical,2023-Q1,MatthewJohn,2
Infisical/infisical,2023-Q1,5h4k4r,1
Infisical/infisical,2023-Q1,caioluis,6
Infisical/infisical,2023-Q1,Neeraj138,3
Infisical/infisical,2023-Q1,alexdanilowicz,3
Infisical/infisical,2023-Q1,bngmnn,2
Infisical/infisical,2023-Q1,alisson-acioli,6
Infisical/infisical,2023-Q1,ImBIOS,1
Infisical/infisical,2023-Q1,umrak11,1
Infisical/infisical,2023-Q1,animeshdas2000,3
Infisical/infisical,2023-Q1,esau-morais,2
Infisical/infisical,2023-Q1,_name:Fernando Villarreal,2
Infisical/infisical,2023-Q1,HasanMansoor4,8
Infisical/infisical,2023-Q1,RashidUjang,1
Infisical/infisical,2023-Q1,kanhaiya38,1
Infisical/infisical,2023-Q1,mocherfaoui,3
Infisical/infisical,2023-Q1,KunalSin9h,3
Infisical/infisical,2023-Q1,nirga,1
Infisical/infisical,2023-Q1,dependabot[bot],2
Infisical/infisical,2023-Q1,kimcore,3
Infisical/infisical,2023-Q1,sanyamjain04,1
Infisical/infisical,2023-Q1,asheliahut,1
Infisical/infisical,2023-Q1,kmg7,1
Infisical/infisical,2023-Q1,franky47,1
Infisical/infisical,2023-Q1,samsbg,1
Infisical/infisical,2023-Q1,_name:Ashley Hutson,3
Infisical/infisical,2023-Q1,_name:Michel Wilhelm,2
Infisical/infisical,2023-Q1,devgabriellopes,20
Infisical/infisical,2023-Q1,cerrussell,2
Infisical/infisical,2023-Q1,JoaoVictor6,3
Infisical/infisical,2023-Q2,vmatsiiako,104
Infisical/infisical,2023-Q2,atimapreandrew,4
Infisical/infisical,2023-Q2,dangtony98,231
Infisical/infisical,2023-Q2,maidul98,252
Infisical/infisical,2023-Q2,akhilmhdh,35
Infisical/infisical,2023-Q2,quinton11,14
Infisical/infisical,2023-Q2,Stijn-Kuijper,10
Infisical/infisical,2023-Q2,khoa165,1
Infisical/infisical,2023-Q2,pgaijin66,1
Infisical/infisical,2023-Q2,Budhathoki356,1
Infisical/infisical,2023-Q2,mswider,1
Infisical/infisical,2023-Q2,Spelchure,2
Infisical/infisical,2023-Q2,sheensantoscapadngan,46
Infisical/infisical,2023-Q2,piyushchhabra,2
Infisical/infisical,2023-Q2,snyk-bot,34
Infisical/infisical,2023-Q2,parthvnp,1
Infisical/infisical,2023-Q2,PylotLight,2
Infisical/infisical,2023-Q2,seonggwonyoon,1
Infisical/infisical,2023-Q2,satyamgupta1495,4
Infisical/infisical,2023-Q2,Aashish-Upadhyay-101,2
Infisical/infisical,2023-Q2,Grraahaam,1
Infisical/infisical,2023-Q3,dangtony98,263
Infisical/infisical,2023-Q3,akhilmhdh,106
Infisical/infisical,2023-Q3,G3root,20
Infisical/infisical,2023-Q3,scomans,1
Infisical/infisical,2023-Q3,maidul98,255
Infisical/infisical,2023-Q3,vmatsiiako,106
Infisical/infisical,2023-Q3,snyk-bot,3
Infisical/infisical,2023-Q3,atimapreandrew,21
Infisical/infisical,2023-Q3,vwbusguy,2
Infisical/infisical,2023-Q3,_name:Serion Jeon,2
Infisical/infisical,2023-Q3,ragnarbull,34
Infisical/infisical,2023-Q3,xphyr,3
Infisical/infisical,2023-Q3,hcourdent,1
Infisical/infisical,2023-Q3,JanetEne,5
Infisical/infisical,2023-Q3,zenorocha,1
Infisical/infisical,2023-Q3,quinton11,1
Infisical/infisical,2023-Q3,MohamadTahir,2
Infisical/infisical,2023-Q3,jessebot,4
Infisical/infisical,2023-Q3,serin0837,1
Infisical/infisical,2023-Q3,RezaRahemtola,4
Infisical/infisical,2023-Q3,omahs,5
Infisical/infisical,2023-Q3,daninge,12
Infisical/infisical,2023-Q3,dhonigalteryx,1
Infisical/infisical,2023-Q3,EbenezerIgbinoba,7
Infisical/infisical,2023-Q3,447011,2
Infisical/infisical,2023-Q3,iamunnip,1
Infisical/infisical,2023-Q3,Killian-Smith,1
Infisical/infisical,2023-Q3,SreehariJayaraj,2
Infisical/infisical,2023-Q3,sheensantoscapadngan,9
Infisical/infisical,2023-Q3,_name:Gregorius Agung Narindra Aditantyo,2
Infisical/infisical,2023-Q3,hahnbeelee,1
Infisical/infisical,2023-Q3,JunedKhan101,3
Infisical/infisical,2023-Q3,jamesoyanna,1
Infisical/infisical,2023-Q3,_name:Akhil Mohan,1
Infisical/infisical,2023-Q3,afrieirham,12
Infisical/infisical,2023-Q3,sunilk4u,22
Infisical/infisical,2023-Q3,itssubhodiproy,1
Infisical/infisical,2023-Q3,ChukwunonsoFrank,11
Infisical/infisical,2023-Q3,chisom5,2
Infisical/infisical,2023-Q3,"_name:Kee, Zhen Wei",1
Infisical/infisical,2023-Q3,unkletayo,2
Infisical/infisical,2023-Q3,agoodman1999,2
Infisical/infisical,2023-Q3,raykeating,1
Infisical/infisical,2023-Q4,maidul98,185
Infisical/infisical,2023-Q4,rlaisqls,1
Infisical/infisical,2023-Q4,vmatsiiako,39
Infisical/infisical,2023-Q4,varonix0,70
Infisical/infisical,2023-Q4,dangtony98,172
Infisical/infisical,2023-Q4,akhilmhdh,51
Infisical/infisical,2023-Q4,snyk-bot,2
Infisical/infisical,2023-Q4,rawkode,1
Infisical/infisical,2023-Q4,ntimo,1
Infisical/infisical,2023-Q4,_name:Alex Birca,1
Infisical/infisical,2023-Q4,quinton11,2
Infisical/infisical,2023-Q4,Shraeyas,2
Infisical/infisical,2023-Q4,RezaRahemtola,1
Infisical/infisical,2023-Q4,shreyas-io,9
Infisical/infisical,2023-Q4,dependabot[bot],1
Infisical/infisical,2023-Q4,atimapreandrew,2
Infisical/infisical,2023-Q4,Tchoupinax,3
Infisical/infisical,2023-Q4,techemmy,3
Infisical/infisical,2023-Q4,jinsley8,1
Infisical/infisical,2023-Q4,_name:Ronit Panda,4
Infisical/infisical,2023-Q4,rtpa25,1
Infisical/infisical,2023-Q4,G3root,24
Infisical/infisical,2023-Q4,adelowo,2
Infisical/infisical,2023-Q4,Salman2301,1
Infisical/infisical,2023-Q4,ragnarbull,5
Infisical/infisical,2023-Q4,RobinTail,2
Infisical/infisical,2024-Q1,maidul98,488
Infisical/infisical,2024-Q1,varonix0,538
Infisical/infisical,2024-Q1,dangtony98,146
Infisical/infisical,2024-Q1,vmatsiiako,46
Infisical/infisical,2024-Q1,akhilmhdh,235
Infisical/infisical,2024-Q1,jacobwgillespie,1
Infisical/infisical,2024-Q1,redcubie,1
Infisical/infisical,2024-Q1,francodalmau,1
Infisical/infisical,2024-Q1,Salman2301,47
Infisical/infisical,2024-Q1,myapos,1
Infisical/infisical,2024-Q1,rhythmbhiwani,31
Infisical/infisical,2024-Q1,Grraahaam,5
Infisical/infisical,2024-Q1,snyk-bot,26
Infisical/infisical,2024-Q1,24601,1
Infisical/infisical,2024-Q1,Kiskadee-dev,1
Infisical/infisical,2024-Q1,nhedger,3
Infisical/infisical,2024-Q1,radhakrisri,1
Infisical/infisical,2024-Q1,Trugamr,2
Infisical/infisical,2024-Q1,Nithishvb,1
Infisical/infisical,2024-Q1,ruflair,1
Infisical/infisical,2024-Q1,abdulhakkeempa,2
Infisical/infisical,2024-Q1,quinton11,1
Infisical/infisical,2024-Q1,rpmccarter,1
Infisical/infisical,2024-Q1,Tchoupinax,1
Infisical/infisical,2024-Q1,gilesw,1
Infisical/infisical,2024-Q1,_name:Emilia,1
Infisical/infisical,2024-Q2,vmatsiiako,87
Infisical/infisical,2024-Q2,maidul98,375
Infisical/infisical,2024-Q2,varonix0,478
Infisical/infisical,2024-Q2,sheensantoscapadngan,307
Infisical/infisical,2024-Q2,akhilmhdh,185
Infisical/infisical,2024-Q2,dangtony98,225
Infisical/infisical,2024-Q2,invalid-email-address,19
Infisical/infisical,2024-Q2,handotdev,2
Infisical/infisical,2024-Q2,rtrompier,1
Infisical/infisical,2024-Q2,Grraahaam,5
Infisical/infisical,2024-Q2,supercoffee,1
Infisical/infisical,2024-Q2,ShubhamPalriwala,35
Infisical/infisical,2024-Q2,belikedeep,1
Infisical/infisical,2024-Q2,minuchi,2
Infisical/infisical,2024-Q2,srevinsaju,1
Infisical/infisical,2024-Q2,snyk-bot,4
Infisical/infisical,2024-Q2,cristobal-iahorro,1
Infisical/infisical,2024-Q2,justin1121,1
Infisical/infisical,2024-Q2,matthewaerose,1
Infisical/infisical,2024-Q2,alvaroReina,1
Infisical/infisical,2024-Q2,gzuidhof,1
Infisical/infisical,2024-Q2,JunedKhan101,3
Infisical/infisical,2024-Q2,juneeighteen,1
Infisical/infisical,2024-Q3,scott-ray-wilson,37
Infisical/infisical,2024-Q3,varonix0,449
Infisical/infisical,2024-Q3,meetcshah19,45
Infisical/infisical,2024-Q3,akhilmhdh,192
Infisical/infisical,2024-Q3,maidul98,275
Infisical/infisical,2024-Q3,sheensantoscapadngan,306
Infisical/infisical,2024-Q3,vmatsiiako,23
Infisical/infisical,2024-Q3,snyk-bot,2
Infisical/infisical,2024-Q3,_name:Scott Wilson,11
Infisical/infisical,2024-Q3,dangtony98,155
Infisical/infisical,2024-Q3,sanyarajan,1
Infisical/infisical,2024-Q3,srijan-paul,1
Infisical/infisical,2024-Q3,ThallesP,5
Infisical/infisical,2024-Q3,mukulpadwal,1
Infisical/infisical,2024-Q3,dthree,1
Infisical/infisical,2024-Q3,rhythmbhiwani,1
Infisical/infisical,2024-Q3,MohamadTahir,1
Infisical/infisical,2024-Q3,Ayush-Dutt-Sharma,3
Infisical/infisical,2024-Q3,LemmyMwaura,51
Infisical/infisical,2024-Q3,Vishvsalvi,1
Infisical/infisical,2024-Q3,GLEF1X,7
Infisical/infisical,2024-Q3,felixtrav,1
Infisical/infisical,2024-Q3,_name:Alfonso Hernandez,31
Infisical/infisical,2024-Q3,kasyap1234,3
Infisical/infisical,2024-Q3,DDDASHXD,1
Infisical/infisical,2024-Q3,dependabot[bot],4
Infisical/infisical,2024-Q3,fonsiheruz,1
Infisical/infisical,2024-Q3,invalid-email-address,1
Infisical/infisical,2024-Q4,sheensantoscapadngan,221
Infisical/infisical,2024-Q4,akhilmhdh,166
Infisical/infisical,2024-Q4,maidul98,192
Infisical/infisical,2024-Q4,vmatsiiako,38
Infisical/infisical,2024-Q4,dangtony98,53
Infisical/infisical,2024-Q4,mr-ssd,2
Infisical/infisical,2024-Q4,scott-ray-wilson,216
Infisical/infisical,2024-Q4,_name:Tuan Dang,2
Infisical/infisical,2024-Q4,varonix0,265
Infisical/infisical,2024-Q4,Pranav2612000,2
Infisical/infisical,2024-Q4,snyk-bot,1
Infisical/infisical,2024-Q4,muhammed-mamun,1
Infisical/infisical,2024-Q4,OmarMcAdam,23
Infisical/infisical,2024-Q4,ahamez,1
Infisical/infisical,2024-Q4,_name:mohammad riyaz,1
Infisical/infisical,2024-Q4,BnjmnZmmrmn,1
Infisical/infisical,2024-Q4,phamleduy04,1
Infisical/infisical,2024-Q4,artyom-p,1
Infisical/infisical,2024-Q4,G3root,3
Infisical/infisical,2024-Q4,felixhummel,1
Infisical/infisical,2024-Q4,cyberbohu,1
Infisical/infisical,2024-Q4,dependabot[bot],1
Infisical/infisical,2024-Q4,areifert,1
Infisical/infisical,2024-Q4,_name:Marc Mercer,4
Infisical/infisical,2024-Q4,mtariqsajid,1
Infisical/infisical,2024-Q4,nabilnalakath,1
Infisical/infisical,2024-Q4,dks333,1
Infisical/infisical,2024-Q4,AdityaGoyal1999,1
Infisical/infisical,2024-Q4,meetcshah19,15
Infisical/infisical,2025-Q1,varonix0,254
Infisical/infisical,2025-Q1,_name:DanielHougaard,1
Infisical/infisical,2025-Q1,carlosmonastyrski,140
Infisical/infisical,2025-Q1,maidul98,210
Infisical/infisical,2025-Q1,akhilmhdh,258
Infisical/infisical,2025-Q1,sheensantoscapadngan,195
Infisical/infisical,2025-Q1,dangtony98,4
Infisical/infisical,2025-Q1,_name:Tuan Dang,14
Infisical/infisical,2025-Q1,vmatsiiako,22
Infisical/infisical,2025-Q1,0xArshdeep,1
Infisical/infisical,2025-Q1,scott-ray-wilson,144
Infisical/infisical,2025-Q1,kanad13,1
Infisical/infisical,2025-Q1,mahyarmirrashed,38
Infisical/infisical,2025-Q1,akoullick1,4
Infisical/infisical,2025-Q1,thomas-infisical,7
Infisical/infisical,2025-Q1,snyk-bot,3
Infisical/infisical,2025-Q1,carlosvargas9103,1
Infisical/infisical,2025-Q1,nicogiard,1
Infisical/infisical,2025-Q1,Quintasan,1
Infisical/infisical,2025-Q1,_name:isaiahmartin847,3
Infisical/infisical,2025-Q1,xinbenlv,1
Infisical/infisical,2025-Q1,_name:Maidul Islam,1
Infisical/infisical,2025-Q1,max-infisical,1
Infisical/infisical,2025-Q2,scott-ray-wilson,217
Infisical/infisical,2025-Q2,varonix0,283
Infisical/infisical,2025-Q2,maidul98,208
Infisical/infisical,2025-Q2,sheensantoscapadngan,282
Infisical/infisical,2025-Q2,x032205,463
Infisical/infisical,2025-Q2,akhilmhdh,197
Infisical/infisical,2025-Q2,vmatsiiako,10
Infisical/infisical,2025-Q2,carlosmonastyrski,339
Infisical/infisical,2025-Q2,vespersio,1
Infisical/infisical,2025-Q2,_name:DanielHougaard,3
Infisical/infisical,2025-Q2,0xArshdeep,10
Infisical/infisical,2025-Q2,dangtony98,43
Infisical/infisical,2025-Q2,_name:Andrey Lyubavin,4
Infisical/infisical,2025-Q2,juhnny5,1
Infisical/infisical,2025-Q2,_name:Tuan Dang,27
Infisical/infisical,2025-Q2,thomas-infisical,1
Infisical/infisical,2025-Q2,invalid-email-address,1
Infisical/infisical,2025-Q3,ThallesP,7
Infisical/infisical,2025-Q3,varonix0,294
Infisical/infisical,2025-Q3,carlosmonastyrski,340
Infisical/infisical,2025-Q3,kahirokunn,1
Infisical/infisical,2025-Q3,x032205,308
Infisical/infisical,2025-Q3,scott-ray-wilson,265
Infisical/infisical,2025-Q3,akhilmhdh,162
Infisical/infisical,2025-Q3,maidul98,86
Infisical/infisical,2025-Q3,sheensantoscapadngan,115
Infisical/infisical,2025-Q3,vmatsiiako,9
Infisical/infisical,2025-Q3,Supsource,1
Infisical/infisical,2025-Q3,sidwebworks,53
Infisical/infisical,2025-Q3,_name:DanielHougaard,4
Infisical/infisical,2025-Q3,github-actions[bot],1
Infisical/infisical,2025-Q3,danielwaghorn,1
Infisical/infisical,2025-Q3,dangtony98,9
Infisical/infisical,2025-Q3,agabek-ov,1
Infisical/infisical,2025-Q3,0xArshdeep,3
Infisical/infisical,2025-Q3,JuliusMieliauskas,5
Infisical/infisical,2025-Q3,cyrgim,1
Infisical/infisical,2025-Q3,dcs-soni,2
Infisical/infisical,2025-Q3,_name:sidwebworks,7
Infisical/infisical,2025-Q3,_name:Carlos Monastyrski,3
Infisical/infisical,2025-Q4,dangtony98,55
Infisical/infisical,2025-Q4,varonix0,151
Infisical/infisical,2025-Q4,maidul98,32
Infisical/infisical,2025-Q4,akhilmhdh,125
Infisical/infisical,2025-Q4,_name:Victor Santos,168
Infisical/infisical,2025-Q4,x032205,293
Infisical/infisical,2025-Q4,carlosmonastyrski,260
Infisical/infisical,2025-Q4,scott-ray-wilson,162
Infisical/infisical,2025-Q4,sheensantoscapadngan,172
Infisical/infisical,2025-Q4,0xArshdeep,7
Infisical/infisical,2025-Q4,victorvhs017,30
Infisical/infisical,2025-Q4,fangpenlin,627
Infisical/infisical,2025-Q4,gupta-piyush19,341
Infisical/infisical,2025-Q4,Peter-Maguire,1
Infisical/infisical,2025-Q4,_name:Fang-Pen Lin,6
Infisical/infisical,2025-Q4,invalid-email-address,8
Infisical/infisical,2025-Q4,ashwin-infisical,7
Infisical/infisical,2025-Q4,ThallesP,1
Infisical/infisical,2025-Q4,dependabot[bot],1
dagger/dagger,2023-Q1,vikram-dagger,30
dagger/dagger,2023-Q1,cmdrrobin,1
dagger/dagger,2023-Q1,crjm,10
dagger/dagger,2023-Q1,renovate-bot,4
dagger/dagger,2023-Q1,dolanor,10
dagger/dagger,2023-Q1,dependabot[bot],87
dagger/dagger,2023-Q1,vito,21
dagger/dagger,2023-Q1,marcosnils,13
dagger/dagger,2023-Q1,sipsma,34
dagger/dagger,2023-Q1,kpenfound,18
dagger/dagger,2023-Q1,github-actions[bot],8
dagger/dagger,2023-Q1,TomChv,12
dagger/dagger,2023-Q1,shykes,1
dagger/dagger,2023-Q1,kjuulh,230
dagger/dagger,2023-Q1,_name:Andrea Luzzardi,10
dagger/dagger,2023-Q1,gerhard,9
dagger/dagger,2023-Q1,mircubed,2
dagger/dagger,2023-Q1,samalba,7
dagger/dagger,2023-Q1,helderco,24
dagger/dagger,2023-Q1,1nv1n,1
dagger/dagger,2023-Q1,LokeshN,3
dagger/dagger,2023-Q1,jpadams,2
dagger/dagger,2023-Q1,_name:Jffarge,13
dagger/dagger,2023-Q1,grouville,6
dagger/dagger,2023-Q1,_name:Joel Longtine,1
dagger/dagger,2023-Q1,rmodpur,1
dagger/dagger,2023-Q1,gmlewis,1
dagger/dagger,2023-Q1,laupse,1
dagger/dagger,2023-Q1,phroggyy,1
dagger/dagger,2023-Q1,d3rp3tt3,1
dagger/dagger,2023-Q1,myty,1
dagger/dagger,2023-Q1,benjaminstrasser,2
dagger/dagger,2023-Q2,jcsirot,5
dagger/dagger,2023-Q2,wingyplus,17
dagger/dagger,2023-Q2,helderco,31
dagger/dagger,2023-Q2,dependabot[bot],66
dagger/dagger,2023-Q2,gerhard,18
dagger/dagger,2023-Q2,sipsma,45
dagger/dagger,2023-Q2,marcosnils,7
dagger/dagger,2023-Q2,dogukanzorlu,1
dagger/dagger,2023-Q2,vito,37
dagger/dagger,2023-Q2,github-actions[bot],7
dagger/dagger,2023-Q2,TomChv,3
dagger/dagger,2023-Q2,d3rp3tt3,1
dagger/dagger,2023-Q2,crjm,1
dagger/dagger,2023-Q2,matiasinsaurralde,12
dagger/dagger,2023-Q2,KasonBraley,1
dagger/dagger,2023-Q2,_name:Joel Longtine,5
dagger/dagger,2023-Q2,vikram-dagger,34
dagger/dagger,2023-Q2,shykes,2
dagger/dagger,2023-Q2,jpadams,2
dagger/dagger,2023-Q2,Juneezee,1
dagger/dagger,2023-Q2,kjuulh,38
dagger/dagger,2023-Q2,grouville,12
dagger/dagger,2023-Q2,steverusso,2
dagger/dagger,2023-Q2,algestam,1
dagger/dagger,2023-Q2,thinkingerrol,1
dagger/dagger,2023-Q2,mircubed,1
dagger/dagger,2023-Q2,_name:Jffarge,2
dagger/dagger,2023-Q2,_name:Gerhard Lazu,4
dagger/dagger,2023-Q2,_name:Andrea Luzzardi,3
dagger/dagger,2023-Q2,busla,1
dagger/dagger,2023-Q2,dolanor,4
dagger/dagger,2023-Q2,kpenfound,1
dagger/dagger,2023-Q2,9spire,1
dagger/dagger,2023-Q3,vikram-dagger,33
dagger/dagger,2023-Q3,wingyplus,21
dagger/dagger,2023-Q3,jpadams,1
dagger/dagger,2023-Q3,jcsirot,23
dagger/dagger,2023-Q3,gerhard,34
dagger/dagger,2023-Q3,kpenfound,2
dagger/dagger,2023-Q3,jedevc,5
dagger/dagger,2023-Q3,sagikazarmark,1
dagger/dagger,2023-Q3,TomChv,14
dagger/dagger,2023-Q3,mattupstate,1
dagger/dagger,2023-Q3,helderco,27
dagger/dagger,2023-Q3,_name:Andrea Luzzardi,2
dagger/dagger,2023-Q3,testwill,1
dagger/dagger,2023-Q3,_name:Joel Longtine,3
dagger/dagger,2023-Q3,marcosnils,9
dagger/dagger,2023-Q3,github-actions[bot],10
dagger/dagger,2023-Q3,_name:Gerhard Lazu,9
dagger/dagger,2023-Q3,vbehar,3
dagger/dagger,2023-Q3,gmile,1
dagger/dagger,2023-Q3,dependabot[bot],40
dagger/dagger,2023-Q3,nabsul,2
dagger/dagger,2023-Q3,vito,9
dagger/dagger,2023-Q3,crjm,2
dagger/dagger,2023-Q3,grouville,7
dagger/dagger,2023-Q3,kjuulh,6
dagger/dagger,2023-Q3,shykes,2
dagger/dagger,2023-Q3,sipsma,22
dagger/dagger,2023-Q3,_name:Vikram Vaswani,4
dagger/dagger,2023-Q3,jkodroff,1
dagger/dagger,2023-Q3,jammutkarsh,1
dagger/dagger,2023-Q3,chncaption,1
dagger/dagger,2023-Q3,Pwirby,1
dagger/dagger,2023-Q3,daniellavoie,1
dagger/dagger,2023-Q4,jedevc,56
dagger/dagger,2023-Q4,shykes,4
dagger/dagger,2023-Q4,sipsma,53
dagger/dagger,2023-Q4,helderco,37
dagger/dagger,2023-Q4,zeroware,1
dagger/dagger,2023-Q4,TomChv,12
dagger/dagger,2023-Q4,sagikazarmark,3
dagger/dagger,2023-Q4,marcosnils,6
dagger/dagger,2023-Q4,grouville,1
dagger/dagger,2023-Q4,vito,10
dagger/dagger,2023-Q4,vikram-dagger,24
dagger/dagger,2023-Q4,jpadams,3
dagger/dagger,2023-Q4,github-actions[bot],6
dagger/dagger,2023-Q4,gerhard,13
dagger/dagger,2023-Q4,chrira,2
dagger/dagger,2023-Q4,kjuulh,3
dagger/dagger,2023-Q4,mircubed,1
dagger/dagger,2023-Q4,schlapzz,1
dagger/dagger,2023-Q4,Juneezee,1
dagger/dagger,2023-Q4,jcsirot,7
dagger/dagger,2023-Q4,wingyplus,6
dagger/dagger,2023-Q4,matiasinsaurralde,7
dagger/dagger,2023-Q4,crjm,3
dagger/dagger,2023-Q4,dependabot[bot],21
dagger/dagger,2023-Q4,_name:Jffarge,1
dagger/dagger,2023-Q4,akin-ozer,1
dagger/dagger,2023-Q4,kpenfound,4
dagger/dagger,2023-Q4,aweris,1
dagger/dagger,2023-Q4,KGB33,1
dagger/dagger,2023-Q4,jammutkarsh,1
dagger/dagger,2024-Q1,vikram-dagger,44
dagger/dagger,2024-Q1,kjuulh,4
dagger/dagger,2024-Q1,jedevc,113
dagger/dagger,2024-Q1,benjaminstrasser,3
dagger/dagger,2024-Q1,wingyplus,8
dagger/dagger,2024-Q1,TomChv,23
dagger/dagger,2024-Q1,github-actions[bot],9
dagger/dagger,2024-Q1,lind,1
dagger/dagger,2024-Q1,sipsma,42
dagger/dagger,2024-Q1,adrien-fichet,1
dagger/dagger,2024-Q1,helderco,27
dagger/dagger,2024-Q1,veryyet,1
dagger/dagger,2024-Q1,kerlos,1
dagger/dagger,2024-Q1,smolinari,1
dagger/dagger,2024-Q1,_name:Jffarge,2
dagger/dagger,2024-Q1,ztzxt,1
dagger/dagger,2024-Q1,d3rp3tt3,2
dagger/dagger,2024-Q1,gerhard,10
dagger/dagger,2024-Q1,_name:Lev Lazinskiy,1
dagger/dagger,2024-Q1,kpenfound,4
dagger/dagger,2024-Q1,shykes,6
dagger/dagger,2024-Q1,bjornin,1
dagger/dagger,2024-Q1,levlaz,3
dagger/dagger,2024-Q1,marcosnils,5
dagger/dagger,2024-Q1,crjm,1
dagger/dagger,2024-Q1,dependabot[bot],26
dagger/dagger,2024-Q1,chrira,4
dagger/dagger,2024-Q1,ckd,1
dagger/dagger,2024-Q1,jpadams,3
dagger/dagger,2024-Q1,vito,118
dagger/dagger,2024-Q1,jpnauta,1
dagger/dagger,2024-Q1,tomasmota,1
dagger/dagger,2024-Q1,grouville,1
dagger/dagger,2024-Q1,remyleone,1
dagger/dagger,2024-Q1,jdhaines,1
dagger/dagger,2024-Q1,_name:Manuel Leonhardt,1
dagger/dagger,2024-Q1,migmartri,1
dagger/dagger,2024-Q1,bradhanks,1
dagger/dagger,2024-Q1,KGB33,1
dagger/dagger,2024-Q1,zeroware,2
dagger/dagger,2024-Q1,Juneezee,1
dagger/dagger,2024-Q2,kjuulh,4
dagger/dagger,2024-Q2,helderco,30
dagger/dagger,2024-Q2,shykes,4
dagger/dagger,2024-Q2,egladman,1
dagger/dagger,2024-Q2,jedevc,132
dagger/dagger,2024-Q2,vikram-dagger,49
dagger/dagger,2024-Q2,marcosnils,13
dagger/dagger,2024-Q2,_name:Andrea Luzzardi,6
dagger/dagger,2024-Q2,sipsma,58
dagger/dagger,2024-Q2,vito,22
dagger/dagger,2024-Q2,TomChv,21
dagger/dagger,2024-Q2,dependabot[bot],17
dagger/dagger,2024-Q2,github-actions[bot],9
dagger/dagger,2024-Q2,KGB33,2
dagger/dagger,2024-Q2,gerhard,6
dagger/dagger,2024-Q2,wingyplus,17
dagger/dagger,2024-Q2,matipan,5
dagger/dagger,2024-Q2,jpadams,1
dagger/dagger,2024-Q2,FlrnFrmm,1
dagger/dagger,2024-Q2,pjmagee,3
dagger/dagger,2024-Q2,grouville,24
dagger/dagger,2024-Q2,angrybat,1
dagger/dagger,2024-Q2,samalba,2
dagger/dagger,2024-Q2,kpenfound,5
dagger/dagger,2024-Q2,_name:Lev Lazinskiy,6
dagger/dagger,2024-Q2,mircubed,2
dagger/dagger,2024-Q2,yibble,1
dagger/dagger,2024-Q2,polofgrs,2
dagger/dagger,2024-Q2,iximiuz,1
dagger/dagger,2024-Q2,mykiwi,1
dagger/dagger,2024-Q2,0xbochi,1
dagger/dagger,2024-Q2,amouat,2
dagger/dagger,2024-Q2,testwill,1
dagger/dagger,2024-Q2,lukemarsden,1
dagger/dagger,2024-Q2,arthur-leclerc,1
dagger/dagger,2024-Q2,sagikazarmark,1
dagger/dagger,2024-Q2,Excoriate,1
dagger/dagger,2024-Q2,esafak,1
dagger/dagger,2024-Q2,alingse,1
dagger/dagger,2024-Q2,fuyangpengqi,1
dagger/dagger,2024-Q2,_name:Jffarge,1
dagger/dagger,2024-Q2,sourishkrout,1
dagger/dagger,2024-Q2,morlay,1
dagger/dagger,2024-Q2,verytrap,1
dagger/dagger,2024-Q2,d3rp3tt3,1
dagger/dagger,2024-Q2,yann-soubeyrand,1
dagger/dagger,2024-Q2,levlaz,1
dagger/dagger,2024-Q2,purpleclay,1
dagger/dagger,2024-Q3,dependabot[bot],6
dagger/dagger,2024-Q3,marcosnils,19
dagger/dagger,2024-Q3,jedevc,127
dagger/dagger,2024-Q3,shykes,21
dagger/dagger,2024-Q3,vikram-dagger,24
dagger/dagger,2024-Q3,helderco,47
dagger/dagger,2024-Q3,grouville,18
dagger/dagger,2024-Q3,charjr,9
dagger/dagger,2024-Q3,TomChv,31
dagger/dagger,2024-Q3,sipsma,39
dagger/dagger,2024-Q3,ClifHouck,1
dagger/dagger,2024-Q3,wingyplus,27
dagger/dagger,2024-Q3,carnage,2
dagger/dagger,2024-Q3,vito,34
dagger/dagger,2024-Q3,joeshaw,1
dagger/dagger,2024-Q3,_name:Andrea Luzzardi,9
dagger/dagger,2024-Q3,rajatjindal,7
dagger/dagger,2024-Q3,gerhard,12
dagger/dagger,2024-Q3,neutronth,1
dagger/dagger,2024-Q3,samalba,2
dagger/dagger,2024-Q3,mircubed,8
dagger/dagger,2024-Q3,apelletant,1
dagger/dagger,2024-Q3,matipan,5
dagger/dagger,2024-Q3,jpadams,8
dagger/dagger,2024-Q3,lvstb,1
dagger/dagger,2024-Q3,vmaffet,1
dagger/dagger,2024-Q3,dagger-ci,2
dagger/dagger,2024-Q3,cwlbraa,1
dagger/dagger,2024-Q3,Neelajacques,1
dagger/dagger,2024-Q3,_name:Lev Lazinskiy,6
dagger/dagger,2024-Q3,stellrust,1
dagger/dagger,2024-Q3,sourishkrout,1
dagger/dagger,2024-Q3,crjm,1
dagger/dagger,2024-Q3,michaeljohnalbers,2
dagger/dagger,2024-Q3,kjuulh,1
dagger/dagger,2024-Q4,dependabot[bot],32
dagger/dagger,2024-Q4,gerhard,17
dagger/dagger,2024-Q4,matipan,1
dagger/dagger,2024-Q4,jedevc,90
dagger/dagger,2024-Q4,helderco,54
dagger/dagger,2024-Q4,wingyplus,13
dagger/dagger,2024-Q4,vikram-dagger,41
dagger/dagger,2024-Q4,samalba,2
dagger/dagger,2024-Q4,TomChv,10
dagger/dagger,2024-Q4,clintonsteiner,1
dagger/dagger,2024-Q4,cwlbraa,18
dagger/dagger,2024-Q4,jpadams,2
dagger/dagger,2024-Q4,sipsma,38
dagger/dagger,2024-Q4,marcosnils,8
dagger/dagger,2024-Q4,devin-ai-integration[bot],2
dagger/dagger,2024-Q4,rajatjindal,5
dagger/dagger,2024-Q4,shykes,21
dagger/dagger,2024-Q4,vito,12
dagger/dagger,2024-Q4,kpenfound,3
dagger/dagger,2024-Q4,grouville,7
dagger/dagger,2024-Q4,dvdksn,1
dagger/dagger,2024-Q4,binchengqu,1
dagger/dagger,2024-Q4,ChrisChinchilla,1
dagger/dagger,2024-Q4,gmile,1
dagger/dagger,2024-Q4,_name:Lev Lazinskiy,1
dagger/dagger,2024-Q4,bdols,1
dagger/dagger,2024-Q4,charjr,1
dagger/dagger,2024-Q4,mcruzdev,1
dagger/dagger,2024-Q4,sagikazarmark,1
dagger/dagger,2024-Q4,chuangjinglu,1
dagger/dagger,2024-Q4,_name:Andrea Luzzardi,1
dagger/dagger,2025-Q1,vikram-dagger,52
dagger/dagger,2025-Q1,kpenfound,12
dagger/dagger,2025-Q1,sipsma,31
dagger/dagger,2025-Q1,helderco,30
dagger/dagger,2025-Q1,rajatjindal,7
dagger/dagger,2025-Q1,dependabot[bot],34
dagger/dagger,2025-Q1,jedevc,91
dagger/dagger,2025-Q1,eunomie,28
dagger/dagger,2025-Q1,vito,24
dagger/dagger,2025-Q1,tiborvass,2
dagger/dagger,2025-Q1,cwlbraa,12
dagger/dagger,2025-Q1,shykes,11
dagger/dagger,2025-Q1,sagikazarmark,2
dagger/dagger,2025-Q1,wingyplus,13
dagger/dagger,2025-Q1,charjr,24
dagger/dagger,2025-Q1,TomChv,18
dagger/dagger,2025-Q1,crjm,2
dagger/dagger,2025-Q1,jasonmccallister,20
dagger/dagger,2025-Q1,gerhard,10
dagger/dagger,2025-Q1,mdevilliers,1
dagger/dagger,2025-Q1,jholm117,2
dagger/dagger,2025-Q1,clintonsteiner,3
dagger/dagger,2025-Q1,gkogan,1
dagger/dagger,2025-Q1,_name:Lev Lazinskiy,2
dagger/dagger,2025-Q1,joshmeads,1
dagger/dagger,2025-Q1,marcosnils,9
dagger/dagger,2025-Q1,jpadams,21
dagger/dagger,2025-Q1,Juneezee,2
dagger/dagger,2025-Q1,vmaffet,3
dagger/dagger,2025-Q1,mircubed,5
dagger/dagger,2025-Q1,eltociear,1
dagger/dagger,2025-Q1,b4nst,1
dagger/dagger,2025-Q1,fuyangpengqi,1
dagger/dagger,2025-Q1,carnage,1
dagger/dagger,2025-Q1,rrjjvv,1
dagger/dagger,2025-Q1,jcsirot,3
dagger/dagger,2025-Q1,_name:Andrea Luzzardi,1
dagger/dagger,2025-Q1,lencap,1
dagger/dagger,2025-Q1,damuzhi0810,1
dagger/dagger,2025-Q1,matipan,1
dagger/dagger,2025-Q1,arendjantetteroo,1
dagger/dagger,2025-Q1,pjmagee,1
dagger/dagger,2025-Q1,thommahoney,1
dagger/dagger,2025-Q1,JacobLey,1
dagger/dagger,2025-Q2,jpadams,11
dagger/dagger,2025-Q2,jedevc,77
dagger/dagger,2025-Q2,sipsma,43
dagger/dagger,2025-Q2,dependabot[bot],36
dagger/dagger,2025-Q2,_name:Lev Lazinskiy,1
dagger/dagger,2025-Q2,gerhard,10
dagger/dagger,2025-Q2,vito,40
dagger/dagger,2025-Q2,jasonmccallister,10
dagger/dagger,2025-Q2,helderco,19
dagger/dagger,2025-Q2,skycaptain,2
dagger/dagger,2025-Q2,robertonav20,1
dagger/dagger,2025-Q2,clintonsteiner,1
dagger/dagger,2025-Q2,vikram-dagger,39
dagger/dagger,2025-Q2,TomChv,15
dagger/dagger,2025-Q2,marcosnils,11
dagger/dagger,2025-Q2,alexcb,2
dagger/dagger,2025-Q2,wingyplus,14
dagger/dagger,2025-Q2,eunomie,4
dagger/dagger,2025-Q2,Nero-F,2
dagger/dagger,2025-Q2,joshprice,1
dagger/dagger,2025-Q2,kpenfound,9
dagger/dagger,2025-Q2,matipan,2
dagger/dagger,2025-Q2,charjr,1
dagger/dagger,2025-Q2,cwlbraa,7
dagger/dagger,2025-Q2,fidencio,3
dagger/dagger,2025-Q2,cuinix,1
dagger/dagger,2025-Q2,Hisoka-X,1
dagger/dagger,2025-Q2,tiborvass,5
dagger/dagger,2025-Q2,rawkode,1
dagger/dagger,2025-Q2,bleggett,1
dagger/dagger,2025-Q2,shykes,6
dagger/dagger,2025-Q2,vmaffet,1
dagger/dagger,2025-Q2,michaeljones,1
dagger/dagger,2025-Q2,jahands,1
dagger/dagger,2025-Q2,_name:Andrea Luzzardi,1
dagger/dagger,2025-Q2,vieitesss,1
dagger/dagger,2025-Q2,fivecut,1
dagger/dagger,2025-Q2,pjmagee,3
dagger/dagger,2025-Q2,riyueguang,1
dagger/dagger,2025-Q2,Namithesh,1
dagger/dagger,2025-Q2,rajatjindal,1
dagger/dagger,2025-Q2,oerd,1
dagger/dagger,2025-Q2,grouville,7
dagger/dagger,2025-Q2,kasattejaswi,1
dagger/dagger,2025-Q2,sagikazarmark,1
dagger/dagger,2025-Q2,lamalex,1
dagger/dagger,2025-Q2,aweris,1
dagger/dagger,2025-Q2,xixishidibei,1
dagger/dagger,2025-Q3,tiborvass,1
dagger/dagger,2025-Q3,dependabot[bot],25
dagger/dagger,2025-Q3,vito,24
dagger/dagger,2025-Q3,matipan,7
dagger/dagger,2025-Q3,vikram-dagger,16
dagger/dagger,2025-Q3,jedevc,106
dagger/dagger,2025-Q3,Neirda24,2
dagger/dagger,2025-Q3,charjr,6
dagger/dagger,2025-Q3,shykes,13
dagger/dagger,2025-Q3,kpenfound,7
dagger/dagger,2025-Q3,marcosnils,8
dagger/dagger,2025-Q3,grouville,7
dagger/dagger,2025-Q3,eunomie,3
dagger/dagger,2025-Q3,sipsma,22
dagger/dagger,2025-Q3,TomChv,12
dagger/dagger,2025-Q3,Haavasma,2
dagger/dagger,2025-Q3,jsoref,2
dagger/dagger,2025-Q3,jasonmccallister,6
dagger/dagger,2025-Q3,helderco,9
dagger/dagger,2025-Q3,alexcb,18
dagger/dagger,2025-Q3,Nero-F,1
dagger/dagger,2025-Q3,joedanz,1
dagger/dagger,2025-Q3,jpadams,2
dagger/dagger,2025-Q3,zoupingshi,1
dagger/dagger,2025-Q3,wingyplus,3
dagger/dagger,2025-Q3,Ben-Ackerman,1
dagger/dagger,2025-Q3,wcazbca,1
dagger/dagger,2025-Q3,fixeasy,1
dagger/dagger,2025-Q3,gittvson,1
dagger/dagger,2025-Q3,mircubed,1
dagger/dagger,2025-Q3,gerhard,1
dagger/dagger,2025-Q4,vito,26
dagger/dagger,2025-Q4,grouville,16
dagger/dagger,2025-Q4,idlsoft,1
dagger/dagger,2025-Q4,sipsma,50
dagger/dagger,2025-Q4,marcosnils,23
dagger/dagger,2025-Q4,dependabot[bot],43
dagger/dagger,2025-Q4,hugginsio,1
dagger/dagger,2025-Q4,eunomie,14
dagger/dagger,2025-Q4,TomChv,17
dagger/dagger,2025-Q4,kpenfound,7
dagger/dagger,2025-Q4,shykes,23
dagger/dagger,2025-Q4,jedevc,25
dagger/dagger,2025-Q4,alexcb,11
dagger/dagger,2025-Q4,tohosaku,1
dagger/dagger,2025-Q4,sleiner-v,3
dagger/dagger,2025-Q4,Nero-F,1
dagger/dagger,2025-Q4,vmaffet,1
dagger/dagger,2025-Q4,black5box,1
dagger/dagger,2025-Q4,tiborvass,4
dagger/dagger,2025-Q4,nilune,2
dagger/dagger,2025-Q4,suprjinx,3
dagger/dagger,2025-Q4,pavel-krizskii,1
dagger/dagger,2025-Q4,matipan,7
dagger/dagger,2025-Q4,chrisjpalmer,1
dagger/dagger,2025-Q4,robertonav20,1
dagger/dagger,2025-Q4,cbochs,1
dagger/dagger,2025-Q4,charjr,4
dagger/dagger,2025-Q4,jpadams,1
dagger/dagger,2025-Q4,joemccall86,1
dagger/dagger,2025-Q4,vikram-dagger,2
triggerdotdev/trigger.dev,2023-Q1,ericallam,499
triggerdotdev/trigger.dev,2023-Q1,samejr,566
triggerdotdev/trigger.dev,2023-Q1,D-K-P,143
triggerdotdev/trigger.dev,2023-Q1,matt-aitken,656
triggerdotdev/trigger.dev,2023-Q1,vmatsiiako,1
triggerdotdev/trigger.dev,2023-Q1,handotdev,1
triggerdotdev/trigger.dev,2023-Q2,ericallam,186
triggerdotdev/trigger.dev,2023-Q2,github-actions[bot],9
triggerdotdev/trigger.dev,2023-Q2,matt-aitken,600
triggerdotdev/trigger.dev,2023-Q2,samejr,207
triggerdotdev/trigger.dev,2023-Q2,D-K-P,29
triggerdotdev/trigger.dev,2023-Q2,alexdanilowicz,3
triggerdotdev/trigger.dev,2023-Q2,Teddarific,3
triggerdotdev/trigger.dev,2023-Q3,ericallam,233
triggerdotdev/trigger.dev,2023-Q3,samejr,50
triggerdotdev/trigger.dev,2023-Q3,github-actions[bot],55
triggerdotdev/trigger.dev,2023-Q3,matt-aitken,347
triggerdotdev/trigger.dev,2023-Q3,nicktrn,7
triggerdotdev/trigger.dev,2023-Q3,gjohnsx,1
triggerdotdev/trigger.dev,2023-Q3,D-K-P,21
triggerdotdev/trigger.dev,2023-Q3,anik-bin,1
triggerdotdev/trigger.dev,2023-Q3,visheshrwl,1
triggerdotdev/trigger.dev,2023-Q3,wesleymatosdev,7
triggerdotdev/trigger.dev,2023-Q3,Chigala,22
triggerdotdev/trigger.dev,2023-Q3,RamK777-stack,1
triggerdotdev/trigger.dev,2023-Q3,arika0093,2
triggerdotdev/trigger.dev,2023-Q3,hrutik7,1
triggerdotdev/trigger.dev,2023-Q3,bryaneaton13,1
triggerdotdev/trigger.dev,2023-Q3,Akshay-Patel-dev,1
triggerdotdev/trigger.dev,2023-Q3,neo773,2
triggerdotdev/trigger.dev,2023-Q3,sondreal,1
triggerdotdev/trigger.dev,2023-Q3,lirantal,9
triggerdotdev/trigger.dev,2023-Q3,_name:Rishi Raj Jain,16
triggerdotdev/trigger.dev,2023-Q3,hugomn,1
triggerdotdev/trigger.dev,2023-Q3,atharva3333,1
triggerdotdev/trigger.dev,2023-Q3,Fullstack-Arshad,1
triggerdotdev/trigger.dev,2023-Q3,yashug,3
triggerdotdev/trigger.dev,2023-Q3,SSHari,9
triggerdotdev/trigger.dev,2023-Q3,jemiluv8,13
triggerdotdev/trigger.dev,2023-Q3,Ashutosh-Bhadauriya,2
triggerdotdev/trigger.dev,2023-Q3,akhill10,6
triggerdotdev/trigger.dev,2023-Q3,kaf-lamed-beyt,9
triggerdotdev/trigger.dev,2023-Q3,tobihans,1
triggerdotdev/trigger.dev,2023-Q3,_name:Katriel Tsepelevish,2
triggerdotdev/trigger.dev,2023-Q3,dylanrod21,4
triggerdotdev/trigger.dev,2023-Q3,owenduncansnobel,1
triggerdotdev/trigger.dev,2023-Q4,matt-aitken,64
triggerdotdev/trigger.dev,2023-Q4,github-actions[bot],23
triggerdotdev/trigger.dev,2023-Q4,ericallam,111
triggerdotdev/trigger.dev,2023-Q4,nicktrn,16
triggerdotdev/trigger.dev,2023-Q4,chronark,1
triggerdotdev/trigger.dev,2023-Q4,D-K-P,18
triggerdotdev/trigger.dev,2023-Q4,samejr,15
triggerdotdev/trigger.dev,2023-Q4,hmacr,21
triggerdotdev/trigger.dev,2023-Q4,mariusvilholm,3
triggerdotdev/trigger.dev,2023-Q4,abelghalem,1
triggerdotdev/trigger.dev,2023-Q4,alexandredev3,2
triggerdotdev/trigger.dev,2023-Q4,_name:D-K-P,8
triggerdotdev/trigger.dev,2023-Q4,NXKED,1
triggerdotdev/trigger.dev,2023-Q4,romitp4l,1
triggerdotdev/trigger.dev,2023-Q4,vineetjk,1
triggerdotdev/trigger.dev,2023-Q4,rtpa25,1
triggerdotdev/trigger.dev,2023-Q4,shelar1423,19
triggerdotdev/trigger.dev,2023-Q4,Rutam21,3
triggerdotdev/trigger.dev,2023-Q4,bhargavshirin,1
triggerdotdev/trigger.dev,2023-Q4,vimode,1
triggerdotdev/trigger.dev,2023-Q4,RamK777-stack,1
triggerdotdev/trigger.dev,2023-Q4,arjunindia,1
triggerdotdev/trigger.dev,2023-Q4,eltociear,1
triggerdotdev/trigger.dev,2023-Q4,mohitd404,1
triggerdotdev/trigger.dev,2024-Q1,ericallam,91
triggerdotdev/trigger.dev,2024-Q1,github-actions[bot],14
triggerdotdev/trigger.dev,2024-Q1,matt-aitken,88
triggerdotdev/trigger.dev,2024-Q1,nicktrn,10
triggerdotdev/trigger.dev,2024-Q1,samejr,8
triggerdotdev/trigger.dev,2024-Q1,_name:Eugene Yaroslavtsev,1
triggerdotdev/trigger.dev,2024-Q1,Kritik-J,9
triggerdotdev/trigger.dev,2024-Q1,ocelot2123,1
triggerdotdev/trigger.dev,2024-Q1,erin-allison,1
triggerdotdev/trigger.dev,2024-Q1,nosyn,1
triggerdotdev/trigger.dev,2024-Q1,Abhi1992002,2
triggerdotdev/trigger.dev,2024-Q1,adiologydev,1
triggerdotdev/trigger.dev,2024-Q1,nahtnam,1
triggerdotdev/trigger.dev,2024-Q1,madebyfabian,1
triggerdotdev/trigger.dev,2024-Q1,michrosenberger,1
triggerdotdev/trigger.dev,2024-Q1,Chigala,1
triggerdotdev/trigger.dev,2024-Q1,hmacr,1
triggerdotdev/trigger.dev,2024-Q1,jaaneh,1
triggerdotdev/trigger.dev,2024-Q1,D-K-P,2
triggerdotdev/trigger.dev,2024-Q1,guy-borderless,1
triggerdotdev/trigger.dev,2024-Q1,meetwithyash,1
triggerdotdev/trigger.dev,2024-Q2,nicktrn,62
triggerdotdev/trigger.dev,2024-Q2,ericallam,190
triggerdotdev/trigger.dev,2024-Q2,codenem,4
triggerdotdev/trigger.dev,2024-Q2,samejr,11
triggerdotdev/trigger.dev,2024-Q2,github-actions[bot],43
triggerdotdev/trigger.dev,2024-Q2,matt-aitken,112
triggerdotdev/trigger.dev,2024-Q2,michael-land,1
triggerdotdev/trigger.dev,2024-Q2,ryanleecode,1
triggerdotdev/trigger.dev,2024-Q2,mrprkr,1
triggerdotdev/trigger.dev,2024-Q2,jacobparis,8
triggerdotdev/trigger.dev,2024-Q2,alexandredev3,1
triggerdotdev/trigger.dev,2024-Q2,adilanchian,1
triggerdotdev/trigger.dev,2024-Q2,ramadanomar,1
triggerdotdev/trigger.dev,2024-Q2,zcesur,1
triggerdotdev/trigger.dev,2024-Q2,D-K-P,1
triggerdotdev/trigger.dev,2024-Q2,chronark,1
triggerdotdev/trigger.dev,2024-Q2,pkpio,1
triggerdotdev/trigger.dev,2024-Q3,nicktrn,51
triggerdotdev/trigger.dev,2024-Q3,ericallam,75
triggerdotdev/trigger.dev,2024-Q3,github-actions[bot],20
triggerdotdev/trigger.dev,2024-Q3,samejr,38
triggerdotdev/trigger.dev,2024-Q3,D-K-P,10
triggerdotdev/trigger.dev,2024-Q3,iFlyinq,3
triggerdotdev/trigger.dev,2024-Q3,harshsbhat,1
triggerdotdev/trigger.dev,2024-Q3,ThibautCuchet,2
triggerdotdev/trigger.dev,2024-Q3,matt-aitken,100
triggerdotdev/trigger.dev,2024-Q3,jacobparis,2
triggerdotdev/trigger.dev,2024-Q3,Mortalife,1
triggerdotdev/trigger.dev,2024-Q3,elie222,2
triggerdotdev/trigger.dev,2024-Q3,genu,1
triggerdotdev/trigger.dev,2024-Q3,HorizonCode,1
triggerdotdev/trigger.dev,2024-Q3,Hamza091,1
triggerdotdev/trigger.dev,2024-Q3,codenem,2
triggerdotdev/trigger.dev,2024-Q3,gautamsi,1
triggerdotdev/trigger.dev,2024-Q3,ray-amjad,1
triggerdotdev/trigger.dev,2024-Q3,kaiiiiiiiii,1
triggerdotdev/trigger.dev,2024-Q4,samejr,47
triggerdotdev/trigger.dev,2024-Q4,erin-allison,1
triggerdotdev/trigger.dev,2024-Q4,matt-aitken,21
triggerdotdev/trigger.dev,2024-Q4,ericallam,60
triggerdotdev/trigger.dev,2024-Q4,github-actions[bot],18
triggerdotdev/trigger.dev,2024-Q4,nilooy,1
triggerdotdev/trigger.dev,2024-Q4,nicktrn,39
triggerdotdev/trigger.dev,2024-Q4,ghostdevv,2
triggerdotdev/trigger.dev,2024-Q4,fgcoelho,1
triggerdotdev/trigger.dev,2024-Q4,amuwal,1
triggerdotdev/trigger.dev,2024-Q4,D-K-P,21
triggerdotdev/trigger.dev,2024-Q4,data-diego,1
triggerdotdev/trigger.dev,2024-Q4,nneven,1
triggerdotdev/trigger.dev,2024-Q4,Chisquare7,1
triggerdotdev/trigger.dev,2024-Q4,mocanew,1
triggerdotdev/trigger.dev,2024-Q4,yadavshubham01,2
triggerdotdev/trigger.dev,2024-Q4,tarunps,1
triggerdotdev/trigger.dev,2024-Q4,iFlyinq,1
triggerdotdev/trigger.dev,2024-Q4,thisisgoldman,1
triggerdotdev/trigger.dev,2025-Q1,ericallam,197
triggerdotdev/trigger.dev,2025-Q1,samejr,35
triggerdotdev/trigger.dev,2025-Q1,matt-aitken,75
triggerdotdev/trigger.dev,2025-Q1,nicktrn,25
triggerdotdev/trigger.dev,2025-Q1,D-K-P,17
triggerdotdev/trigger.dev,2025-Q1,iFlyinq,1
triggerdotdev/trigger.dev,2025-Q1,erin-allison,2
triggerdotdev/trigger.dev,2025-Q1,myftija,12
triggerdotdev/trigger.dev,2025-Q1,ludalex,1
triggerdotdev/trigger.dev,2025-Q1,github-actions[bot],10
triggerdotdev/trigger.dev,2025-Q1,zvictor,2
triggerdotdev/trigger.dev,2025-Q1,gustavo-fior,1
triggerdotdev/trigger.dev,2025-Q1,malakhov-dmitrii,1
triggerdotdev/trigger.dev,2025-Q1,Lagueule,1
triggerdotdev/trigger.dev,2025-Q1,mintlify[bot],1
triggerdotdev/trigger.dev,2025-Q1,goleary,1
triggerdotdev/trigger.dev,2025-Q1,ghostdevv,1
triggerdotdev/trigger.dev,2025-Q2,ericallam,85
triggerdotdev/trigger.dev,2025-Q2,matt-aitken,58
triggerdotdev/trigger.dev,2025-Q2,nicktrn,68
triggerdotdev/trigger.dev,2025-Q2,samejr,38
triggerdotdev/trigger.dev,2025-Q2,D-K-P,15
triggerdotdev/trigger.dev,2025-Q2,github-actions[bot],22
triggerdotdev/trigger.dev,2025-Q2,Rudra-Sankha-Sinhamahapatra,1
triggerdotdev/trigger.dev,2025-Q2,MendyLanda,1
triggerdotdev/trigger.dev,2025-Q2,myftija,6
triggerdotdev/trigger.dev,2025-Q2,rharkor,1
triggerdotdev/trigger.dev,2025-Q2,dsabanin,1
triggerdotdev/trigger.dev,2025-Q2,CodeMan62,3
triggerdotdev/trigger.dev,2025-Q2,loganmimaroglu,1
triggerdotdev/trigger.dev,2025-Q3,samejr,29
triggerdotdev/trigger.dev,2025-Q3,mintlify[bot],1
triggerdotdev/trigger.dev,2025-Q3,nicktrn,45
triggerdotdev/trigger.dev,2025-Q3,myftija,38
triggerdotdev/trigger.dev,2025-Q3,ericallam,143
triggerdotdev/trigger.dev,2025-Q3,matt-aitken,41
triggerdotdev/trigger.dev,2025-Q3,github-actions[bot],12
triggerdotdev/trigger.dev,2025-Q3,D-K-P,10
triggerdotdev/trigger.dev,2025-Q3,rharkor,1
triggerdotdev/trigger.dev,2025-Q3,ghostdevv,1
triggerdotdev/trigger.dev,2025-Q3,ognjen-glossa-dev,1
triggerdotdev/trigger.dev,2025-Q3,takeoff-tests,1
triggerdotdev/trigger.dev,2025-Q3,bk7312,2
triggerdotdev/trigger.dev,2025-Q3,nrigaudiere,1
triggerdotdev/trigger.dev,2025-Q3,MatthieuMordrel,1
triggerdotdev/trigger.dev,2025-Q4,ericallam,67
triggerdotdev/trigger.dev,2025-Q4,nicktrn,25
triggerdotdev/trigger.dev,2025-Q4,D-K-P,3
triggerdotdev/trigger.dev,2025-Q4,0ski,15
triggerdotdev/trigger.dev,2025-Q4,github-actions[bot],9
triggerdotdev/trigger.dev,2025-Q4,mpcgrid,2
triggerdotdev/trigger.dev,2025-Q4,myftija,38
triggerdotdev/trigger.dev,2025-Q4,mstruebing,1
triggerdotdev/trigger.dev,2025-Q4,thinkverse,2
triggerdotdev/trigger.dev,2025-Q4,falbech,1
triggerdotdev/trigger.dev,2025-Q4,lindseystead,2
triggerdotdev/trigger.dev,2025-Q4,matt-aitken,9
triggerdotdev/trigger.dev,2025-Q4,samejr,4
triggerdotdev/trigger.dev,2025-Q4,NERLOE,1
triggerdotdev/trigger.dev,2025-Q4,LeoKaynan,2
appwrite/appwrite,2023-Q1,TorstenDittmann,87
appwrite/appwrite,2023-Q1,stnguyen90,26
appwrite/appwrite,2023-Q1,abnegate,108
appwrite/appwrite,2023-Q1,fogelito,58
appwrite/appwrite,2023-Q1,lohanidamodar,135
appwrite/appwrite,2023-Q1,_name:Vincent (Wen Yu) Ge,10
appwrite/appwrite,2023-Q1,Meldiron,73
appwrite/appwrite,2023-Q1,DH-555,1
appwrite/appwrite,2023-Q1,rinkuhasija,1
appwrite/appwrite,2023-Q1,gofenix,1
appwrite/appwrite,2023-Q1,christyjacob4,125
appwrite/appwrite,2023-Q1,singhbhaskar,14
appwrite/appwrite,2023-Q1,shimonewman,70
appwrite/appwrite,2023-Q1,eldadfux,19
appwrite/appwrite,2023-Q1,Pranav2612000,1
appwrite/appwrite,2023-Q1,tusharhqq,1
appwrite/appwrite,2023-Q1,lucasctd,1
appwrite/appwrite,2023-Q1,yatharth1706,1
appwrite/appwrite,2023-Q1,PineappleIOnic,9
appwrite/appwrite,2023-Q1,BoynChan,1
appwrite/appwrite,2023-Q1,Yavnik,11
appwrite/appwrite,2023-Q1,munyoudoum,3
appwrite/appwrite,2023-Q1,_name:Aayush Bisen,2
appwrite/appwrite,2023-Q2,mendelgordon,1
appwrite/appwrite,2023-Q2,Meldiron,104
appwrite/appwrite,2023-Q2,vaibhavagarwal220,1
appwrite/appwrite,2023-Q2,stnguyen90,46
appwrite/appwrite,2023-Q2,2002Bishwajeet,31
appwrite/appwrite,2023-Q2,fanatic75,2
appwrite/appwrite,2023-Q2,christyjacob4,168
appwrite/appwrite,2023-Q2,TorstenDittmann,64
appwrite/appwrite,2023-Q2,abnegate,140
appwrite/appwrite,2023-Q2,fogelito,38
appwrite/appwrite,2023-Q2,shimonewman,76
appwrite/appwrite,2023-Q2,vermakhushboo,6
appwrite/appwrite,2023-Q2,faisalill,1
appwrite/appwrite,2023-Q2,_name:Vincent (Wen Yu) Ge,16
appwrite/appwrite,2023-Q2,lohanidamodar,80
appwrite/appwrite,2023-Q2,Miguelii,1
appwrite/appwrite,2023-Q2,eldadfux,9
appwrite/appwrite,2023-Q2,_name:Prateek Banga,8
appwrite/appwrite,2023-Q2,Suven-p,3
appwrite/appwrite,2023-Q2,singhbhaskar,3
appwrite/appwrite,2023-Q2,TGlide,2
appwrite/appwrite,2023-Q2,pranjalg13,3
appwrite/appwrite,2023-Q2,Atsurak,1
appwrite/appwrite,2023-Q2,adityaoberai,1
appwrite/appwrite,2023-Q3,christyjacob4,268
appwrite/appwrite,2023-Q3,Meldiron,197
appwrite/appwrite,2023-Q3,TorstenDittmann,28
appwrite/appwrite,2023-Q3,stnguyen90,120
appwrite/appwrite,2023-Q3,PineappleIOnic,52
appwrite/appwrite,2023-Q3,LauraDuRy,1
appwrite/appwrite,2023-Q3,shimonewman,38
appwrite/appwrite,2023-Q3,loks0n,11
appwrite/appwrite,2023-Q3,abnegate,194
appwrite/appwrite,2023-Q3,eldadfux,65
appwrite/appwrite,2023-Q3,_name:Vincent (Wen Yu) Ge,9
appwrite/appwrite,2023-Q3,_name:Prateek Banga,96
appwrite/appwrite,2023-Q3,yatharth1706,2
appwrite/appwrite,2023-Q3,_name:Yatharth Verma,2
appwrite/appwrite,2023-Q3,vermakhushboo,54
appwrite/appwrite,2023-Q3,fanatic75,169
appwrite/appwrite,2023-Q3,_name:Akhil Anand,2
appwrite/appwrite,2023-Q3,btme0011,1
appwrite/appwrite,2023-Q3,byawitz,2
appwrite/appwrite,2023-Q3,wess,4
appwrite/appwrite,2023-Q3,2002Bishwajeet,28
appwrite/appwrite,2023-Q3,lohanidamodar,54
appwrite/appwrite,2023-Q3,safwanyp,10
appwrite/appwrite,2023-Q3,Dksie09,2
appwrite/appwrite,2023-Q3,fogelito,4
appwrite/appwrite,2023-Q3,jaivix,4
appwrite/appwrite,2023-Q3,DH-555,1
appwrite/appwrite,2023-Q3,vaibhavagarwal220,2
appwrite/appwrite,2023-Q3,adityaoberai,5
appwrite/appwrite,2023-Q4,UtkarshAhuja2003,5
appwrite/appwrite,2023-Q4,lohanidamodar,45
appwrite/appwrite,2023-Q4,eldadfux,39
appwrite/appwrite,2023-Q4,TorstenDittmann,77
appwrite/appwrite,2023-Q4,stnguyen90,54
appwrite/appwrite,2023-Q4,shimonewman,147
appwrite/appwrite,2023-Q4,vermakhushboo,64
appwrite/appwrite,2023-Q4,fogelito,17
appwrite/appwrite,2023-Q4,christyjacob4,238
appwrite/appwrite,2023-Q4,Meldiron,42
appwrite/appwrite,2023-Q4,fanatic75,73
appwrite/appwrite,2023-Q4,loks0n,82
appwrite/appwrite,2023-Q4,_name:Prateek Banga,64
appwrite/appwrite,2023-Q4,abnegate,138
appwrite/appwrite,2023-Q4,onwp,1
appwrite/appwrite,2023-Q4,PineappleIOnic,18
appwrite/appwrite,2023-Q4,schneidermr,1
appwrite/appwrite,2023-Q4,krishvsoni,8
appwrite/appwrite,2023-Q4,yatharth1706,1
appwrite/appwrite,2023-Q4,LauraDuRy,1
appwrite/appwrite,2023-Q4,mishmanners,3
appwrite/appwrite,2023-Q4,GuptaPratik02,55
appwrite/appwrite,2023-Q4,_name:Vincent (Wen Yu) Ge,12
appwrite/appwrite,2023-Q4,_name:Yatharth Verma,3
appwrite/appwrite,2023-Q4,Haimantika,7
appwrite/appwrite,2023-Q4,_name:Haimantika mitra,2
appwrite/appwrite,2023-Q4,btme0011,1
appwrite/appwrite,2023-Q4,_name:Akhil Anand,2
appwrite/appwrite,2023-Q4,DH-555,1
appwrite/appwrite,2024-Q1,lohanidamodar,77
appwrite/appwrite,2024-Q1,stnguyen90,67
appwrite/appwrite,2024-Q1,_name:Vincent (Wen Yu) Ge,11
appwrite/appwrite,2024-Q1,christyjacob4,126
appwrite/appwrite,2024-Q1,Meldiron,159
appwrite/appwrite,2024-Q1,xuelink,7
appwrite/appwrite,2024-Q1,fogelito,60
appwrite/appwrite,2024-Q1,abnegate,457
appwrite/appwrite,2024-Q1,_name:Evan,3
appwrite/appwrite,2024-Q1,TorstenDittmann,189
appwrite/appwrite,2024-Q1,vermakhushboo,125
appwrite/appwrite,2024-Q1,shimonewman,112
appwrite/appwrite,2024-Q1,eldadfux,35
appwrite/appwrite,2024-Q1,PineappleIOnic,81
appwrite/appwrite,2024-Q1,jgentes,1
appwrite/appwrite,2024-Q1,loks0n,99
appwrite/appwrite,2024-Q1,DylanG-64,1
appwrite/appwrite,2024-Q1,navjotNSK,2
appwrite/appwrite,2024-Q1,UtkarshAhuja2003,9
appwrite/appwrite,2024-Q1,DH-555,3
appwrite/appwrite,2024-Q1,LauraDuRy,4
appwrite/appwrite,2024-Q1,Souptik2001,3
appwrite/appwrite,2024-Q1,Achraf112Ben,2
appwrite/appwrite,2024-Q1,btme0011,1
appwrite/appwrite,2024-Q1,iMacHumphries,1
appwrite/appwrite,2024-Q2,lohanidamodar,87
appwrite/appwrite,2024-Q2,loks0n,87
appwrite/appwrite,2024-Q2,byawitz,80
appwrite/appwrite,2024-Q2,vermakhushboo,62
appwrite/appwrite,2024-Q2,Meldiron,64
appwrite/appwrite,2024-Q2,TorstenDittmann,18
appwrite/appwrite,2024-Q2,fogelito,93
appwrite/appwrite,2024-Q2,ItzNotABug,19
appwrite/appwrite,2024-Q2,stnguyen90,111
appwrite/appwrite,2024-Q2,christyjacob4,110
appwrite/appwrite,2024-Q2,choir241,2
appwrite/appwrite,2024-Q2,abnegate,156
appwrite/appwrite,2024-Q2,_name:choir27,3
appwrite/appwrite,2024-Q2,PineappleIOnic,23
appwrite/appwrite,2024-Q2,shimonewman,81
appwrite/appwrite,2024-Q2,2002Bishwajeet,4
appwrite/appwrite,2024-Q2,eldadfux,72
appwrite/appwrite,2024-Q2,navjotNSK,5
appwrite/appwrite,2024-Q2,ketanbaitule,3
appwrite/appwrite,2024-Q2,xuelink,13
appwrite/appwrite,2024-Q2,infysumanta,3
appwrite/appwrite,2024-Q2,BtheGit,1
appwrite/appwrite,2024-Q2,_name:Evan,5
appwrite/appwrite,2024-Q2,deanurag,6
appwrite/appwrite,2024-Q2,mbackonja,1
appwrite/appwrite,2024-Q2,_name:Vincent (Wen Yu) Ge,12
appwrite/appwrite,2024-Q2,fuyangpengqi,1
appwrite/appwrite,2024-Q3,fogelito,121
appwrite/appwrite,2024-Q3,christyjacob4,160
appwrite/appwrite,2024-Q3,TorstenDittmann,61
appwrite/appwrite,2024-Q3,Meldiron,156
appwrite/appwrite,2024-Q3,loks0n,89
appwrite/appwrite,2024-Q3,shimonewman,29
appwrite/appwrite,2024-Q3,lohanidamodar,98
appwrite/appwrite,2024-Q3,PineappleIOnic,139
appwrite/appwrite,2024-Q3,stnguyen90,53
appwrite/appwrite,2024-Q3,vermakhushboo,78
appwrite/appwrite,2024-Q3,byawitz,165
appwrite/appwrite,2024-Q3,abnegate,83
appwrite/appwrite,2024-Q3,feschaffa,1
appwrite/appwrite,2024-Q3,adityaoberai,2
appwrite/appwrite,2024-Q3,_name:Richard Choi,2
appwrite/appwrite,2024-Q3,ItzNotABug,4
appwrite/appwrite,2024-Q3,eldadfux,5
appwrite/appwrite,2024-Q3,_name:Evan,6
appwrite/appwrite,2024-Q3,choir241,2
appwrite/appwrite,2024-Q3,_name:choir27,1
appwrite/appwrite,2024-Q4,stnguyen90,27
appwrite/appwrite,2024-Q4,christyjacob4,146
appwrite/appwrite,2024-Q4,PineappleIOnic,102
appwrite/appwrite,2024-Q4,Meldiron,119
appwrite/appwrite,2024-Q4,loks0n,134
appwrite/appwrite,2024-Q4,eldadfux,6
appwrite/appwrite,2024-Q4,shimonewman,147
appwrite/appwrite,2024-Q4,gurjeetsinghvirdee,1
appwrite/appwrite,2024-Q4,lohanidamodar,82
appwrite/appwrite,2024-Q4,basert,26
appwrite/appwrite,2024-Q4,gewenyu99,2
appwrite/appwrite,2024-Q4,abnegate,160
appwrite/appwrite,2024-Q4,schneidermr,4
appwrite/appwrite,2024-Q4,fogelito,46
appwrite/appwrite,2024-Q4,vermakhushboo,90
appwrite/appwrite,2024-Q4,TorstenDittmann,39
appwrite/appwrite,2024-Q4,ebenezerdon,1
appwrite/appwrite,2024-Q4,byawitz,17
appwrite/appwrite,2024-Q4,ItzNotABug,1
appwrite/appwrite,2024-Q4,_name:Evan,1
appwrite/appwrite,2025-Q1,Meldiron,422
appwrite/appwrite,2025-Q1,fogelito,65
appwrite/appwrite,2025-Q1,ChiragAgg5k,240
appwrite/appwrite,2025-Q1,lohanidamodar,111
appwrite/appwrite,2025-Q1,ItzNotABug,59
appwrite/appwrite,2025-Q1,christyjacob4,139
appwrite/appwrite,2025-Q1,eldadfux,79
appwrite/appwrite,2025-Q1,stnguyen90,31
appwrite/appwrite,2025-Q1,vermakhushboo,132
appwrite/appwrite,2025-Q1,abnegate,194
appwrite/appwrite,2025-Q1,shimonewman,183
appwrite/appwrite,2025-Q1,basert,13
appwrite/appwrite,2025-Q1,loks0n,69
appwrite/appwrite,2025-Q1,PineappleIOnic,51
appwrite/appwrite,2025-Q1,gurjeetsinghvirdee,4
appwrite/appwrite,2025-Q1,LauraDuRy,3
appwrite/appwrite,2025-Q1,ebenezerdon,6
appwrite/appwrite,2025-Q1,schneidermr,1
appwrite/appwrite,2025-Q2,vermakhushboo,133
appwrite/appwrite,2025-Q2,stnguyen90,50
appwrite/appwrite,2025-Q2,christyjacob4,108
appwrite/appwrite,2025-Q2,ChiragAgg5k,161
appwrite/appwrite,2025-Q2,Meldiron,220
appwrite/appwrite,2025-Q2,abnegate,392
appwrite/appwrite,2025-Q2,ArnabChatterjee20k,101
appwrite/appwrite,2025-Q2,eldadfux,23
appwrite/appwrite,2025-Q2,LauraDuRy,3
appwrite/appwrite,2025-Q2,ItzNotABug,408
appwrite/appwrite,2025-Q2,shimonewman,31
appwrite/appwrite,2025-Q2,loks0n,27
appwrite/appwrite,2025-Q2,_name:Chirag Aggarwal,1
appwrite/appwrite,2025-Q2,adityaoberai,5
appwrite/appwrite,2025-Q2,lohanidamodar,72
appwrite/appwrite,2025-Q2,basert,26
appwrite/appwrite,2025-Q2,fogelito,18
appwrite/appwrite,2025-Q2,TorstenDittmann,4
appwrite/appwrite,2025-Q2,ebenezerdon,8
appwrite/appwrite,2025-Q2,jmastr,1
appwrite/appwrite,2025-Q3,abnegate,521
appwrite/appwrite,2025-Q3,TorstenDittmann,8
appwrite/appwrite,2025-Q3,loks0n,41
appwrite/appwrite,2025-Q3,ArnabChatterjee20k,151
appwrite/appwrite,2025-Q3,vermakhushboo,79
appwrite/appwrite,2025-Q3,ChiragAgg5k,213
appwrite/appwrite,2025-Q3,hmacr,34
appwrite/appwrite,2025-Q3,ItzNotABug,89
appwrite/appwrite,2025-Q3,atharvadeosthale,12
appwrite/appwrite,2025-Q3,shimonewman,55
appwrite/appwrite,2025-Q3,fogelito,80
appwrite/appwrite,2025-Q3,Veera-mulge,14
appwrite/appwrite,2025-Q3,lohanidamodar,45
appwrite/appwrite,2025-Q3,stnguyen90,30
appwrite/appwrite,2025-Q3,Copilot,5
appwrite/appwrite,2025-Q3,Divyansha23,1
appwrite/appwrite,2025-Q3,Meldiron,180
appwrite/appwrite,2025-Q3,eldadfux,3
appwrite/appwrite,2025-Q3,_name:Evan,9
appwrite/appwrite,2025-Q3,cursoragent,21
appwrite/appwrite,2025-Q3,adityaoberai,6
appwrite/appwrite,2025-Q3,_name:Mayank Agarwal,3
appwrite/appwrite,2025-Q3,tejas-raskar,1
appwrite/appwrite,2025-Q3,ebenezerdon,3
appwrite/appwrite,2025-Q3,christyjacob4,4
appwrite/appwrite,2025-Q3,LauraDuRy,4
appwrite/appwrite,2025-Q3,HarshMN2345,1
appwrite/appwrite,2025-Q3,arielweinberger,2
appwrite/appwrite,2025-Q4,Meldiron,151
appwrite/appwrite,2025-Q4,ItzNotABug,77
appwrite/appwrite,2025-Q4,lohanidamodar,179
appwrite/appwrite,2025-Q4,fogelito,65
appwrite/appwrite,2025-Q4,ChiragAgg5k,160
appwrite/appwrite,2025-Q4,hmacr,77
appwrite/appwrite,2025-Q4,loks0n,61
appwrite/appwrite,2025-Q4,ArnabChatterjee20k,171
appwrite/appwrite,2025-Q4,shimonewman,160
appwrite/appwrite,2025-Q4,TorstenDittmann,13
appwrite/appwrite,2025-Q4,abnegate,347
appwrite/appwrite,2025-Q4,stnguyen90,63
appwrite/appwrite,2025-Q4,levivannoort,13
appwrite/appwrite,2025-Q4,adityaoberai,15
appwrite/appwrite,2025-Q4,Ujjwaljain16,5
appwrite/appwrite,2025-Q4,VijaykumarPujar-tech,5
appwrite/appwrite,2025-Q4,Copilot,29
appwrite/appwrite,2025-Q4,eldadfux,26
appwrite/appwrite,2025-Q4,HarshMN2345,22
appwrite/appwrite,2025-Q4,ebenezerdon,5
appwrite/appwrite,2025-Q4,atharvadeosthale,1
appwrite/appwrite,2025-Q4,Veera-mulge,2
appwrite/appwrite,2025-Q4,_name:Jake Barnby,2
appwrite/appwrite,2025-Q4,vermakhushboo,10
appwrite/appwrite,2025-Q4,Priyanshuthapliyal2005,8
airbytehq/airbyte,2023-Q1,_name:Conor,24
airbytehq/airbyte,2023-Q1,lazebnyi,26
airbytehq/airbyte,2023-Q1,sajarin,3
airbytehq/airbyte,2023-Q1,jbfbell,6
airbytehq/airbyte,2023-Q1,edgao,11
airbytehq/airbyte,2023-Q1,roman-yermilov-gl,16
airbytehq/airbyte,2023-Q1,git-phu,4
airbytehq/airbyte,2023-Q1,subodh1810,14
airbytehq/airbyte,2023-Q1,mariamthiam,1
airbytehq/airbyte,2023-Q1,rodireich,16
airbytehq/airbyte,2023-Q1,darynaishchenko,44
airbytehq/airbyte,2023-Q1,artem1205,51
airbytehq/airbyte,2023-Q1,bnchrch,17
airbytehq/airbyte,2023-Q1,marcosmarxm,13
airbytehq/airbyte,2023-Q1,girarda,20
airbytehq/airbyte,2023-Q1,arsenlosenko,44
airbytehq/airbyte,2023-Q1,alafanechere,60
airbytehq/airbyte,2023-Q1,sashaNeshcheret,3
airbytehq/airbyte,2023-Q1,davydov-d,56
airbytehq/airbyte,2023-Q1,erohmensing,59
airbytehq/airbyte,2023-Q1,sophia-wiley,21
airbytehq/airbyte,2023-Q1,Amruta-Ranade,13
airbytehq/airbyte,2023-Q1,ryankfu,8
airbytehq/airbyte,2023-Q1,natalyjazzviolin,6
airbytehq/airbyte,2023-Q1,grishick,19
airbytehq/airbyte,2023-Q1,lmossman,26
airbytehq/airbyte,2023-Q1,danvass,2
airbytehq/airbyte,2023-Q1,sergio-ropero,18
airbytehq/airbyte,2023-Q1,grubberr,48
airbytehq/airbyte,2023-Q1,_name:Baz,31
airbytehq/airbyte,2023-Q1,tyagi-data-wizard,1
airbytehq/airbyte,2023-Q1,Auric-Manteo,2
airbytehq/airbyte,2023-Q1,Wittiest,1
airbytehq/airbyte,2023-Q1,YowanR,2
airbytehq/airbyte,2023-Q1,tuanchris,2
airbytehq/airbyte,2023-Q1,netoferraz,1
airbytehq/airbyte,2023-Q1,akashkulk,15
airbytehq/airbyte,2023-Q1,_name:Joe Reuter,57
airbytehq/airbyte,2023-Q1,VitaliiMaltsev,10
airbytehq/airbyte,2023-Q1,_name:Duy Nguyen,2
airbytehq/airbyte,2023-Q1,midavadim,11
airbytehq/airbyte,2023-Q1,etsybaev,11
airbytehq/airbyte,2023-Q1,timsehn,1
airbytehq/airbyte,2023-Q1,brunofaustino,1
airbytehq/airbyte,2023-Q1,FransDel,1
airbytehq/airbyte,2023-Q1,clnoll,19
airbytehq/airbyte,2023-Q1,mrhallak,1
airbytehq/airbyte,2023-Q1,maxi297,31
airbytehq/airbyte,2023-Q1,dictcp,1
airbytehq/airbyte,2023-Q1,suhomud,4
airbytehq/airbyte,2023-Q1,pratyakshs,1
airbytehq/airbyte,2023-Q1,benmoriceau,23
airbytehq/airbyte,2023-Q1,bcbeidel,1
airbytehq/airbyte,2023-Q1,koji-m,1
airbytehq/airbyte,2023-Q1,killthekitten,1
airbytehq/airbyte,2023-Q1,dbyzero,1
airbytehq/airbyte,2023-Q1,sandip-baidya,1
airbytehq/airbyte,2023-Q1,juweins,3
airbytehq/airbyte,2023-Q1,leo-schick,4
airbytehq/airbyte,2023-Q1,carlonuccio,1
airbytehq/airbyte,2023-Q1,evantahler,37
airbytehq/airbyte,2023-Q1,marcelopio,1
airbytehq/airbyte,2023-Q1,olivermeyer,1
airbytehq/airbyte,2023-Q1,sh4sh,4
airbytehq/airbyte,2023-Q1,alex-gron,1
airbytehq/airbyte,2023-Q1,brianjlai,7
airbytehq/airbyte,2023-Q1,adamschmidt,1
airbytehq/airbyte,2023-Q1,animer3009,3
airbytehq/airbyte,2023-Q1,JonsSpaghetti,1
airbytehq/airbyte,2023-Q1,_name:John Aitchison,2
airbytehq/airbyte,2023-Q1,siddhant3030,2
airbytehq/airbyte,2023-Q1,BirdboyBolu,1
airbytehq/airbyte,2023-Q1,ganpatagarwal,1
airbytehq/airbyte,2023-Q1,prateekmukhedkar,4
airbytehq/airbyte,2023-Q1,sherifnada,26
airbytehq/airbyte,2023-Q1,hanslemm,1
airbytehq/airbyte,2023-Q1,mohamagdy,1
airbytehq/airbyte,2023-Q1,bartlomiejolma,1
airbytehq/airbyte,2023-Q1,zzztimbo,5
airbytehq/airbyte,2023-Q1,_name:Tim Chan,4
airbytehq/airbyte,2023-Q1,joelluijmes,1
airbytehq/airbyte,2023-Q1,arnaudselva,1
airbytehq/airbyte,2023-Q1,chte,1
airbytehq/airbyte,2023-Q1,supertopher,6
airbytehq/airbyte,2023-Q1,dandpz,2
airbytehq/airbyte,2023-Q1,jcowanpdx,1
airbytehq/airbyte,2023-Q1,alexander-marquardt,2
airbytehq/airbyte,2023-Q1,_name:Riley Brook,4
airbytehq/airbyte,2023-Q1,bleonard,1
airbytehq/airbyte,2023-Q1,satish-chinthanippu,1
airbytehq/airbyte,2023-Q1,_name:Charles,11
airbytehq/airbyte,2023-Q1,andrewlreeve,1
airbytehq/airbyte,2023-Q1,TobiasLaving,1
airbytehq/airbyte,2023-Q1,anamargaridarl,1
airbytehq/airbyte,2023-Q1,_name:Tim Roes,35
airbytehq/airbyte,2023-Q1,samos123,2
airbytehq/airbyte,2023-Q1,itaseskii,2
airbytehq/airbyte,2023-Q1,chandrasekharan98,1
airbytehq/airbyte,2023-Q1,plenti-jacob-roe,1
airbytehq/airbyte,2023-Q1,Allexik,1
airbytehq/airbyte,2023-Q1,pedroslopez,15
airbytehq/airbyte,2023-Q1,kaklakariada,1
airbytehq/airbyte,2023-Q1,perangel,9
airbytehq/airbyte,2023-Q1,my3,1
airbytehq/airbyte,2023-Q1,_name:cpdeethree,5
airbytehq/airbyte,2023-Q1,_name:Parker Mossman,5
airbytehq/airbyte,2023-Q1,mshustov,1
airbytehq/airbyte,2023-Q1,davinchia,14
airbytehq/airbyte,2023-Q1,teallarson,16
airbytehq/airbyte,2023-Q1,krishnaglick,17
airbytehq/airbyte,2023-Q1,gosusnp,19
airbytehq/airbyte,2023-Q1,BenoitFayolle,1
airbytehq/airbyte,2023-Q1,nasmart,1
airbytehq/airbyte,2023-Q1,domzae,1
airbytehq/airbyte,2023-Q1,_name:Jonathan Pearlin,19
airbytehq/airbyte,2023-Q1,sarafonseca-123,1
airbytehq/airbyte,2023-Q1,edmundito,27
airbytehq/airbyte,2023-Q1,dizel852,12
airbytehq/airbyte,2023-Q1,alovew,12
airbytehq/airbyte,2023-Q1,_name:Joey Marshment-Howell,24
airbytehq/airbyte,2023-Q1,ambirdsall,11
airbytehq/airbyte,2023-Q1,mfsiega-airbyte,13
airbytehq/airbyte,2023-Q1,xpuska513,5
airbytehq/airbyte,2023-Q1,lucaswiley,1
airbytehq/airbyte,2023-Q1,Utwo,1
airbytehq/airbyte,2023-Q1,franviera92,1
airbytehq/airbyte,2023-Q1,danidelvalle,1
airbytehq/airbyte,2023-Q1,letiescanciano,8
airbytehq/airbyte,2023-Q1,_name:Xiaohan Song,7
airbytehq/airbyte,2023-Q1,colesnodgrass,23
airbytehq/airbyte,2023-Q1,blarghmatey,1
airbytehq/airbyte,2023-Q1,tybernstein,1
airbytehq/airbyte,2023-Q1,terencecho,1
airbytehq/airbyte,2023-Q1,JulianRommel,2
airbytehq/airbyte,2023-Q1,kfirgollan,1
airbytehq/airbyte,2023-Q1,sspaeti,2
airbytehq/airbyte,2023-Q1,YatsukBogdan1,8
airbytehq/airbyte,2023-Q1,adam-bloom,1
airbytehq/airbyte,2023-Q1,_name:Mark Berger,8
airbytehq/airbyte,2023-Q1,zachlatta,1
airbytehq/airbyte,2023-Q1,Mykyta-Serbynevskyi,5
airbytehq/airbyte,2023-Q1,CyprienBarbault,1
airbytehq/airbyte,2023-Q1,octavia-squidington-iii,6
airbytehq/airbyte,2023-Q1,_name:keyihuang,1
airbytehq/airbyte,2023-Q1,github-actions[bot],1
airbytehq/airbyte,2023-Q1,_name:Andy,1
airbytehq/airbyte,2023-Q1,andyjih,1
airbytehq/airbyte,2023-Q1,bgopikrishna,1
airbytehq/airbyte,2023-Q1,vr,1
airbytehq/airbyte,2023-Q1,mohitreddy1996,1
airbytehq/airbyte,2023-Q1,frostcow0,1
airbytehq/airbyte,2023-Q1,bobvanluijt,1
airbytehq/airbyte,2023-Q1,KomissarovSemyon,1
airbytehq/airbyte,2023-Q1,henriblancke,1
airbytehq/airbyte,2023-Q1,mickaelandrieu,1
airbytehq/airbyte,2023-Q1,hantmac,1
airbytehq/airbyte,2023-Q1,philippeboyd,1
airbytehq/airbyte,2023-Q1,PhilipCorr,1
airbytehq/airbyte,2023-Q1,cuyk,2
airbytehq/airbyte,2023-Q1,JJ2788,1
airbytehq/airbyte,2023-Q1,asharov,1
airbytehq/airbyte,2023-Q1,a-honcharenko,1
airbytehq/airbyte,2023-Q1,swyxio,1
airbytehq/airbyte,2023-Q2,rodireich,14
airbytehq/airbyte,2023-Q2,edgao,28
airbytehq/airbyte,2023-Q2,marcosmarxm,43
airbytehq/airbyte,2023-Q2,cynthiaxyin,8
airbytehq/airbyte,2023-Q2,sherifnada,8
airbytehq/airbyte,2023-Q2,roman-yermilov-gl,31
airbytehq/airbyte,2023-Q2,artem1205,66
airbytehq/airbyte,2023-Q2,darynaishchenko,16
airbytehq/airbyte,2023-Q2,arsenlosenko,51
airbytehq/airbyte,2023-Q2,midavadim,6
airbytehq/airbyte,2023-Q2,maxi297,41
airbytehq/airbyte,2023-Q2,evantahler,44
airbytehq/airbyte,2023-Q2,alafanechere,148
airbytehq/airbyte,2023-Q2,bnchrch,91
airbytehq/airbyte,2023-Q2,davydov-d,45
airbytehq/airbyte,2023-Q2,ChristoGrab,1
airbytehq/airbyte,2023-Q2,akashkulk,16
airbytehq/airbyte,2023-Q2,clnoll,6
airbytehq/airbyte,2023-Q2,eschrock,1
airbytehq/airbyte,2023-Q2,erica-airbyte,1
airbytehq/airbyte,2023-Q2,archangelic,4
airbytehq/airbyte,2023-Q2,_name:Tim Roes,6
airbytehq/airbyte,2023-Q2,girarda,44
airbytehq/airbyte,2023-Q2,_name:Conor,11
airbytehq/airbyte,2023-Q2,_name:Xiaohan Song,1
airbytehq/airbyte,2023-Q2,jnr0790,2
airbytehq/airbyte,2023-Q2,btkcodedev,16
airbytehq/airbyte,2023-Q2,flash1293,8
airbytehq/airbyte,2023-Q2,_name:Joe Reuter,37
airbytehq/airbyte,2023-Q2,pedroslopez,9
airbytehq/airbyte,2023-Q2,erohmensing,10
airbytehq/airbyte,2023-Q2,Hesperide,2
airbytehq/airbyte,2023-Q2,alex-gron,4
airbytehq/airbyte,2023-Q2,brianjlai,7
airbytehq/airbyte,2023-Q2,joshpaulchan,1
airbytehq/airbyte,2023-Q2,_name:Charles,8
airbytehq/airbyte,2023-Q2,lazebnyi,14
airbytehq/airbyte,2023-Q2,grubberr,19
airbytehq/airbyte,2023-Q2,subodh1810,7
airbytehq/airbyte,2023-Q2,ldanilek,1
airbytehq/airbyte,2023-Q2,ryankfu,14
airbytehq/airbyte,2023-Q2,octavia-squidington-iii,3
airbytehq/airbyte,2023-Q2,amaliaroye,2
airbytehq/airbyte,2023-Q2,_name:Parker Mossman,2
airbytehq/airbyte,2023-Q2,lmossman,9
airbytehq/airbyte,2023-Q2,malikdiarra,5
airbytehq/airbyte,2023-Q2,teallarson,1
airbytehq/airbyte,2023-Q2,DaiZack,1
airbytehq/airbyte,2023-Q2,_name:Kostas Botsas,1
airbytehq/airbyte,2023-Q2,_name:Baz,45
airbytehq/airbyte,2023-Q2,philkra,1
airbytehq/airbyte,2023-Q2,_name:Jove Zhong,1
airbytehq/airbyte,2023-Q2,henriquemeloo,1
airbytehq/airbyte,2023-Q2,ciancullinan,1
airbytehq/airbyte,2023-Q2,pmossman,1
airbytehq/airbyte,2023-Q2,PoCTo,1
airbytehq/airbyte,2023-Q2,tolik0,5
airbytehq/airbyte,2023-Q2,nataliekwong,4
airbytehq/airbyte,2023-Q2,gpodevijn,1
airbytehq/airbyte,2023-Q2,jkleinkauff,1
airbytehq/airbyte,2023-Q2,_name:Joey Marshment-Howell,4
airbytehq/airbyte,2023-Q2,szemek,1
airbytehq/airbyte,2023-Q2,terencecho,4
airbytehq/airbyte,2023-Q2,NipunaPrashan,1
airbytehq/airbyte,2023-Q2,jeremySrgt,2
airbytehq/airbyte,2023-Q2,JamesB797,1
airbytehq/airbyte,2023-Q2,_name:cpdeethree,6
airbytehq/airbyte,2023-Q2,masonmenges,1
airbytehq/airbyte,2023-Q2,aballiet,1
airbytehq/airbyte,2023-Q2,_name:Duy Nguyen,11
airbytehq/airbyte,2023-Q2,pylenin,1
airbytehq/airbyte,2023-Q2,tybernstein,5
airbytehq/airbyte,2023-Q2,justinbchau,1
airbytehq/airbyte,2023-Q2,mpetrykin,1
airbytehq/airbyte,2023-Q2,hehex9,2
airbytehq/airbyte,2023-Q2,emmaling27,4
airbytehq/airbyte,2023-Q2,upgreydd,1
airbytehq/airbyte,2023-Q2,jpmmcneill,1
airbytehq/airbyte,2023-Q2,bibimorlet,1
airbytehq/airbyte,2023-Q2,reidab,1
airbytehq/airbyte,2023-Q2,artusiep,2
airbytehq/airbyte,2023-Q2,Shishir-rmv,2
airbytehq/airbyte,2023-Q2,BrentSouza,1
airbytehq/airbyte,2023-Q2,keurcien,1
airbytehq/airbyte,2023-Q2,dalo390,1
airbytehq/airbyte,2023-Q2,Daemonxiao,1
airbytehq/airbyte,2023-Q2,dandpz,1
airbytehq/airbyte,2023-Q2,StellaMaUCI,1
airbytehq/airbyte,2023-Q2,igsaf2,2
airbytehq/airbyte,2023-Q2,nguyencongphap,1
airbytehq/airbyte,2023-Q2,burmecia,1
airbytehq/airbyte,2023-Q2,davinchia,6
airbytehq/airbyte,2023-Q2,joel-olazagasti,1
airbytehq/airbyte,2023-Q2,henriblancke,5
airbytehq/airbyte,2023-Q2,sajarin,3
airbytehq/airbyte,2023-Q2,lgomezm,1
airbytehq/airbyte,2023-Q2,imrehg,1
airbytehq/airbyte,2023-Q2,jbfbell,2
airbytehq/airbyte,2023-Q2,aazam-gh,2
airbytehq/airbyte,2023-Q2,deepansh96,1
airbytehq/airbyte,2023-Q2,trowacat,1
airbytehq/airbyte,2023-Q2,_name:Riley Brook,4
airbytehq/airbyte,2023-Q2,lideke,1
airbytehq/airbyte,2023-Q2,sh4sh,2
airbytehq/airbyte,2023-Q2,asafepy,1
airbytehq/airbyte,2023-Q2,paideia1200bce,1
airbytehq/airbyte,2023-Q2,brunofaustino,1
airbytehq/airbyte,2023-Q2,wennergr,1
airbytehq/airbyte,2023-Q2,benmoriceau,5
airbytehq/airbyte,2023-Q2,jcowanpdx,3
airbytehq/airbyte,2023-Q2,pgollangi,1
airbytehq/airbyte,2023-Q2,leo-schick,2
airbytehq/airbyte,2023-Q2,_name:Jonathan Pearlin,3
airbytehq/airbyte,2023-Q2,domzae,2
airbytehq/airbyte,2023-Q2,jdpgrailsdev,1
airbytehq/airbyte,2023-Q2,heyline,1
airbytehq/airbyte,2023-Q2,gmmeyer,1
airbytehq/airbyte,2023-Q2,Upmitt,1
airbytehq/airbyte,2023-Q2,mrhallak,1
airbytehq/airbyte,2023-Q2,jj-nilbodee,1
airbytehq/airbyte,2023-Q2,penberg,1
airbytehq/airbyte,2023-Q2,iberchid,1
airbytehq/airbyte,2023-Q2,cjwooo,1
airbytehq/airbyte,2023-Q2,anamargaridarl,1
airbytehq/airbyte,2023-Q2,jooststessens,1
airbytehq/airbyte,2023-Q2,suhomud,1
airbytehq/airbyte,2023-Q2,sergio-ropero,1
airbytehq/airbyte,2023-Q2,_name:josephkmh,1
airbytehq/airbyte,2023-Q2,colesnodgrass,2
airbytehq/airbyte,2023-Q2,rach-r,1
airbytehq/airbyte,2023-Q2,vladimir-remar,1
airbytehq/airbyte,2023-Q2,richardlam-quotapath,1
airbytehq/airbyte,2023-Q2,itaseskii,1
airbytehq/airbyte,2023-Q2,gosusnp,4
airbytehq/airbyte,2023-Q2,timroes,1
airbytehq/airbyte,2023-Q2,Alihassanc5,1
airbytehq/airbyte,2023-Q2,PhilipCorr,1
airbytehq/airbyte,2023-Q2,BirdboyBolu,1
airbytehq/airbyte,2023-Q2,visnup,1
airbytehq/airbyte,2023-Q2,sbrickel,1
airbytehq/airbyte,2023-Q2,tyagi-data-wizard,1
airbytehq/airbyte,2023-Q2,sumegim,1
airbytehq/airbyte,2023-Q2,catpineapple,1
airbytehq/airbyte,2023-Q2,roisinbolt,1
airbytehq/airbyte,2023-Q2,judiennetSC,1
airbytehq/airbyte,2023-Q2,geekwhocodes,1
airbytehq/airbyte,2023-Q3,pedroslopez,16
airbytehq/airbyte,2023-Q3,_name:Marius Posta,19
airbytehq/airbyte,2023-Q3,tolik0,11
airbytehq/airbyte,2023-Q3,jbfbell,17
airbytehq/airbyte,2023-Q3,evantahler,36
airbytehq/airbyte,2023-Q3,bnchrch,73
airbytehq/airbyte,2023-Q3,keu,4
airbytehq/airbyte,2023-Q3,roman-yermilov-gl,18
airbytehq/airbyte,2023-Q3,darynaishchenko,41
airbytehq/airbyte,2023-Q3,artem1205,70
airbytehq/airbyte,2023-Q3,aaronsteers,7
airbytehq/airbyte,2023-Q3,edgao,54
airbytehq/airbyte,2023-Q3,arsenlosenko,38
airbytehq/airbyte,2023-Q3,davydov-d,39
airbytehq/airbyte,2023-Q3,_name:Joe Reuter,48
airbytehq/airbyte,2023-Q3,benmoriceau,12
airbytehq/airbyte,2023-Q3,lmossman,13
airbytehq/airbyte,2023-Q3,archangelic,6
airbytehq/airbyte,2023-Q3,robertoarnetoli,1
airbytehq/airbyte,2023-Q3,jdenquin,1
airbytehq/airbyte,2023-Q3,sajarin,8
airbytehq/airbyte,2023-Q3,maxi297,63
airbytehq/airbyte,2023-Q3,flash1293,12
airbytehq/airbyte,2023-Q3,hwaxxer,4
airbytehq/airbyte,2023-Q3,yevhenii-ldv,3
airbytehq/airbyte,2023-Q3,_name:Tim Roes,17
airbytehq/airbyte,2023-Q3,akashkulk,11
airbytehq/airbyte,2023-Q3,girarda,35
airbytehq/airbyte,2023-Q3,szemek,1
airbytehq/airbyte,2023-Q3,git-phu,5
airbytehq/airbyte,2023-Q3,_name:Joey Marshment-Howell,4
airbytehq/airbyte,2023-Q3,lazebnyi,16
airbytehq/airbyte,2023-Q3,midavadim,13
airbytehq/airbyte,2023-Q3,alafanechere,48
airbytehq/airbyte,2023-Q3,_name:Duy Nguyen,10
airbytehq/airbyte,2023-Q3,wagnermarkd,1
airbytehq/airbyte,2023-Q3,rodireich,10
airbytehq/airbyte,2023-Q3,tryangul,4
airbytehq/airbyte,2023-Q3,prateekmukhedkar,2
airbytehq/airbyte,2023-Q3,_name:Conor,5
airbytehq/airbyte,2023-Q3,_name:Riley Brook,7
airbytehq/airbyte,2023-Q3,cynthiaxyin,6
airbytehq/airbyte,2023-Q3,supertopher,2
airbytehq/airbyte,2023-Q3,topefolorunso,14
airbytehq/airbyte,2023-Q3,ChristoGrab,32
airbytehq/airbyte,2023-Q3,brianjlai,14
airbytehq/airbyte,2023-Q3,_name:Baz,30
airbytehq/airbyte,2023-Q3,dzmitrybelash,1
airbytehq/airbyte,2023-Q3,cimadure,1
airbytehq/airbyte,2023-Q3,katmarkham,1
airbytehq/airbyte,2023-Q3,clnoll,30
airbytehq/airbyte,2023-Q3,pabloescoder,1
airbytehq/airbyte,2023-Q3,Hesperide,9
airbytehq/airbyte,2023-Q3,subodh1810,12
airbytehq/airbyte,2023-Q3,mesaugat,1
airbytehq/airbyte,2023-Q3,timroes,1
airbytehq/airbyte,2023-Q3,avdhootmukhedkar,1
airbytehq/airbyte,2023-Q3,marcosmarxm,23
airbytehq/airbyte,2023-Q3,judiennetSC,1
airbytehq/airbyte,2023-Q3,JonsSpaghetti,1
airbytehq/airbyte,2023-Q3,stuartcampbell,1
airbytehq/airbyte,2023-Q3,terencecho,2
airbytehq/airbyte,2023-Q3,avirajsingh7,5
airbytehq/airbyte,2023-Q3,speckm,1
airbytehq/airbyte,2023-Q3,Saku3449,1
airbytehq/airbyte,2023-Q3,_name:cpdeethree,3
airbytehq/airbyte,2023-Q3,nataliekwong,6
airbytehq/airbyte,2023-Q3,btkcodedev,21
airbytehq/airbyte,2023-Q3,sherifnada,4
airbytehq/airbyte,2023-Q3,shivam096,1
airbytehq/airbyte,2023-Q3,kbumsik,1
airbytehq/airbyte,2023-Q3,aballiet,2
airbytehq/airbyte,2023-Q3,xiaohansong,2
airbytehq/airbyte,2023-Q3,_name:Xiaohan Song,1
airbytehq/airbyte,2023-Q3,hawkesn,1
airbytehq/airbyte,2023-Q3,_name:Jonathan Pearlin,22
airbytehq/airbyte,2023-Q3,_name:Charles,3
airbytehq/airbyte,2023-Q3,teallarson,1
airbytehq/airbyte,2023-Q3,Grayfados,1
airbytehq/airbyte,2023-Q3,tybernstein,2
airbytehq/airbyte,2023-Q3,sh4sh,4
airbytehq/airbyte,2023-Q3,davinchia,10
airbytehq/airbyte,2023-Q3,cirdes,1
airbytehq/airbyte,2023-Q3,andreyAtBB,1
airbytehq/airbyte,2023-Q3,masyagin1998,3
airbytehq/airbyte,2023-Q3,alex-danilin,1
airbytehq/airbyte,2023-Q3,malikdiarra,2
airbytehq/airbyte,2023-Q3,sskhandek,1
airbytehq/airbyte,2023-Q3,colesnodgrass,2
airbytehq/airbyte,2023-Q3,erohmensing,7
airbytehq/airbyte,2023-Q3,Zawar92,1
airbytehq/airbyte,2023-Q3,justinbchau,2
airbytehq/airbyte,2023-Q3,pmossman,3
airbytehq/airbyte,2023-Q3,octavia-squidington-iii,3
airbytehq/airbyte,2023-Q3,edbizarro,1
airbytehq/airbyte,2023-Q3,helderco,2
airbytehq/airbyte,2023-Q3,efimmatytsin,2
airbytehq/airbyte,2023-Q3,animer3009,1
airbytehq/airbyte,2023-Q3,KqLLL,1
airbytehq/airbyte,2023-Q3,Shishir-rmv,1
airbytehq/airbyte,2023-Q3,wennergr,1
airbytehq/airbyte,2023-Q3,nastra,3
airbytehq/airbyte,2023-Q3,_name:Randal Boyle,1
airbytehq/airbyte,2023-Q3,elliottrabac,1
airbytehq/airbyte,2023-Q3,_name:Parker Mossman,1
airbytehq/airbyte,2023-Q3,satish-chinthanippu,1
airbytehq/airbyte,2023-Q3,richa-rochna,1
airbytehq/airbyte,2023-Q3,pnavarromuttdata,1
airbytehq/airbyte,2023-Q3,markortleb-dice,1
airbytehq/airbyte,2023-Q3,simonbutt-datatonic,1
airbytehq/airbyte,2023-Q3,himanshuc3,1
airbytehq/airbyte,2023-Q3,ParthG21,1
airbytehq/airbyte,2023-Q3,gosusnp,1
airbytehq/airbyte,2023-Q3,mauricioalarcon,1
airbytehq/airbyte,2023-Q3,michaelcabiareyes,1
airbytehq/airbyte,2023-Q3,anna-geller,1
airbytehq/airbyte,2023-Q3,alallema,1
airbytehq/airbyte,2023-Q4,davinchia,7
airbytehq/airbyte,2023-Q4,erohmensing,25
airbytehq/airbyte,2023-Q4,_name:Tim Roes,9
airbytehq/airbyte,2023-Q4,evantahler,36
airbytehq/airbyte,2023-Q4,keu,9
airbytehq/airbyte,2023-Q4,bnchrch,56
airbytehq/airbyte,2023-Q4,edgao,34
airbytehq/airbyte,2023-Q4,jbfbell,8
airbytehq/airbyte,2023-Q4,ChristoGrab,33
airbytehq/airbyte,2023-Q4,brianjlai,7
airbytehq/airbyte,2023-Q4,pnilan,28
airbytehq/airbyte,2023-Q4,nataliekwong,11
airbytehq/airbyte,2023-Q4,clnoll,12
airbytehq/airbyte,2023-Q4,artem1205,42
airbytehq/airbyte,2023-Q4,alafanechere,91
airbytehq/airbyte,2023-Q4,_name:Joe Reuter,66
airbytehq/airbyte,2023-Q4,rodireich,13
airbytehq/airbyte,2023-Q4,gisripa,3
airbytehq/airbyte,2023-Q4,_name:Xiaohan Song,13
airbytehq/airbyte,2023-Q4,subodh1810,7
airbytehq/airbyte,2023-Q4,shivam096,1
airbytehq/airbyte,2023-Q4,_name:Anton Karpets,16
airbytehq/airbyte,2023-Q4,akashkulk,20
airbytehq/airbyte,2023-Q4,jeremySrgt,1
airbytehq/airbyte,2023-Q4,marcosmarxm,15
airbytehq/airbyte,2023-Q4,domzae,1
airbytehq/airbyte,2023-Q4,gmanninglive,1
airbytehq/airbyte,2023-Q4,nhuray,2
airbytehq/airbyte,2023-Q4,aaronsteers,3
airbytehq/airbyte,2023-Q4,Hesperide,7
airbytehq/airbyte,2023-Q4,alallema,1
airbytehq/airbyte,2023-Q4,ldanilek,1
airbytehq/airbyte,2023-Q4,chandlerprall,1
airbytehq/airbyte,2023-Q4,mickaelandrieu,1
airbytehq/airbyte,2023-Q4,omahs,1
airbytehq/airbyte,2023-Q4,pedroslopez,15
airbytehq/airbyte,2023-Q4,darynaishchenko,32
airbytehq/airbyte,2023-Q4,cynthiaxyin,7
airbytehq/airbyte,2023-Q4,roman-yermilov-gl,20
airbytehq/airbyte,2023-Q4,_name:Marius Posta,48
airbytehq/airbyte,2023-Q4,lazebnyi,3
airbytehq/airbyte,2023-Q4,flash1293,17
airbytehq/airbyte,2023-Q4,midavadim,7
airbytehq/airbyte,2023-Q4,stephane-airbyte,42
airbytehq/airbyte,2023-Q4,maxi297,24
airbytehq/airbyte,2023-Q4,yevhenii-ldv,20
airbytehq/airbyte,2023-Q4,tolik0,29
airbytehq/airbyte,2023-Q4,_name:Duy Nguyen,8
airbytehq/airbyte,2023-Q4,JonsSpaghetti,2
airbytehq/airbyte,2023-Q4,flutra-osmani,1
airbytehq/airbyte,2023-Q4,colesnodgrass,4
airbytehq/airbyte,2023-Q4,hatamiarash7,1
airbytehq/airbyte,2023-Q4,tomlynchRNA,1
airbytehq/airbyte,2023-Q4,girarda,43
airbytehq/airbyte,2023-Q4,pmossman,1
airbytehq/airbyte,2023-Q4,_name:Conor,1
airbytehq/airbyte,2023-Q4,davydov-d,28
airbytehq/airbyte,2023-Q4,dynalz,1
airbytehq/airbyte,2023-Q4,DDynamic,1
airbytehq/airbyte,2023-Q4,sajarin,2
airbytehq/airbyte,2023-Q4,chadthman,1
airbytehq/airbyte,2023-Q4,git-phu,2
airbytehq/airbyte,2023-Q4,elefeint,1
airbytehq/airbyte,2023-Q4,ambirdsall,6
airbytehq/airbyte,2023-Q4,benmoriceau,8
airbytehq/airbyte,2023-Q4,_name:attaxia,1
airbytehq/airbyte,2023-Q4,christopherbrumm,1
airbytehq/airbyte,2023-Q4,nipunn1313,1
airbytehq/airbyte,2023-Q4,rexwangcc,1
airbytehq/airbyte,2023-Q4,andreaslillebo,1
airbytehq/airbyte,2023-Q4,LeoTheGriff,1
airbytehq/airbyte,2023-Q4,FriedrichtenHagen,1
airbytehq/airbyte,2023-Q4,richardgourley,1
airbytehq/airbyte,2023-Q4,lmossman,4
airbytehq/airbyte,2023-Q4,MarconLP,1
airbytehq/airbyte,2023-Q4,rijumone,1
airbytehq/airbyte,2023-Q4,erica-airbyte,3
airbytehq/airbyte,2023-Q4,aazam-gh,3
airbytehq/airbyte,2023-Q4,ariesgun,2
airbytehq/airbyte,2023-Q4,topefolorunso,23
airbytehq/airbyte,2023-Q4,pranjaljn97,1
airbytehq/airbyte,2023-Q4,MiguelMadero,1
airbytehq/airbyte,2023-Q4,_name:Gireesh Sreepathi,3
airbytehq/airbyte,2023-Q4,btkcodedev,12
airbytehq/airbyte,2023-Q4,_name:Baz,19
airbytehq/airbyte,2023-Q4,Al-Moatasem,1
airbytehq/airbyte,2023-Q4,pabloescoder,1
airbytehq/airbyte,2023-Q4,puru-khedre,4
airbytehq/airbyte,2023-Q4,hwaxxer,2
airbytehq/airbyte,2023-Q4,avirajsingh7,5
airbytehq/airbyte,2023-Q4,henriblancke,1
airbytehq/airbyte,2023-Q4,ignaciovi,1
airbytehq/airbyte,2023-Q4,JanumalaAkhilendra,1
airbytehq/airbyte,2023-Q4,mr-W3dnesday,1
airbytehq/airbyte,2023-Q4,katmarkham,2
airbytehq/airbyte,2023-Q4,CyberHippo,1
airbytehq/airbyte,2023-Q4,archangelic,1
airbytehq/airbyte,2023-Q4,vdusek,3
airbytehq/airbyte,2023-Q4,askarpets,2
airbytehq/airbyte,2023-Q4,teallarson,1
airbytehq/airbyte,2023-Q4,tryangul,2
airbytehq/airbyte,2023-Q4,_name:Jonathan Pearlin,5
airbytehq/airbyte,2023-Q4,mspaloss,1
airbytehq/airbyte,2023-Q4,jpefaur,2
airbytehq/airbyte,2023-Q4,ad-m-ss,1
airbytehq/airbyte,2023-Q4,rizwan-io,1
airbytehq/airbyte,2023-Q4,dbyzero,1
airbytehq/airbyte,2023-Q4,fadkeabhi,1
airbytehq/airbyte,2024-Q1,_name:Marius Posta,78
airbytehq/airbyte,2024-Q1,evantahler,44
airbytehq/airbyte,2024-Q1,DanyloGL,7
airbytehq/airbyte,2024-Q1,colesnodgrass,7
airbytehq/airbyte,2024-Q1,_name:Jonathan Pearlin,6
airbytehq/airbyte,2024-Q1,ChristoGrab,27
airbytehq/airbyte,2024-Q1,gisripa,39
airbytehq/airbyte,2024-Q1,natikgadzhi,18
airbytehq/airbyte,2024-Q1,stephane-airbyte,60
airbytehq/airbyte,2024-Q1,darynaishchenko,18
airbytehq/airbyte,2024-Q1,dependabot[bot],6
airbytehq/airbyte,2024-Q1,girarda,40
airbytehq/airbyte,2024-Q1,aaronsteers,38
airbytehq/airbyte,2024-Q1,lazebnyi,9
airbytehq/airbyte,2024-Q1,brianjlai,17
airbytehq/airbyte,2024-Q1,_name:Baz,16
airbytehq/airbyte,2024-Q1,roman-yermilov-gl,19
airbytehq/airbyte,2024-Q1,tolik0,37
airbytehq/airbyte,2024-Q1,graingert-coef,1
airbytehq/airbyte,2024-Q1,gosusnp,1
airbytehq/airbyte,2024-Q1,henriblancke,2
airbytehq/airbyte,2024-Q1,nobowned,1
airbytehq/airbyte,2024-Q1,avirajsingh7,1
airbytehq/airbyte,2024-Q1,cjkindel,1
airbytehq/airbyte,2024-Q1,erohmensing,32
airbytehq/airbyte,2024-Q1,Abner1zhou,2
airbytehq/airbyte,2024-Q1,bengineerdavis,1
airbytehq/airbyte,2024-Q1,artem1205,46
airbytehq/airbyte,2024-Q1,nataliekwong,7
airbytehq/airbyte,2024-Q1,edgao,33
airbytehq/airbyte,2024-Q1,davydov-d,1
airbytehq/airbyte,2024-Q1,akashkulk,22
airbytehq/airbyte,2024-Q1,pnilan,16
airbytehq/airbyte,2024-Q1,_name:Xiaohan Song,14
airbytehq/airbyte,2024-Q1,JonsSpaghetti,1
airbytehq/airbyte,2024-Q1,bindipankhudi,8
airbytehq/airbyte,2024-Q1,jbfbell,13
airbytehq/airbyte,2024-Q1,pmossman,6
airbytehq/airbyte,2024-Q1,hrl20,1
airbytehq/airbyte,2024-Q1,marcosmarxm,17
airbytehq/airbyte,2024-Q1,Hesperide,10
airbytehq/airbyte,2024-Q1,maxi297,36
airbytehq/airbyte,2024-Q1,perangel,3
airbytehq/airbyte,2024-Q1,rodireich,16
airbytehq/airbyte,2024-Q1,clnoll,31
airbytehq/airbyte,2024-Q1,alafanechere,124
airbytehq/airbyte,2024-Q1,lautaro79,1
airbytehq/airbyte,2024-Q1,amaliaroye,2
airbytehq/airbyte,2024-Q1,ambirdsall,11
airbytehq/airbyte,2024-Q1,pedroslopez,4
airbytehq/airbyte,2024-Q1,subodh1810,11
airbytehq/airbyte,2024-Q1,lmossman,3
airbytehq/airbyte,2024-Q1,blarghmatey,2
airbytehq/airbyte,2024-Q1,rwask,5
airbytehq/airbyte,2024-Q1,_name:Anton Karpets,44
airbytehq/airbyte,2024-Q1,terencecho,3
airbytehq/airbyte,2024-Q1,davinchia,2
airbytehq/airbyte,2024-Q1,shrutimantri,1
airbytehq/airbyte,2024-Q1,Anush008,1
airbytehq/airbyte,2024-Q1,ofermend,3
airbytehq/airbyte,2024-Q1,_name:maxi297,1
airbytehq/airbyte,2024-Q1,justinbchau,1
airbytehq/airbyte,2024-Q1,tybernstein,2
airbytehq/airbyte,2024-Q1,jnr0790,2
airbytehq/airbyte,2024-Q1,MaxwellJK,1
airbytehq/airbyte,2024-Q1,dtiesling,1
airbytehq/airbyte,2024-Q1,dwallace0723,1
airbytehq/airbyte,2024-Q1,bleonard,1
airbytehq/airbyte,2024-Q1,bgroff,4
airbytehq/airbyte,2024-Q1,_name:Tim Roes,3
airbytehq/airbyte,2024-Q1,iSINUS,1
airbytehq/airbyte,2024-Q1,Jgerardopine,1
airbytehq/airbyte,2024-Q1,dipth,1
airbytehq/airbyte,2024-Q1,ignacontrerasc,1
airbytehq/airbyte,2024-Q1,bendrucker,1
airbytehq/airbyte,2024-Q1,mrhydejc,1
airbytehq/airbyte,2024-Q1,midavadim,4
airbytehq/airbyte,2024-Q1,mjgatz,1
airbytehq/airbyte,2024-Q1,benmoriceau,3
airbytehq/airbyte,2024-Q1,_name:Joe Reuter,89
airbytehq/airbyte,2024-Q1,sajarin,1
airbytehq/airbyte,2024-Q1,chandlerprall,1
airbytehq/airbyte,2024-Q1,anomnaco,1
airbytehq/airbyte,2024-Q1,cynthiaxyin,5
airbytehq/airbyte,2024-Q1,ThaliaBarrera,1
airbytehq/airbyte,2024-Q1,Ash-v-G,1
airbytehq/airbyte,2024-Q1,jenssogaard,1
airbytehq/airbyte,2024-Q1,erica-airbyte,1
airbytehq/airbyte,2024-Q1,Marcus0086,1
airbytehq/airbyte,2024-Q1,ch1nq,1
airbytehq/airbyte,2024-Q1,_name:attaxia,1
airbytehq/airbyte,2024-Q1,pwae,1
airbytehq/airbyte,2024-Q1,mostafa6765,1
airbytehq/airbyte,2024-Q1,bnchrch,4
airbytehq/airbyte,2024-Q1,kekiss,1
airbytehq/airbyte,2024-Q1,bazarnov,1
airbytehq/airbyte,2024-Q1,sitaramshelke,1
airbytehq/airbyte,2024-Q1,DDynamic,1
airbytehq/airbyte,2024-Q1,jdpgrailsdev,1
airbytehq/airbyte,2024-Q1,askarpets,1
airbytehq/airbyte,2024-Q2,maxi297,64
airbytehq/airbyte,2024-Q2,clnoll,24
airbytehq/airbyte,2024-Q2,alafanechere,874
airbytehq/airbyte,2024-Q2,evantahler,31
airbytehq/airbyte,2024-Q2,Adorism,16
airbytehq/airbyte,2024-Q2,stephane-airbyte,54
airbytehq/airbyte,2024-Q2,btkcodedev,83
airbytehq/airbyte,2024-Q2,pabloescoder,32
airbytehq/airbyte,2024-Q2,davydov-d,7
airbytehq/airbyte,2024-Q2,natikgadzhi,160
airbytehq/airbyte,2024-Q2,edgao,45
airbytehq/airbyte,2024-Q2,inossidabile,1
airbytehq/airbyte,2024-Q2,erohmensing,33
airbytehq/airbyte,2024-Q2,theyueli,11
airbytehq/airbyte,2024-Q2,ChristoGrab,35
airbytehq/airbyte,2024-Q2,teallarson,1
airbytehq/airbyte,2024-Q2,akashkulk,34
airbytehq/airbyte,2024-Q2,johnny-schmidt,3
airbytehq/airbyte,2024-Q2,_name:Baz,23
airbytehq/airbyte,2024-Q2,kabeer27,1
airbytehq/airbyte,2024-Q2,tolik0,38
airbytehq/airbyte,2024-Q2,aldogonzalez8,8
airbytehq/airbyte,2024-Q2,marcosmarxm,6
airbytehq/airbyte,2024-Q2,hongbo-miao,2
airbytehq/airbyte,2024-Q2,_name:keyihuang,1
airbytehq/airbyte,2024-Q2,_name:Marius Posta,9
airbytehq/airbyte,2024-Q2,_name:Xiaohan Song,18
airbytehq/airbyte,2024-Q2,bnchrch,28
airbytehq/airbyte,2024-Q2,merenbach,1
airbytehq/airbyte,2024-Q2,Hesperide,3
airbytehq/airbyte,2024-Q2,artem1205,40
airbytehq/airbyte,2024-Q2,lazebnyi,26
airbytehq/airbyte,2024-Q2,asafalina,1
airbytehq/airbyte,2024-Q2,darynaishchenko,19
airbytehq/airbyte,2024-Q2,pnilan,12
airbytehq/airbyte,2024-Q2,JonsSpaghetti,4
airbytehq/airbyte,2024-Q2,cmm-airbyte,6
airbytehq/airbyte,2024-Q2,nastra,1
airbytehq/airbyte,2024-Q2,philbirtles,1
airbytehq/airbyte,2024-Q2,gisripa,32
airbytehq/airbyte,2024-Q2,jdenquin,1
airbytehq/airbyte,2024-Q2,gvillafanetapia,1
airbytehq/airbyte,2024-Q2,ctdio,1
airbytehq/airbyte,2024-Q2,carlonuccio,1
airbytehq/airbyte,2024-Q2,gndaniela,1
airbytehq/airbyte,2024-Q2,kikoncuo,1
airbytehq/airbyte,2024-Q2,juftin,1
airbytehq/airbyte,2024-Q2,dependabot[bot],3
airbytehq/airbyte,2024-Q2,abedzantout,1
airbytehq/airbyte,2024-Q2,gosusnp,1
airbytehq/airbyte,2024-Q2,nataliekwong,13
airbytehq/airbyte,2024-Q2,AnjayGoel,2
airbytehq/airbyte,2024-Q2,_name:Anton Karpets,30
airbytehq/airbyte,2024-Q2,jnr0790,2
airbytehq/airbyte,2024-Q2,rodireich,19
airbytehq/airbyte,2024-Q2,roman-yermilov-gl,9
airbytehq/airbyte,2024-Q2,davinchia,3
airbytehq/airbyte,2024-Q2,colesnodgrass,12
airbytehq/airbyte,2024-Q2,strosek,4
airbytehq/airbyte,2024-Q2,oyeliseiev-ua,1
airbytehq/airbyte,2024-Q2,imrehg,2
airbytehq/airbyte,2024-Q2,killthekitten,1
airbytehq/airbyte,2024-Q2,markcusack,2
airbytehq/airbyte,2024-Q2,hemidactylus,2
airbytehq/airbyte,2024-Q2,szemek,3
airbytehq/airbyte,2024-Q2,bindipankhudi,14
airbytehq/airbyte,2024-Q2,amaliaroye,1
airbytehq/airbyte,2024-Q2,girarda,64
airbytehq/airbyte,2024-Q2,aaronsteers,22
airbytehq/airbyte,2024-Q2,vamsikurre,1
airbytehq/airbyte,2024-Q2,_name:Joey Marshment-Howell,1
airbytehq/airbyte,2024-Q2,topefolorunso,1
airbytehq/airbyte,2024-Q2,jmmizerany,1
airbytehq/airbyte,2024-Q2,uskudnik,1
airbytehq/airbyte,2024-Q2,tybernstein,2
airbytehq/airbyte,2024-Q2,brianjlai,18
airbytehq/airbyte,2024-Q2,dmykhailov,1
airbytehq/airbyte,2024-Q2,yfyf,1
airbytehq/airbyte,2024-Q2,perangel,3
airbytehq/airbyte,2024-Q2,midavadim,3
airbytehq/airbyte,2024-Q2,_name:Tim Roes,2
airbytehq/airbyte,2024-Q2,bgroff,6
airbytehq/airbyte,2024-Q2,wennergr,1
airbytehq/airbyte,2024-Q2,askarpets,6
airbytehq/airbyte,2024-Q2,chandlerprall,1
airbytehq/airbyte,2024-Q2,bleonard,97
airbytehq/airbyte,2024-Q2,subodh1810,1
airbytehq/airbyte,2024-Q2,ambirdsall,1
airbytehq/airbyte,2024-Q2,blarghmatey,2
airbytehq/airbyte,2024-Q2,alex-gron,2
airbytehq/airbyte,2024-Q2,lmossman,1
airbytehq/airbyte,2024-Q2,itaseskii,1
airbytehq/airbyte,2024-Q2,davidmartins3011,1
airbytehq/airbyte,2024-Q2,jbfbell,6
airbytehq/airbyte,2024-Q2,keiththompson,1
airbytehq/airbyte,2024-Q2,tlfbrito,1
airbytehq/airbyte,2024-Q2,benmoriceau,6
airbytehq/airbyte,2024-Q2,ZuluagaSD,1
airbytehq/airbyte,2024-Q2,justinbchau,1
airbytehq/airbyte,2024-Q2,13072020,1
airbytehq/airbyte,2024-Q2,menishak,1
airbytehq/airbyte,2024-Q2,_name:Irving Popovetsky,1
airbytehq/airbyte,2024-Q2,mohamagdy,1
airbytehq/airbyte,2024-Q2,DanyloGL,2
airbytehq/airbyte,2024-Q2,tryangul,1
airbytehq/airbyte,2024-Q2,hrl20,1
airbytehq/airbyte,2024-Q2,kyleesoper,1
airbytehq/airbyte,2024-Q2,jlemmoniw,1
airbytehq/airbyte,2024-Q2,zbrak,1
airbytehq/airbyte,2024-Q2,tautvydas-v,1
airbytehq/airbyte,2024-Q2,henriblancke,1
airbytehq/airbyte,2024-Q2,rwhwebster,1
airbytehq/airbyte,2024-Q2,Abuton,1
airbytehq/airbyte,2024-Q2,Jgerardopine,1
airbytehq/airbyte,2024-Q2,jacobprall,1
airbytehq/airbyte,2024-Q2,pmossman,1
airbytehq/airbyte,2024-Q2,rwask,1
airbytehq/airbyte,2024-Q2,chelmerrox,2
airbytehq/airbyte,2024-Q2,cgardens,1
airbytehq/airbyte,2024-Q3,edgao,34
airbytehq/airbyte,2024-Q3,natikgadzhi,99
airbytehq/airbyte,2024-Q3,johnny-schmidt,31
airbytehq/airbyte,2024-Q3,btkcodedev,56
airbytehq/airbyte,2024-Q3,topefolorunso,17
airbytehq/airbyte,2024-Q3,craigbloodworth,3
airbytehq/airbyte,2024-Q3,assaadhjb,2
airbytehq/airbyte,2024-Q3,szemek,1
airbytehq/airbyte,2024-Q3,clnoll,39
airbytehq/airbyte,2024-Q3,airbyteio,1020
airbytehq/airbyte,2024-Q3,_name:Xiaohan Song,27
airbytehq/airbyte,2024-Q3,maxi297,49
airbytehq/airbyte,2024-Q3,girarda,24
airbytehq/airbyte,2024-Q3,_name:Marius Posta,51
airbytehq/airbyte,2024-Q3,stephane-airbyte,43
airbytehq/airbyte,2024-Q3,bnmry,1
airbytehq/airbyte,2024-Q3,Conall-airbyte,1
airbytehq/airbyte,2024-Q3,FilipeJesus,1
airbytehq/airbyte,2024-Q3,nataliekwong,23
airbytehq/airbyte,2024-Q3,bnchrch,10
airbytehq/airbyte,2024-Q3,darynaishchenko,24
airbytehq/airbyte,2024-Q3,letiescanciano,5
airbytehq/airbyte,2024-Q3,tolik0,17
airbytehq/airbyte,2024-Q3,rodireich,6
airbytehq/airbyte,2024-Q3,artem1205,63
airbytehq/airbyte,2024-Q3,alafanechere,2055
airbytehq/airbyte,2024-Q3,caydenm,1
airbytehq/airbyte,2024-Q3,aaronsteers,3
airbytehq/airbyte,2024-Q3,Hesperide,3
airbytehq/airbyte,2024-Q3,_name:Teal Larson,2
airbytehq/airbyte,2024-Q3,ehearty,1
airbytehq/airbyte,2024-Q3,gisripa,11
airbytehq/airbyte,2024-Q3,aldogonzalez8,28
airbytehq/airbyte,2024-Q3,bgroff,26
airbytehq/airbyte,2024-Q3,akashkulk,19
airbytehq/airbyte,2024-Q3,pnilan,42
airbytehq/airbyte,2024-Q3,lazebnyi,48
airbytehq/airbyte,2024-Q3,strosek,16
airbytehq/airbyte,2024-Q3,jdpgrailsdev,2
airbytehq/airbyte,2024-Q3,theyueli,17
airbytehq/airbyte,2024-Q3,marcosmarxm,4
airbytehq/airbyte,2024-Q3,benmoriceau,5
airbytehq/airbyte,2024-Q3,etiennecallies,1
airbytehq/airbyte,2024-Q3,brianjlai,25
airbytehq/airbyte,2024-Q3,pabloescoder,5
airbytehq/airbyte,2024-Q3,sviande,2
airbytehq/airbyte,2024-Q3,malikdiarra,4
airbytehq/airbyte,2024-Q3,henriblancke,1
airbytehq/airbyte,2024-Q3,cbeauch,1
airbytehq/airbyte,2024-Q3,willdavies0,1
airbytehq/airbyte,2024-Q3,_name:Jove Zhong,1
airbytehq/airbyte,2024-Q3,_name:Charles,7
airbytehq/airbyte,2024-Q3,evantahler,11
airbytehq/airbyte,2024-Q3,ChristoGrab,149
airbytehq/airbyte,2024-Q3,erohmensing,5
airbytehq/airbyte,2024-Q3,pmossman,2
airbytehq/airbyte,2024-Q3,BriungRi,1
airbytehq/airbyte,2024-Q3,johnwasserman,1
airbytehq/airbyte,2024-Q3,lmossman,4
airbytehq/airbyte,2024-Q3,michel-tricot,1
airbytehq/airbyte,2024-Q3,prashant-mittal9,4
airbytehq/airbyte,2024-Q3,davinchia,12
airbytehq/airbyte,2024-Q3,pedroslopez,2
airbytehq/airbyte,2024-Q3,Stockotaco,1
airbytehq/airbyte,2024-Q3,szubster,1
airbytehq/airbyte,2024-Q3,abuchanan-airbyte,1
airbytehq/airbyte,2024-Q3,jtruty,2
airbytehq/airbyte,2024-Q3,sidoh,1
airbytehq/airbyte,2024-Q3,AGPapa,4
airbytehq/airbyte,2024-Q3,techieshark,1
airbytehq/airbyte,2024-Q3,kev-datams,1
airbytehq/airbyte,2024-Q3,dependabot[bot],1
airbytehq/airbyte,2024-Q3,jnr0790,2
airbytehq/airbyte,2024-Q3,_name:Baz,16
airbytehq/airbyte,2024-Q3,bazarnov,3
airbytehq/airbyte,2024-Q3,henrik-brodtkorb,1
airbytehq/airbyte,2024-Q3,LouisAuneau,1
airbytehq/airbyte,2024-Q3,evyros,1
airbytehq/airbyte,2024-Q3,_name:Parker Mossman,1
airbytehq/airbyte,2024-Q3,teallarson,1
airbytehq/airbyte,2024-Q3,colesnodgrass,3
airbytehq/airbyte,2024-Q3,katmarkham,1
airbytehq/airbyte,2024-Q3,gosusnp,1
airbytehq/airbyte,2024-Q3,perangel,1
airbytehq/airbyte,2024-Q3,sajarin,2
airbytehq/airbyte,2024-Q3,maxmckenzie,1
airbytehq/airbyte,2024-Q3,nora-airbyte,1
airbytehq/airbyte,2024-Q3,nipunn1313,1
airbytehq/airbyte,2024-Q3,edimarlnx,1
airbytehq/airbyte,2024-Q3,alex-gron,2
airbytehq/airbyte,2024-Q3,chenriquealvarenga,1
airbytehq/airbyte,2024-Q3,Vee7574,1
airbytehq/airbyte,2024-Q3,laskoviymishka,1
airbytehq/airbyte,2024-Q3,davidmorera-rh,1
airbytehq/airbyte,2024-Q3,mr935h,2
airbytehq/airbyte,2024-Q3,im-voracity,1
airbytehq/airbyte,2024-Q3,Adorism,8
airbytehq/airbyte,2024-Q3,xandercovert,1
airbytehq/airbyte,2024-Q3,_name:Joey Marshment-Howell,2
airbytehq/airbyte,2024-Q3,descampsk,2
airbytehq/airbyte,2024-Q3,KimPlv,1
airbytehq/airbyte,2024-Q3,henriquemeloo,1
airbytehq/airbyte,2024-Q3,_name:Dan Aronson,1
airbytehq/airbyte,2024-Q3,data-wrights,1
airbytehq/airbyte,2024-Q3,AronsonDan,1
airbytehq/airbyte,2024-Q3,zh4ngx,1
airbytehq/airbyte,2024-Q3,marcua,1
airbytehq/airbyte,2024-Q3,whummer,1
airbytehq/airbyte,2024-Q3,Jeroendevr,4
airbytehq/airbyte,2024-Q3,hongbo-miao,2
airbytehq/airbyte,2024-Q3,sjmunoz,1
airbytehq/airbyte,2024-Q3,MsMatias,1
airbytehq/airbyte,2024-Q3,tim-werner,1
airbytehq/airbyte,2024-Q3,askarpets,1
airbytehq/airbyte,2024-Q3,cl-fl,1
airbytehq/airbyte,2024-Q3,aharbunou-branch,1
airbytehq/airbyte,2024-Q3,inossidabile,2
airbytehq/airbyte,2024-Q3,FVidalCarneiro,1
airbytehq/airbyte,2024-Q3,DDynamic,1
airbytehq/airbyte,2024-Q3,cmm-airbyte,4
airbytehq/airbyte,2024-Q4,airbyteio,2590
airbytehq/airbyte,2024-Q4,frifriSF59,3
airbytehq/airbyte,2024-Q4,marcosmarxm,2
airbytehq/airbyte,2024-Q4,johnny-schmidt,86
airbytehq/airbyte,2024-Q4,benmoriceau,8
airbytehq/airbyte,2024-Q4,JohnnyRafael,1
airbytehq/airbyte,2024-Q4,theyueli,7
airbytehq/airbyte,2024-Q4,alafanechere,108
airbytehq/airbyte,2024-Q4,davinchia,4
airbytehq/airbyte,2024-Q4,_name:Xiaohan Song,19
airbytehq/airbyte,2024-Q4,ian-at-airbyte,9
airbytehq/airbyte,2024-Q4,_name:Marius Posta,26
airbytehq/airbyte,2024-Q4,aaronsteers,40
airbytehq/airbyte,2024-Q4,edgao,46
airbytehq/airbyte,2024-Q4,Fabrizib,1
airbytehq/airbyte,2024-Q4,natikgadzhi,18
airbytehq/airbyte,2024-Q4,_name:Jonathan Pearlin,13
airbytehq/airbyte,2024-Q4,rodireich,26
airbytehq/airbyte,2024-Q4,subodh1810,7
airbytehq/airbyte,2024-Q4,github-actions[bot],9
airbytehq/airbyte,2024-Q4,JoeriSmits,1
airbytehq/airbyte,2024-Q4,brian-pinwheel,1
airbytehq/airbyte,2024-Q4,btkcodedev,24
airbytehq/airbyte,2024-Q4,yardencarmeli,3
airbytehq/airbyte,2024-Q4,ChristoGrab,11
airbytehq/airbyte,2024-Q4,darynaishchenko,8
airbytehq/airbyte,2024-Q4,LouisAuneau,1
airbytehq/airbyte,2024-Q4,aldogonzalez8,17
airbytehq/airbyte,2024-Q4,williamkaper,4
airbytehq/airbyte,2024-Q4,tryangul,8
airbytehq/airbyte,2024-Q4,maxi297,28
airbytehq/airbyte,2024-Q4,clnoll,7
airbytehq/airbyte,2024-Q4,_name:Baz,9
airbytehq/airbyte,2024-Q4,topefolorunso,23
airbytehq/airbyte,2024-Q4,pabloescoder,3
airbytehq/airbyte,2024-Q4,tcboles,1
airbytehq/airbyte,2024-Q4,pnilan,21
airbytehq/airbyte,2024-Q4,agarctfi,1
airbytehq/airbyte,2024-Q4,nataliekwong,11
airbytehq/airbyte,2024-Q4,Hesperide,2
airbytehq/airbyte,2024-Q4,_name:Guen Prawiroatmodjo,6
airbytehq/airbyte,2024-Q4,bhushan-barbuddhe,1
airbytehq/airbyte,2024-Q4,KimPlv,3
airbytehq/airbyte,2024-Q4,vpipkt,2
airbytehq/airbyte,2024-Q4,brianjlai,14
airbytehq/airbyte,2024-Q4,abuchanan-airbyte,2
airbytehq/airbyte,2024-Q4,stephane-airbyte,11
airbytehq/airbyte,2024-Q4,matteogp,3
airbytehq/airbyte,2024-Q4,michel-tricot,1
airbytehq/airbyte,2024-Q4,SkinnyPigeon,4
airbytehq/airbyte,2024-Q4,_name:Krapp,1
airbytehq/airbyte,2024-Q4,lazebnyi,15
airbytehq/airbyte,2024-Q4,letiescanciano,8
airbytehq/airbyte,2024-Q4,jamhouston,1
airbytehq/airbyte,2024-Q4,FilahAnas,1
airbytehq/airbyte,2024-Q4,burakku,1
airbytehq/airbyte,2024-Q4,artem1205,25
airbytehq/airbyte,2024-Q4,tbpeders,1
airbytehq/airbyte,2024-Q4,blakeflei,1
airbytehq/airbyte,2024-Q4,tolik0,16
airbytehq/airbyte,2024-Q4,ryanahall,1
airbytehq/airbyte,2024-Q4,jeremy-ingenuity,1
airbytehq/airbyte,2024-Q4,tobiasmcnulty,1
airbytehq/airbyte,2024-Q4,parthiv11,42
airbytehq/airbyte,2024-Q4,bala-ceg,7
airbytehq/airbyte,2024-Q4,bishalbera,28
airbytehq/airbyte,2024-Q4,ombhardwajj,27
airbytehq/airbyte,2024-Q4,aazam-gh,22
airbytehq/airbyte,2024-Q4,faria-karim-porna,1
airbytehq/airbyte,2024-Q4,pedroslopez,2
airbytehq/airbyte,2024-Q4,hantmac,1
airbytehq/airbyte,2024-Q4,shrutimantri,1
airbytehq/airbyte,2024-Q4,itsxdamdam,1
airbytehq/airbyte,2024-Q4,gemsteam,6
airbytehq/airbyte,2024-Q4,zeev-finaloop,1
airbytehq/airbyte,2024-Q4,malikdiarra,1
airbytehq/airbyte,2024-Q4,prashant-mittal9,1
airbytehq/airbyte,2024-Q4,bgroff,2
airbytehq/airbyte,2024-Q4,dainiussa,1
airbytehq/airbyte,2024-Q4,sepsi77,1
airbytehq/airbyte,2024-Q4,szemek,1
airbytehq/airbyte,2024-Q4,lmossman,4
airbytehq/airbyte,2024-Q4,dependabot[bot],7
airbytehq/airbyte,2024-Q4,avirajsingh7,4
airbytehq/airbyte,2024-Q4,Smoothengineer,1
airbytehq/airbyte,2024-Q4,akashkulk,2
airbytehq/airbyte,2024-Q4,girarda,1
airbytehq/airbyte,2024-Q4,rwask,1
airbytehq/airbyte,2024-Q4,_name:Teal Larson,1
airbytehq/airbyte,2024-Q4,amaliaroye,1
airbytehq/airbyte,2024-Q4,drobnikj,1
airbytehq/airbyte,2024-Q4,szubster,1
airbytehq/airbyte,2024-Q4,chandlerprall,1
airbytehq/airbyte,2024-Q4,zckymc,1
airbytehq/airbyte,2024-Q4,dmykhailov,1
airbytehq/airbyte,2024-Q4,williamleiby,1
airbytehq/airbyte,2024-Q4,Reidsy,1
airbytehq/airbyte,2025-Q1,btkcodedev,25
airbytehq/airbyte,2025-Q1,rodireich,11
airbytehq/airbyte,2025-Q1,MrdjanPoletanovic,1
airbytehq/airbyte,2025-Q1,ian-at-airbyte,30
airbytehq/airbyte,2025-Q1,natikgadzhi,33
airbytehq/airbyte,2025-Q1,edgao,56
airbytehq/airbyte,2025-Q1,xhensiladoda,1
airbytehq/airbyte,2025-Q1,airbyteio,4633
airbytehq/airbyte,2025-Q1,johnny-schmidt,56
airbytehq/airbyte,2025-Q1,Conall-airbyte,1
airbytehq/airbyte,2025-Q1,davinchia,9
airbytehq/airbyte,2025-Q1,lideke,2
airbytehq/airbyte,2025-Q1,burakku,8
airbytehq/airbyte,2025-Q1,tybernstein,6
airbytehq/airbyte,2025-Q1,devin-ai-integration[bot],37
airbytehq/airbyte,2025-Q1,darynaishchenko,11
airbytehq/airbyte,2025-Q1,meyerovb,1
airbytehq/airbyte,2025-Q1,CapCaWork,1
airbytehq/airbyte,2025-Q1,matteogp,6
airbytehq/airbyte,2025-Q1,NahidOulmi,1
airbytehq/airbyte,2025-Q1,FelixJetschiny,1
airbytehq/airbyte,2025-Q1,EladLeev,1
airbytehq/airbyte,2025-Q1,y-yoshimura-cipher,1
airbytehq/airbyte,2025-Q1,_name:Baz,7
airbytehq/airbyte,2025-Q1,sc250072,5
airbytehq/airbyte,2025-Q1,maxi297,16
airbytehq/airbyte,2025-Q1,urban-z,1
airbytehq/airbyte,2025-Q1,frifriSF59,17
airbytehq/airbyte,2025-Q1,samieid93,1
airbytehq/airbyte,2025-Q1,Widecode,3
airbytehq/airbyte,2025-Q1,VigneshSankar01,2
airbytehq/airbyte,2025-Q1,cbuckle1,1
airbytehq/airbyte,2025-Q1,apd-bbrewington,1
airbytehq/airbyte,2025-Q1,kyleromines,4
airbytehq/airbyte,2025-Q1,mkrawc,2
airbytehq/airbyte,2025-Q1,karolur,1
airbytehq/airbyte,2025-Q1,Rhiyo,1
airbytehq/airbyte,2025-Q1,hcrosse,1
airbytehq/airbyte,2025-Q1,KimPlv,6
airbytehq/airbyte,2025-Q1,tolik0,14
airbytehq/airbyte,2025-Q1,marcosmarxm,3
airbytehq/airbyte,2025-Q1,agarctfi,14
airbytehq/airbyte,2025-Q1,DanyloGL,3
airbytehq/airbyte,2025-Q1,mwbayley,4
airbytehq/airbyte,2025-Q1,Shuky,1
airbytehq/airbyte,2025-Q1,aldogonzalez8,13
airbytehq/airbyte,2025-Q1,nickcopley-sa,2
airbytehq/airbyte,2025-Q1,OwenPolybox,1
airbytehq/airbyte,2025-Q1,aalkuatova,1
airbytehq/airbyte,2025-Q1,agnieszka-m,1
airbytehq/airbyte,2025-Q1,evantahler,4
airbytehq/airbyte,2025-Q1,dbgold17,1
airbytehq/airbyte,2025-Q1,bnchrch,3
airbytehq/airbyte,2025-Q1,lmossman,1
airbytehq/airbyte,2025-Q1,github-actions[bot],18
airbytehq/airbyte,2025-Q1,oyeliseiev-ua,1
airbytehq/airbyte,2025-Q1,abrahamy,1
airbytehq/airbyte,2025-Q1,brianjlai,6
airbytehq/airbyte,2025-Q1,GamesmenJordan,2
airbytehq/airbyte,2025-Q1,szemek,5
airbytehq/airbyte,2025-Q1,theyueli,5
airbytehq/airbyte,2025-Q1,pnilan,12
airbytehq/airbyte,2025-Q1,sheyd,1
airbytehq/airbyte,2025-Q1,suhl79,1
airbytehq/airbyte,2025-Q1,dependabot[bot],2
airbytehq/airbyte,2025-Q1,topefolorunso,20
airbytehq/airbyte,2025-Q1,_name:Jonathan Pearlin,7
airbytehq/airbyte,2025-Q1,_name:jake horban,1
airbytehq/airbyte,2025-Q1,pabloescoder,10
airbytehq/airbyte,2025-Q1,artem1205,9
airbytehq/airbyte,2025-Q1,aaronsteers,5
airbytehq/airbyte,2025-Q1,tautvydas-v,1
airbytehq/airbyte,2025-Q1,teetangh,2
airbytehq/airbyte,2025-Q1,markcusack,1
airbytehq/airbyte,2025-Q1,Vadym5,1
airbytehq/airbyte,2025-Q1,blakeflei,3
airbytehq/airbyte,2025-Q1,vpipkt,5
airbytehq/airbyte,2025-Q1,mosonyi,1
airbytehq/airbyte,2025-Q1,_name:Teal Larson,1
airbytehq/airbyte,2025-Q1,morgan-dgk,1
airbytehq/airbyte,2025-Q1,yardencarmeli,3
airbytehq/airbyte,2025-Q1,subodh1810,10
airbytehq/airbyte,2025-Q1,SkinnyPigeon,1
airbytehq/airbyte,2025-Q1,gueroverde,1
airbytehq/airbyte,2025-Q1,sheinbergon,3
airbytehq/airbyte,2025-Q1,RobbertDM,1
airbytehq/airbyte,2025-Q1,_name:Charles,1
airbytehq/airbyte,2025-Q1,gosusnp,10
airbytehq/airbyte,2025-Q1,ChristoGrab,4
airbytehq/airbyte,2025-Q1,MoAqsam,1
airbytehq/airbyte,2025-Q1,hchiao1,1
airbytehq/airbyte,2025-Q1,kev-datams,2
airbytehq/airbyte,2025-Q1,keiththompson,1
airbytehq/airbyte,2025-Q1,atritch,1
airbytehq/airbyte,2025-Q1,wmcguinn-octave,1
airbytehq/airbyte,2025-Q1,_name:maxi297,2
airbytehq/airbyte,2025-Q1,zckymc,2
airbytehq/airbyte,2025-Q1,bffrost,1
airbytehq/airbyte,2025-Q1,nkupton,1
airbytehq/airbyte,2025-Q1,mombrea,1
airbytehq/airbyte,2025-Q1,_name:Rémi Lapeyre,2
airbytehq/airbyte,2025-Q1,steven-luabase,2
airbytehq/airbyte,2025-Q1,tgonzalezc5,1
airbytehq/airbyte,2025-Q1,abhisheksingh94,1
airbytehq/airbyte,2025-Q1,assaadhjb,1
airbytehq/airbyte,2025-Q1,parthiv11,1
airbytehq/airbyte,2025-Q1,stephane-airbyte,3
airbytehq/airbyte,2025-Q1,soumilbaldota,1
airbytehq/airbyte,2025-Q1,pmwheatley,1
airbytehq/airbyte,2025-Q1,bhushan-barbuddhe,2
airbytehq/airbyte,2025-Q1,JohnnyRafael,1
airbytehq/airbyte,2025-Q1,lazebnyi,5
airbytehq/airbyte,2025-Q1,engageandy,1
airbytehq/airbyte,2025-Q1,_name:Marius Posta,14
airbytehq/airbyte,2025-Q1,tryangul,10
airbytehq/airbyte,2025-Q1,alafanechere,52
airbytehq/airbyte,2025-Q1,krokrob,2
airbytehq/airbyte,2025-Q1,jnr0790,1
airbytehq/airbyte,2025-Q1,justbeez,1
airbytehq/airbyte,2025-Q1,yohannj,1
airbytehq/airbyte,2025-Q1,abuchanan-airbyte,3
airbytehq/airbyte,2025-Q1,ptiurin,1
airbytehq/airbyte,2025-Q1,absorbb,1
airbytehq/airbyte,2025-Q1,nataliekwong,1
airbytehq/airbyte,2025-Q1,jfpaccini,1
airbytehq/airbyte,2025-Q1,letiescanciano,1
airbytehq/airbyte,2025-Q1,_name:Xiaohan Song,1
airbytehq/airbyte,2025-Q1,benmoriceau,1
airbytehq/airbyte,2025-Q1,h0rban,1
airbytehq/airbyte,2025-Q2,benmoriceau,25
airbytehq/airbyte,2025-Q2,gosusnp,12
airbytehq/airbyte,2025-Q2,maxi297,14
airbytehq/airbyte,2025-Q2,yardencarmeli,10
airbytehq/airbyte,2025-Q2,ian-at-airbyte,46
airbytehq/airbyte,2025-Q2,lazebnyi,15
airbytehq/airbyte,2025-Q2,letiescanciano,7
airbytehq/airbyte,2025-Q2,blakeflei,2
airbytehq/airbyte,2025-Q2,edgao,70
airbytehq/airbyte,2025-Q2,_name:Jonathan Pearlin,11
airbytehq/airbyte,2025-Q2,airbyteio,3880
airbytehq/airbyte,2025-Q2,subodh1810,14
airbytehq/airbyte,2025-Q2,ChristoGrab,15
airbytehq/airbyte,2025-Q2,octavia-bot[bot],8
airbytehq/airbyte,2025-Q2,aaronsteers,96
airbytehq/airbyte,2025-Q2,bmulh,1
airbytehq/airbyte,2025-Q2,alishaz-polymath,1
airbytehq/airbyte,2025-Q2,navneetmaharishi,3
airbytehq/airbyte,2025-Q2,zckymc,2
airbytehq/airbyte,2025-Q2,tolik0,12
airbytehq/airbyte,2025-Q2,aldogonzalez8,17
airbytehq/airbyte,2025-Q2,darynaishchenko,18
airbytehq/airbyte,2025-Q2,brianjlai,22
airbytehq/airbyte,2025-Q2,davinchia,38
airbytehq/airbyte,2025-Q2,frifriSF59,14
airbytehq/airbyte,2025-Q2,sajarin,1
airbytehq/airbyte,2025-Q2,agarctfi,22
airbytehq/airbyte,2025-Q2,tryangul,23
airbytehq/airbyte,2025-Q2,pnilan,17
airbytehq/airbyte,2025-Q2,rodireich,11
airbytehq/airbyte,2025-Q2,mwbayley,7
airbytehq/airbyte,2025-Q2,Magistah,1
airbytehq/airbyte,2025-Q2,shdanielsh-nyk,1
airbytehq/airbyte,2025-Q2,quintonwall,4
airbytehq/airbyte,2025-Q2,arpanetus,1
airbytehq/airbyte,2025-Q2,devin-ai-integration[bot],22
airbytehq/airbyte,2025-Q2,clnoll,2
airbytehq/airbyte,2025-Q2,dbgold17,14
airbytehq/airbyte,2025-Q2,sc250072,1
airbytehq/airbyte,2025-Q2,abuchanan-airbyte,2
airbytehq/airbyte,2025-Q2,johnny-schmidt,33
airbytehq/airbyte,2025-Q2,leonmm2,3
airbytehq/airbyte,2025-Q2,fkkhan2009,1
airbytehq/airbyte,2025-Q2,parthiv11,2
airbytehq/airbyte,2025-Q2,theyueli,5
airbytehq/airbyte,2025-Q2,bgroff,1
airbytehq/airbyte,2025-Q2,github-actions[bot],24
airbytehq/airbyte,2025-Q2,perangel,1
airbytehq/airbyte,2025-Q2,mkrawc,1
airbytehq/airbyte,2025-Q2,t49tran,1
airbytehq/airbyte,2025-Q2,c200bzh,1
airbytehq/airbyte,2025-Q2,adityamohta,2
airbytehq/airbyte,2025-Q2,vpipkt,1
airbytehq/airbyte,2025-Q2,d-miranda,1
airbytehq/airbyte,2025-Q2,smol-bains,6
airbytehq/airbyte,2025-Q2,1cadumagalhaes,1
airbytehq/airbyte,2025-Q2,elefeint,1
airbytehq/airbyte,2025-Q2,_name:Teal Larson,2
airbytehq/airbyte,2025-Q2,tybernstein,2
airbytehq/airbyte,2025-Q2,matteogp,1
airbytehq/airbyte,2025-Q2,joacoc2020,1
airbytehq/airbyte,2025-Q2,bnchrch,6
airbytehq/airbyte,2025-Q2,DanyloGL,1
airbytehq/airbyte,2025-Q2,cjm-s,1
airbytehq/airbyte,2025-Q2,girarda,3
airbytehq/airbyte,2025-Q2,sheinbergon,2
airbytehq/airbyte,2025-Q2,harshit-jain52,1
airbytehq/airbyte,2025-Q2,henriblancke,1
airbytehq/airbyte,2025-Q2,szemek,1
airbytehq/airbyte,2025-Q2,edwandr,1
airbytehq/airbyte,2025-Q2,Hesperide,1
airbytehq/airbyte,2025-Q2,0x000A,1
airbytehq/airbyte,2025-Q2,lmossman,1
airbytehq/airbyte,2025-Q2,aidanlister,1
airbytehq/airbyte,2025-Q2,ryanmcg2203,1
airbytehq/airbyte,2025-Q2,uptownhr,2
airbytehq/airbyte,2025-Q2,lideke,2
airbytehq/airbyte,2025-Q2,cbuckle1,1
airbytehq/airbyte,2025-Q2,zero-stroke,1
airbytehq/airbyte,2025-Q2,_name:maxi297,2
airbytehq/airbyte,2025-Q2,mekedron,1
airbytehq/airbyte,2025-Q2,kev-datams,2
airbytehq/airbyte,2025-Q2,Vadym5,1
airbytehq/airbyte,2025-Q2,justbeez,1
airbytehq/airbyte,2025-Q2,alex-magno,1
airbytehq/airbyte,2025-Q2,SebasZwinkels,1
airbytehq/airbyte,2025-Q2,hai-ld,1
airbytehq/airbyte,2025-Q2,_name:Charles,1
airbytehq/airbyte,2025-Q2,plovegro,1
airbytehq/airbyte,2025-Q2,natikgadzhi,6
airbytehq/airbyte,2025-Q2,johnwasserman,1
airbytehq/airbyte,2025-Q2,btkcodedev,31
airbytehq/airbyte,2025-Q2,rrecin,1
airbytehq/airbyte,2025-Q2,wennergr,1
airbytehq/airbyte,2025-Q2,topefolorunso,1
airbytehq/airbyte,2025-Q2,codykaup,1
airbytehq/airbyte,2025-Q2,meyerovb,1
airbytehq/airbyte,2025-Q3,edgao,56
airbytehq/airbyte,2025-Q3,airbyteio,2637
airbytehq/airbyte,2025-Q3,octavia-bot-hoard[bot],441
airbytehq/airbyte,2025-Q3,maxi297,43
airbytehq/airbyte,2025-Q3,jpefaur,18
airbytehq/airbyte,2025-Q3,tolik0,33
airbytehq/airbyte,2025-Q3,devin-ai-integration[bot],41
airbytehq/airbyte,2025-Q3,subodh1810,20
airbytehq/airbyte,2025-Q3,octavia-bot[bot],52
airbytehq/airbyte,2025-Q3,sophiecuiy,3
airbytehq/airbyte,2025-Q3,ian-at-airbyte,45
airbytehq/airbyte,2025-Q3,frifriSF59,8
airbytehq/airbyte,2025-Q3,vai-airbyte,1
airbytehq/airbyte,2025-Q3,mwbayley,6
airbytehq/airbyte,2025-Q3,pnilan,32
airbytehq/airbyte,2025-Q3,gasci,1
airbytehq/airbyte,2025-Q3,tryangul,39
airbytehq/airbyte,2025-Q3,darynaishchenko,23
airbytehq/airbyte,2025-Q3,aidanlister,2
airbytehq/airbyte,2025-Q3,aaronsteers,21
airbytehq/airbyte,2025-Q3,rodireich,10
airbytehq/airbyte,2025-Q3,justbeez,1
airbytehq/airbyte,2025-Q3,tgonzalezc5,15
airbytehq/airbyte,2025-Q3,yardencarmeli,6
airbytehq/airbyte,2025-Q3,tybernstein,4
airbytehq/airbyte,2025-Q3,brianjlai,16
airbytehq/airbyte,2025-Q3,DanyloGL,3
airbytehq/airbyte,2025-Q3,btkcodedev,2
airbytehq/airbyte,2025-Q3,burakku,7
airbytehq/airbyte,2025-Q3,dbgold17,25
airbytehq/airbyte,2025-Q3,lleadbet,2
airbytehq/airbyte,2025-Q3,_name:Jonathan Pearlin,4
airbytehq/airbyte,2025-Q3,agarctfi,12
airbytehq/airbyte,2025-Q3,gosusnp,8
airbytehq/airbyte,2025-Q3,benmoriceau,24
airbytehq/airbyte,2025-Q3,Hesperide,1
airbytehq/airbyte,2025-Q3,Tonkonozhenko,1
airbytehq/airbyte,2025-Q3,_name:Charles,3
airbytehq/airbyte,2025-Q3,KimPlv,3
airbytehq/airbyte,2025-Q3,Ismailabdulraheem,1
airbytehq/airbyte,2025-Q3,blakeflei,1
airbytehq/airbyte,2025-Q3,luutuankiet,2
airbytehq/airbyte,2025-Q3,alex-birch,2
airbytehq/airbyte,2025-Q3,uptickmetachu,1
airbytehq/airbyte,2025-Q3,mkrawc,1
airbytehq/airbyte,2025-Q3,0xfadeef,1
airbytehq/airbyte,2025-Q3,chanronson,1
airbytehq/airbyte,2025-Q3,matteogp,3
airbytehq/airbyte,2025-Q3,katmarkham,2
airbytehq/airbyte,2025-Q3,davinchia,6
airbytehq/airbyte,2025-Q3,girarda,4
airbytehq/airbyte,2025-Q3,_name:qingemeng,1
airbytehq/airbyte,2025-Q3,sajarin,3
airbytehq/airbyte,2025-Q3,Miesjell,1
airbytehq/airbyte,2025-Q3,bgroff,2
airbytehq/airbyte,2025-Q3,ChristoGrab,10
airbytehq/airbyte,2025-Q3,julio-adenci,1
airbytehq/airbyte,2025-Q3,santigiova,1
airbytehq/airbyte,2025-Q3,saif-qureshi-341,1
airbytehq/airbyte,2025-Q3,aprabhat,1
airbytehq/airbyte,2025-Q3,fbardos,1
airbytehq/airbyte,2025-Q3,vpipkt,1
airbytehq/airbyte,2025-Q3,jimruppert,2
airbytehq/airbyte,2025-Q3,zach-all,1
airbytehq/airbyte,2025-Q3,ali-taha-ahmed,1
airbytehq/airbyte,2025-Q3,GtheSheep,1
airbytehq/airbyte,2025-Q3,sheinbergon,1
airbytehq/airbyte,2025-Q3,oleh-m1,1
airbytehq/airbyte,2025-Q3,yumazak,1
airbytehq/airbyte,2025-Q3,bhushan-barbuddhe,2
airbytehq/airbyte,2025-Q3,_name:attaxia,1
airbytehq/airbyte,2025-Q3,joacoc2020,1
airbytehq/airbyte,2025-Q3,gingerjx,1
airbytehq/airbyte,2025-Q3,alishaz-polymath,2
airbytehq/airbyte,2025-Q3,robsonhermes,1
airbytehq/airbyte,2025-Q3,theyueli,4
airbytehq/airbyte,2025-Q3,cvd,1
airbytehq/airbyte,2025-Q3,pabloescoder,1
airbytehq/airbyte,2025-Q3,letiescanciano,1
airbytehq/airbyte,2025-Q3,kev-datams,1
airbytehq/airbyte,2025-Q3,quintonwall,2
airbytehq/airbyte,2025-Q3,wennergr,1
airbytehq/airbyte,2025-Q3,leonmm2,2
airbytehq/airbyte,2025-Q3,aldogonzalez8,1
airbytehq/airbyte,2025-Q3,nmtruong93,1
airbytehq/airbyte,2025-Q3,mumoshu,1
airbytehq/airbyte,2025-Q3,bibimorlet,1
airbytehq/airbyte,2025-Q3,williamkaper,2
airbytehq/airbyte,2025-Q3,topefolorunso,1
airbytehq/airbyte,2025-Q4,aaronsteers,65
airbytehq/airbyte,2025-Q4,devin-ai-integration[bot],117
airbytehq/airbyte,2025-Q4,tryangul,24
airbytehq/airbyte,2025-Q4,darynaishchenko,18
airbytehq/airbyte,2025-Q4,octavia-bot[bot],21
airbytehq/airbyte,2025-Q4,edgao,53
airbytehq/airbyte,2025-Q4,octavia-bot-hoard[bot],2524
airbytehq/airbyte,2025-Q4,DanyloGL,1
airbytehq/airbyte,2025-Q4,gosusnp,5
airbytehq/airbyte,2025-Q4,blakeflei,2
airbytehq/airbyte,2025-Q4,tolik0,19
airbytehq/airbyte,2025-Q4,iherdt-airbyte,1
airbytehq/airbyte,2025-Q4,benmoriceau,9
airbytehq/airbyte,2025-Q4,oku95,1
airbytehq/airbyte,2025-Q4,ian-at-airbyte,23
airbytehq/airbyte,2025-Q4,tgonzalezc5,2
airbytehq/airbyte,2025-Q4,brianjlai,12
airbytehq/airbyte,2025-Q4,ml-tharada,1
airbytehq/airbyte,2025-Q4,FVCCarneiro,1
airbytehq/airbyte,2025-Q4,aidanlister,3
airbytehq/airbyte,2025-Q4,burakku,22
airbytehq/airbyte,2025-Q4,jrbarkin,1
airbytehq/airbyte,2025-Q4,suisuixia42,1
airbytehq/airbyte,2025-Q4,sophiecuiy,10
airbytehq/airbyte,2025-Q4,vai-airbyte,6
airbytehq/airbyte,2025-Q4,airbyteio,17
airbytehq/airbyte,2025-Q4,johnny-schmidt,2
airbytehq/airbyte,2025-Q4,eytan-avisror,1
airbytehq/airbyte,2025-Q4,frifriSF59,12
airbytehq/airbyte,2025-Q4,unkedeuxke,1
airbytehq/airbyte,2025-Q4,matteogp,2
airbytehq/airbyte,2025-Q4,maxi297,25
airbytehq/airbyte,2025-Q4,rodireich,9
airbytehq/airbyte,2025-Q4,hlecco,1
airbytehq/airbyte,2025-Q4,topefolorunso,2
airbytehq/airbyte,2025-Q4,subodh1810,7
airbytehq/airbyte,2025-Q4,_name:Jonathan Pearlin,9
airbytehq/airbyte,2025-Q4,mwbayley,3
airbytehq/airbyte,2025-Q4,dbgold17,9
airbytehq/airbyte,2025-Q4,Hesperide,2
airbytehq/airbyte,2025-Q4,Copilot,1
airbytehq/airbyte,2025-Q4,agarctfi,6
airbytehq/airbyte,2025-Q4,letiescanciano,2
airbytehq/airbyte,2025-Q4,sheinbergon,1
airbytehq/airbyte,2025-Q4,craigbloodworth,1
airbytehq/airbyte,2025-Q4,_name:Teal Larson,3
airbytehq/airbyte,2025-Q4,yardencarmeli,1
airbytehq/airbyte,2025-Q4,jpefaur,6
airbytehq/airbyte,2025-Q4,lleadbet,2
airbytehq/airbyte,2025-Q4,makaroni4,1
airbytehq/airbyte,2025-Q4,wennergr,1
airbytehq/airbyte,2025-Q4,davinchia,3
airbytehq/airbyte,2025-Q4,ptiurin,1
zed-industries/zed,2023-Q1,ForLoveOfCats,131
zed-industries/zed,2023-Q1,mikayla-maki,265
zed-industries/zed,2023-Q1,as-cii,186
zed-industries/zed,2023-Q1,iamnbutler,91
zed-industries/zed,2023-Q1,_name:Petros Amoiridis,77
zed-industries/zed,2023-Q1,maxbrunsfeld,209
zed-industries/zed,2023-Q1,JosephTLyons,118
zed-industries/zed,2023-Q1,nathansobo,26
zed-industries/zed,2023-Q1,_name:Kay Simmons,91
zed-industries/zed,2023-Q2,osiewicz,94
zed-industries/zed,2023-Q2,mikayla-maki,328
zed-industries/zed,2023-Q2,KCaverly,25
zed-industries/zed,2023-Q2,SomeoneToIgnore,214
zed-industries/zed,2023-Q2,maxbrunsfeld,308
zed-industries/zed,2023-Q2,JosephTLyons,108
zed-industries/zed,2023-Q2,ConradIrwin,16
zed-industries/zed,2023-Q2,iamnbutler,101
zed-industries/zed,2023-Q2,as-cii,404
zed-industries/zed,2023-Q2,ForLoveOfCats,100
zed-industries/zed,2023-Q2,nathansobo,135
zed-industries/zed,2023-Q2,sonufrienko,32
zed-industries/zed,2023-Q2,hovsater,6
zed-industries/zed,2023-Q2,_name:Petros Amoiridis,25
zed-industries/zed,2023-Q3,nathansobo,246
zed-industries/zed,2023-Q3,maxdeviant,28
zed-industries/zed,2023-Q3,ConradIrwin,210
zed-industries/zed,2023-Q3,maxbrunsfeld,222
zed-industries/zed,2023-Q3,mikayla-maki,255
zed-industries/zed,2023-Q3,KCaverly,210
zed-industries/zed,2023-Q3,as-cii,146
zed-industries/zed,2023-Q3,osiewicz,208
zed-industries/zed,2023-Q3,JosephTLyons,111
zed-industries/zed,2023-Q3,SomeoneToIgnore,242
zed-industries/zed,2023-Q3,ForLoveOfCats,63
zed-industries/zed,2023-Q3,iamnbutler,154
zed-industries/zed,2023-Q3,PixelJanitor,20
zed-industries/zed,2023-Q3,QuinnWilton,8
zed-industries/zed,2023-Q3,aexvir,6
zed-industries/zed,2023-Q3,sonufrienko,3
zed-industries/zed,2023-Q4,nathansobo,218
zed-industries/zed,2023-Q4,SomeoneToIgnore,334
zed-industries/zed,2023-Q4,osiewicz,218
zed-industries/zed,2023-Q4,JosephTLyons,199
zed-industries/zed,2023-Q4,maxdeviant,633
zed-industries/zed,2023-Q4,maxbrunsfeld,356
zed-industries/zed,2023-Q4,as-cii,568
zed-industries/zed,2023-Q4,ForLoveOfCats,138
zed-industries/zed,2023-Q4,iamnbutler,350
zed-industries/zed,2023-Q4,ConradIrwin,443
zed-industries/zed,2023-Q4,mikayla-maki,225
zed-industries/zed,2023-Q4,fdionisi,4
zed-industries/zed,2023-Q4,KCaverly,98
zed-industries/zed,2024-Q1,nathansobo,38
zed-industries/zed,2024-Q1,MatthiasGrandl,3
zed-industries/zed,2024-Q1,petros,1
zed-industries/zed,2024-Q1,JosephTLyons,135
zed-industries/zed,2024-Q1,osiewicz,155
zed-industries/zed,2024-Q1,maxdeviant,371
zed-industries/zed,2024-Q1,xyzqm,5
zed-industries/zed,2024-Q1,rgbkrk,3
zed-industries/zed,2024-Q1,SomeoneToIgnore,187
zed-industries/zed,2024-Q1,bennetbo,24
zed-industries/zed,2024-Q1,jansol,1
zed-industries/zed,2024-Q1,maxbrunsfeld,190
zed-industries/zed,2024-Q1,mrnugget,140
zed-industries/zed,2024-Q1,ognevny,2
zed-industries/zed,2024-Q1,niklaswimmer,8
zed-industries/zed,2024-Q1,kazatsuyu,25
zed-industries/zed,2024-Q1,Kalmaegi,16
zed-industries/zed,2024-Q1,as-cii,132
zed-industries/zed,2024-Q1,mikayla-maki,172
zed-industries/zed,2024-Q1,the-jasoney,2
zed-industries/zed,2024-Q1,alygin,19
zed-industries/zed,2024-Q1,Dunqing,1
zed-industries/zed,2024-Q1,ConradIrwin,411
zed-industries/zed,2024-Q1,RemcoSmitsDev,10
zed-industries/zed,2024-Q1,JunkuiZhang,23
zed-industries/zed,2024-Q1,zaucy,22
zed-industries/zed,2024-Q1,hackedd,1
zed-industries/zed,2024-Q1,KiyoNetcat,1
zed-industries/zed,2024-Q1,bajrangCoder,1
zed-industries/zed,2024-Q1,jakobkg,1
zed-industries/zed,2024-Q1,WaffleLapkin,1
zed-industries/zed,2024-Q1,Aaron-212,1
zed-industries/zed,2024-Q1,Ko1103,1
zed-industries/zed,2024-Q1,mayfieldiv,2
zed-industries/zed,2024-Q1,moomerman,1
zed-industries/zed,2024-Q1,apricotbucket28,4
zed-industries/zed,2024-Q1,WeetHet,3
zed-industries/zed,2024-Q1,huacnlee,15
zed-industries/zed,2024-Q1,Anthony-Eid,2
zed-industries/zed,2024-Q1,timfjord,1
zed-industries/zed,2024-Q1,flukejones,1
zed-industries/zed,2024-Q1,Otterpocket,6
zed-industries/zed,2024-Q1,TDecking,5
zed-industries/zed,2024-Q1,skullcrushercmd,1
zed-industries/zed,2024-Q1,kvark,69
zed-industries/zed,2024-Q1,rpfaeffle,10
zed-industries/zed,2024-Q1,PixelJanitor,1
zed-industries/zed,2024-Q1,VitorRamos,2
zed-industries/zed,2024-Q1,jackTabsCode,2
zed-industries/zed,2024-Q1,_name:Evren Sen,3
zed-industries/zed,2024-Q1,slymax,5
zed-industries/zed,2024-Q1,11bit,3
zed-industries/zed,2024-Q1,KGrewal1,4
zed-industries/zed,2024-Q1,khipp,1
zed-industries/zed,2024-Q1,ForLoveOfCats,47
zed-industries/zed,2024-Q1,hmemcpy,2
zed-industries/zed,2024-Q1,rajveermalviya,2
zed-industries/zed,2024-Q1,bbb651,5
zed-industries/zed,2024-Q1,dalton-oliveira,2
zed-industries/zed,2024-Q1,ThatOneCalculator,2
zed-industries/zed,2024-Q1,izuzak,2
zed-industries/zed,2024-Q1,charles-r-earp,1
zed-industries/zed,2024-Q1,joelselvaraj,2
zed-industries/zed,2024-Q1,SwiftDust,1
zed-industries/zed,2024-Q1,Yanguk,1
zed-industries/zed,2024-Q1,andrewbiang888,1
zed-industries/zed,2024-Q1,Adam-Alani,1
zed-industries/zed,2024-Q1,jadijadi,1
zed-industries/zed,2024-Q1,valentinegb,2
zed-industries/zed,2024-Q1,EricApostal,1
zed-industries/zed,2024-Q1,romgrk,13
zed-industries/zed,2024-Q1,rauann,1
zed-industries/zed,2024-Q1,pigletfly,1
zed-industries/zed,2024-Q1,d1y,16
zed-industries/zed,2024-Q1,Yesterday17,2
zed-industries/zed,2024-Q1,madcodelife,1
zed-industries/zed,2024-Q1,llllvvuu,1
zed-industries/zed,2024-Q1,intigonzalez,1
zed-industries/zed,2024-Q1,3ddyBoi,1
zed-industries/zed,2024-Q1,someone13574,1
zed-industries/zed,2024-Q1,Quadriphobs1,1
zed-industries/zed,2024-Q1,noritada,3
zed-industries/zed,2024-Q1,snorkypie,1
zed-industries/zed,2024-Q1,Bloeckchengrafik,3
zed-industries/zed,2024-Q1,thorbenk,1
zed-industries/zed,2024-Q1,olehermanse,1
zed-industries/zed,2024-Q1,feelamee,2
zed-industries/zed,2024-Q1,MashyBasker,1
zed-industries/zed,2024-Q1,aryalaadi,2
zed-industries/zed,2024-Q1,osa1,1
zed-industries/zed,2024-Q1,jdk-21,1
zed-industries/zed,2024-Q1,geekvest,1
zed-industries/zed,2024-Q1,tpisto,1
zed-industries/zed,2024-Q1,zephaniahong,1
zed-industries/zed,2024-Q1,Liamolucko,1
zed-industries/zed,2024-Q1,eventualbuddha,1
zed-industries/zed,2024-Q1,luckydye,1
zed-industries/zed,2024-Q1,WindSoilder,2
zed-industries/zed,2024-Q1,flo80,1
zed-industries/zed,2024-Q1,spence,1
zed-industries/zed,2024-Q1,StringNick,1
zed-industries/zed,2024-Q1,Imgkl,3
zed-industries/zed,2024-Q1,wasd96040501,1
zed-industries/zed,2024-Q1,ChocolateLoverRaj,1
zed-industries/zed,2024-Q1,hamza72x,1
zed-industries/zed,2024-Q1,witelokk,6
zed-industries/zed,2024-Q1,Hugoonreplit,3
zed-industries/zed,2024-Q1,devded,1
zed-industries/zed,2024-Q1,sjet47,1
zed-industries/zed,2024-Q1,dheeraj-coding,1
zed-industries/zed,2024-Q1,riccardofano,1
zed-industries/zed,2024-Q1,dbanck,3
zed-industries/zed,2024-Q1,ABckh,1
zed-industries/zed,2024-Q1,_name:Howins,1
zed-industries/zed,2024-Q1,huwaireb,5
zed-industries/zed,2024-Q1,datlechin,2
zed-industries/zed,2024-Q1,crbellis,1
zed-industries/zed,2024-Q1,vultix,2
zed-industries/zed,2024-Q1,Pangoraw,1
zed-industries/zed,2024-Q1,cap10morgan,1
zed-industries/zed,2024-Q1,cyypherus,1
zed-industries/zed,2024-Q1,uladkaminski,1
zed-industries/zed,2024-Q1,postsolar,1
zed-industries/zed,2024-Q1,felipeagc,1
zed-industries/zed,2024-Q1,_name:Kristján Oddsson,1
zed-industries/zed,2024-Q1,stormasm,1
zed-industries/zed,2024-Q1,mmkaram,1
zed-industries/zed,2024-Q1,LeonHuston,1
zed-industries/zed,2024-Q1,iawia002,2
zed-industries/zed,2024-Q1,tunght,1
zed-industries/zed,2024-Q1,eyecreate,1
zed-industries/zed,2024-Q1,Blotz,1
zed-industries/zed,2024-Q1,thrasos-dev,1
zed-industries/zed,2024-Q1,gmorenz,7
zed-industries/zed,2024-Q1,avi-cenna,1
zed-industries/zed,2024-Q1,gabydd,1
zed-industries/zed,2024-Q1,fdncred,1
zed-industries/zed,2024-Q1,phisch,1
zed-industries/zed,2024-Q1,flappyBug,1
zed-industries/zed,2024-Q1,exalted,1
zed-industries/zed,2024-Q1,Janrupf,1
zed-industries/zed,2024-Q1,agent3bood,1
zed-industries/zed,2024-Q1,tadeokondrak,1
zed-industries/zed,2024-Q1,vuhctreh,1
zed-industries/zed,2024-Q1,avrong,1
zed-industries/zed,2024-Q1,S1ngS1ng,1
zed-industries/zed,2024-Q1,_name:evrsen,1
zed-industries/zed,2024-Q1,claytonrcarter,1
zed-industries/zed,2024-Q1,subashcs,1
zed-industries/zed,2024-Q1,vbhavsar,3
zed-industries/zed,2024-Q1,nicoburns,1
zed-industries/zed,2024-Q1,tml,1
zed-industries/zed,2024-Q1,mprihoda,1
zed-industries/zed,2024-Q1,manohar-nalluri,1
zed-industries/zed,2024-Q1,Fleebee,1
zed-industries/zed,2024-Q1,adriangb,1
zed-industries/zed,2024-Q1,Yohannfra,1
zed-industries/zed,2024-Q1,foxkdev,1
zed-industries/zed,2024-Q1,MordFustang21,4
zed-industries/zed,2024-Q1,alvgaona,1
zed-industries/zed,2024-Q1,prcastro,1
zed-industries/zed,2024-Q1,N8th8n8el,3
zed-industries/zed,2024-Q1,mgramigna,1
zed-industries/zed,2024-Q1,greenthings,1
zed-industries/zed,2024-Q1,Creative0708,1
zed-industries/zed,2024-Q1,zxaos,1
zed-industries/zed,2024-Q1,etiennelacoursiere,1
zed-industries/zed,2024-Q1,fdionisi,1
zed-industries/zed,2024-Q1,clo4,4
zed-industries/zed,2024-Q1,h3mosphere,3
zed-industries/zed,2024-Q1,DanielMSchmidt,1
zed-industries/zed,2024-Q1,WhiteKr,1
zed-industries/zed,2024-Q1,gianni-rosato,1
zed-industries/zed,2024-Q1,kierangilliam,5
zed-industries/zed,2024-Q1,_name:Antar,1
zed-industries/zed,2024-Q1,katopz,2
zed-industries/zed,2024-Q1,geemanjs,1
zed-industries/zed,2024-Q1,aminya,6
zed-industries/zed,2024-Q1,andmarek,1
zed-industries/zed,2024-Q1,w0rm,3
zed-industries/zed,2024-Q1,gariasf,1
zed-industries/zed,2024-Q1,joshuataylor,1
zed-industries/zed,2024-Q1,iOliverNguyen,1
zed-industries/zed,2024-Q1,_name:Pseudomata,15
zed-industries/zed,2024-Q1,caius,1
zed-industries/zed,2024-Q1,codeadict,2
zed-industries/zed,2024-Q1,TomPlanche,1
zed-industries/zed,2024-Q1,tomholford,1
zed-industries/zed,2024-Q1,contrast-jproberts,1
zed-industries/zed,2024-Q1,KristalAlfred,1
zed-industries/zed,2024-Q1,litsynp,1
zed-industries/zed,2024-Q1,DevThurain,1
zed-industries/zed,2024-Q1,andrew-ares,2
zed-industries/zed,2024-Q1,dylankyc,1
zed-industries/zed,2024-Q1,PyaeSoneAungRgn,1
zed-industries/zed,2024-Q1,Goooler,1
zed-industries/zed,2024-Q1,fxsalazar,1
zed-industries/zed,2024-Q1,fminkowski,1
zed-industries/zed,2024-Q1,kariy,1
zed-industries/zed,2024-Q1,bestgopher,1
zed-industries/zed,2024-Q1,abelcha,1
zed-industries/zed,2024-Q1,liruifengv,1
zed-industries/zed,2024-Q1,georgemunyoro,2
zed-industries/zed,2024-Q1,bgins,1
zed-industries/zed,2024-Q1,ivanmoreau,1
zed-industries/zed,2024-Q1,bswinnerton,2
zed-industries/zed,2024-Q1,eltociear,1
zed-industries/zed,2024-Q1,geeee,1
zed-industries/zed,2024-Q1,onbjerg,2
zed-industries/zed,2024-Q1,szepeviktor,1
zed-industries/zed,2024-Q1,stuarth,2
zed-industries/zed,2024-Q1,williamdes,1
zed-industries/zed,2024-Q1,matklad,1
zed-industries/zed,2024-Q1,_name:Brian Strauch,2
zed-industries/zed,2024-Q1,realharley91,1
zed-industries/zed,2024-Q1,leizaf,1
zed-industries/zed,2024-Q1,tcoratger,2
zed-industries/zed,2024-Q1,swiftcoder,1
zed-industries/zed,2024-Q1,allancalix,3
zed-industries/zed,2024-Q1,ben1009,1
zed-industries/zed,2024-Q1,lino-levan,1
zed-industries/zed,2024-Q1,defunkt,1
zed-industries/zed,2024-Q1,sweetppro,1
zed-industries/zed,2024-Q1,cclauss,1
zed-industries/zed,2024-Q1,sharunkumar,1
zed-industries/zed,2024-Q1,seanaye,1
zed-industries/zed,2024-Q1,laojianzi,1
zed-industries/zed,2024-Q1,abstractalgo,1
zed-industries/zed,2024-Q1,julianbraha,4
zed-industries/zed,2024-Q1,chaseweaver,1
zed-industries/zed,2024-Q1,tychedelia,1
zed-industries/zed,2024-Q1,pdubroy,1
zed-industries/zed,2024-Q1,iamnbutler,58
zed-industries/zed,2024-Q2,hron,3
zed-industries/zed,2024-Q2,SomeoneToIgnore,84
zed-industries/zed,2024-Q2,osiewicz,127
zed-industries/zed,2024-Q2,notpeter,11
zed-industries/zed,2024-Q2,Peiffap,5
zed-industries/zed,2024-Q2,johtso,1
zed-industries/zed,2024-Q2,mrnugget,118
zed-industries/zed,2024-Q2,maxdeviant,283
zed-industries/zed,2024-Q2,nathansobo,17
zed-industries/zed,2024-Q2,ConradIrwin,184
zed-industries/zed,2024-Q2,maxbrunsfeld,60
zed-industries/zed,2024-Q2,iamnbutler,30
zed-industries/zed,2024-Q2,bennetbo,56
zed-industries/zed,2024-Q2,yongkangchen,1
zed-industries/zed,2024-Q2,mikayla-maki,47
zed-industries/zed,2024-Q2,evan-liu,2
zed-industries/zed,2024-Q2,adityakrcodes,1
zed-industries/zed,2024-Q2,luckydye,1
zed-industries/zed,2024-Q2,huacnlee,11
zed-industries/zed,2024-Q2,JosephTLyons,42
zed-industries/zed,2024-Q2,Zollerboy1,1
zed-industries/zed,2024-Q2,trishume,3
zed-industries/zed,2024-Q2,XDeme1,6
zed-industries/zed,2024-Q2,JunkuiZhang,47
zed-industries/zed,2024-Q2,toshimaru,1
zed-industries/zed,2024-Q2,pointlessone,1
zed-industries/zed,2024-Q2,amtoaer,4
zed-industries/zed,2024-Q2,pastelsky,1
zed-industries/zed,2024-Q2,DAlperin,1
zed-industries/zed,2024-Q2,hirehamir,1
zed-industries/zed,2024-Q2,MatinAniss,3
zed-industries/zed,2024-Q2,as-cii,56
zed-industries/zed,2024-Q2,mattfbacon,1
zed-industries/zed,2024-Q2,Selyatin,1
zed-industries/zed,2024-Q2,Aaron-212,1
zed-industries/zed,2024-Q2,Benjamin-Davies,2
zed-industries/zed,2024-Q2,d1y,12
zed-industries/zed,2024-Q2,kriskw1999,2
zed-industries/zed,2024-Q2,crwen,1
zed-industries/zed,2024-Q2,VitorRamos,1
zed-industries/zed,2024-Q2,dgrijalva,1
zed-industries/zed,2024-Q2,sbillig,2
zed-industries/zed,2024-Q2,WeetHet,3
zed-industries/zed,2024-Q2,0x2CA,1
zed-industries/zed,2024-Q2,adamsoutar,1
zed-industries/zed,2024-Q2,_name:Nigel Jose,1
zed-industries/zed,2024-Q2,loczek,2
zed-industries/zed,2024-Q2,agamcsama,1
zed-industries/zed,2024-Q2,talal,1
zed-industries/zed,2024-Q2,fenix-hub,1
zed-industries/zed,2024-Q2,lukaslihotzki,1
zed-industries/zed,2024-Q2,eth0net,2
zed-industries/zed,2024-Q2,chungweileong94,3
zed-industries/zed,2024-Q2,mhughdo,1
zed-industries/zed,2024-Q2,5tefan,1
zed-industries/zed,2024-Q2,_name:Pocæus,1
zed-industries/zed,2024-Q2,apricotbucket28,21
zed-industries/zed,2024-Q2,vitallium,14
zed-industries/zed,2024-Q2,nigelmj,1
zed-industries/zed,2024-Q2,panghu-huang,3
zed-industries/zed,2024-Q2,rgbkrk,35
zed-industries/zed,2024-Q2,dontwanttothink,1
zed-industries/zed,2024-Q2,Tackoil,1
zed-industries/zed,2024-Q2,rtfeldman,1
zed-industries/zed,2024-Q2,4teapo,1
zed-industries/zed,2024-Q2,versecafe,2
zed-industries/zed,2024-Q2,AngeloMateus,1
zed-industries/zed,2024-Q2,curiousercreative,1
zed-industries/zed,2024-Q2,qianyan,1
zed-industries/zed,2024-Q2,someone13574,10
zed-industries/zed,2024-Q2,philschatz,1
zed-industries/zed,2024-Q2,DocKDE,2
zed-industries/zed,2024-Q2,cyberphantom52,1
zed-industries/zed,2024-Q2,jay-tau,1
zed-industries/zed,2024-Q2,yodatak,3
zed-industries/zed,2024-Q2,subodhu,1
zed-industries/zed,2024-Q2,joebonrichie,1
zed-industries/zed,2024-Q2,p-A-uLo,3
zed-industries/zed,2024-Q2,claytonrcarter,2
zed-industries/zed,2024-Q2,maan2003,1
zed-industries/zed,2024-Q2,IceSentry,1
zed-industries/zed,2024-Q2,zeux,1
zed-industries/zed,2024-Q2,slowlydev,1
zed-industries/zed,2024-Q2,znycheporuk,1
zed-industries/zed,2024-Q2,dhairyanadapara,1
zed-industries/zed,2024-Q2,bschwind,1
zed-industries/zed,2024-Q2,alygin,15
zed-industries/zed,2024-Q2,CharlesChen0823,14
zed-industries/zed,2024-Q2,kshokhin,1
zed-industries/zed,2024-Q2,nicholascioli,1
zed-industries/zed,2024-Q2,xzbdmw,1
zed-industries/zed,2024-Q2,frivas,1
zed-industries/zed,2024-Q2,jaydenseric,1
zed-industries/zed,2024-Q2,rayduck,1
zed-industries/zed,2024-Q2,RemcoSmitsDev,8
zed-industries/zed,2024-Q2,jotaviobiondo,1
zed-industries/zed,2024-Q2,feliperenan,1
zed-industries/zed,2024-Q2,VladasZ,2
zed-industries/zed,2024-Q2,Moshyfawn,7
zed-industries/zed,2024-Q2,seanwash,1
zed-industries/zed,2024-Q2,skewballfox,1
zed-industries/zed,2024-Q2,kvark,6
zed-industries/zed,2024-Q2,DanielleMaywood,1
zed-industries/zed,2024-Q2,Vagab,1
zed-industries/zed,2024-Q2,bajrangCoder,1
zed-industries/zed,2024-Q2,CFKeef,1
zed-industries/zed,2024-Q2,_name:派卡 (pi-cla),1
zed-industries/zed,2024-Q2,citorva,1
zed-industries/zed,2024-Q2,jakobhellermann,9
zed-industries/zed,2024-Q2,SomeRanDev,1
zed-industries/zed,2024-Q2,ognevny,4
zed-industries/zed,2024-Q2,anilsenay,2
zed-industries/zed,2024-Q2,danilo-leal,4
zed-industries/zed,2024-Q2,80avin,1
zed-industries/zed,2024-Q2,Congyuwang,3
zed-industries/zed,2024-Q2,bbb651,2
zed-industries/zed,2024-Q2,effdotsh,2
zed-industries/zed,2024-Q2,pdurbin,1
zed-industries/zed,2024-Q2,raphaelluethy,1
zed-industries/zed,2024-Q2,farayolaj,1
zed-industries/zed,2024-Q2,nipunshukla21,1
zed-industries/zed,2024-Q2,babyccino,3
zed-industries/zed,2024-Q2,GOWxx,1
zed-industries/zed,2024-Q2,madmo,1
zed-industries/zed,2024-Q2,Kuppjaerk,1
zed-industries/zed,2024-Q2,valentinegb,1
zed-industries/zed,2024-Q2,npmania,1
zed-industries/zed,2024-Q2,Lustyn,1
zed-industries/zed,2024-Q2,nudded,2
zed-industries/zed,2024-Q2,jansol,4
zed-industries/zed,2024-Q2,ThomasAunvik,1
zed-industries/zed,2024-Q2,FlafyDev,1
zed-industries/zed,2024-Q2,sebbeutler,1
zed-industries/zed,2024-Q2,gyteng,1
zed-industries/zed,2024-Q2,Dageus,1
zed-industries/zed,2024-Q2,tgecho,1
zed-industries/zed,2024-Q2,kahlstrm,1
zed-industries/zed,2024-Q2,robfalken,1
zed-industries/zed,2024-Q2,BuonOmo,1
zed-industries/zed,2024-Q2,Zachiah,1
zed-industries/zed,2024-Q2,cloned-doy,1
zed-industries/zed,2024-Q2,LoganDark,2
zed-industries/zed,2024-Q2,andreicek,3
zed-industries/zed,2024-Q2,smirzaei,1
zed-industries/zed,2024-Q2,tdortman,1
zed-industries/zed,2024-Q2,MFAshby,1
zed-industries/zed,2024-Q2,vali-pnt,1
zed-industries/zed,2024-Q2,adamjkb,1
zed-industries/zed,2024-Q2,Zelaren,1
zed-industries/zed,2024-Q2,olrtg,2
zed-industries/zed,2024-Q2,adorabilis,1
zed-industries/zed,2024-Q2,domchristie,1
zed-industries/zed,2024-Q2,MatthiasGrandl,1
zed-industries/zed,2024-Q2,kain88-de,3
zed-industries/zed,2024-Q2,tverghis,1
zed-industries/zed,2024-Q2,khipp,1
zed-industries/zed,2024-Q2,ZorinFoss,1
zed-industries/zed,2024-Q2,Kalmaegi,15
zed-industries/zed,2024-Q2,cthulhua,1
zed-industries/zed,2024-Q2,shimataro,1
zed-industries/zed,2024-Q2,williamviktorsson,2
zed-industries/zed,2024-Q2,ciiqr,2
zed-industries/zed,2024-Q2,stormasm,4
zed-industries/zed,2024-Q2,PixelJanitor,1
zed-industries/zed,2024-Q2,blufony,2
zed-industries/zed,2024-Q2,aki237,1
zed-industries/zed,2024-Q2,DissolveDZ,2
zed-industries/zed,2024-Q2,timfjord,1
zed-industries/zed,2024-Q2,hoodie,1
zed-industries/zed,2024-Q2,jamesthurley,1
zed-industries/zed,2024-Q2,hardlydearly,1
zed-industries/zed,2024-Q2,Otterpocket,2
zed-industries/zed,2024-Q2,elkowar,2
zed-industries/zed,2024-Q2,KidkArolis,1
zed-industries/zed,2024-Q2,lachlanjc,1
zed-industries/zed,2024-Q2,phisch,3
zed-industries/zed,2024-Q2,the-jasoney,1
zed-industries/zed,2024-Q2,nimit2801,1
zed-industries/zed,2024-Q2,hshreekar,1
zed-industries/zed,2024-Q2,baldwindavid,1
zed-industries/zed,2024-Q2,kjd404,1
zed-industries/zed,2024-Q2,pedrosoares,1
zed-industries/zed,2024-Q2,hferreiro,1
zed-industries/zed,2024-Q2,agent3bood,1
zed-industries/zed,2024-Q2,carterols,1
zed-industries/zed,2024-Q2,a-usr,1
zed-industries/zed,2024-Q2,ABckh,1
zed-industries/zed,2024-Q2,maxime-forveille,1
zed-industries/zed,2024-Q2,mmtftr,3
zed-industries/zed,2024-Q2,Imgkl,1
zed-industries/zed,2024-Q2,kyu08,1
zed-industries/zed,2024-Q2,JsGjKJzi,1
zed-industries/zed,2024-Q2,joelselvaraj,1
zed-industries/zed,2024-Q2,sethdusek,1
zed-industries/zed,2024-Q2,zaucy,1
zed-industries/zed,2024-Q2,joaquin30,2
zed-industries/zed,2024-Q2,mikesun,1
zed-industries/zed,2024-Q2,xyzqm,1
zed-industries/zed,2024-Q2,hippietrail,1
zed-industries/zed,2024-Q2,drale2k,1
zed-industries/zed,2024-Q2,Ar4ka,1
zed-industries/zed,2024-Q2,Qard,1
zed-industries/zed,2024-Q2,morgangallant,1
zed-industries/zed,2024-Q3,mycroft,2
zed-industries/zed,2024-Q3,huacnlee,19
zed-industries/zed,2024-Q3,JunkuiZhang,52
zed-industries/zed,2024-Q3,maan2003,2
zed-industries/zed,2024-Q3,andarut,1
zed-industries/zed,2024-Q3,notpeter,94
zed-industries/zed,2024-Q3,danilo-leal,53
zed-industries/zed,2024-Q3,mrnugget,128
zed-industries/zed,2024-Q3,WeetHet,19
zed-industries/zed,2024-Q3,SomeoneToIgnore,81
zed-industries/zed,2024-Q3,wannacu,1
zed-industries/zed,2024-Q3,0hDEADBEAF,1
zed-industries/zed,2024-Q3,VacheDesNeiges,2
zed-industries/zed,2024-Q3,jansol,3
zed-industries/zed,2024-Q3,sylbru,1
zed-industries/zed,2024-Q3,ognevny,1
zed-industries/zed,2024-Q3,twz123,1
zed-industries/zed,2024-Q3,osiewicz,101
zed-industries/zed,2024-Q3,thorbenk,2
zed-industries/zed,2024-Q3,as-cii,44
zed-industries/zed,2024-Q3,JosephTLyons,57
zed-industries/zed,2024-Q3,maxbrunsfeld,67
zed-industries/zed,2024-Q3,rtfeldman,10
zed-industries/zed,2024-Q3,ConradIrwin,135
zed-industries/zed,2024-Q3,osa1,1
zed-industries/zed,2024-Q3,bennetbo,52
zed-industries/zed,2024-Q3,CharlesChen0823,22
zed-industries/zed,2024-Q3,mikayla-maki,32
zed-industries/zed,2024-Q3,thataboy,5
zed-industries/zed,2024-Q3,renovate[bot],99
zed-industries/zed,2024-Q3,galenelias,2
zed-industries/zed,2024-Q3,taras-mrtn,3
zed-industries/zed,2024-Q3,woohm402,1
zed-industries/zed,2024-Q3,Huliiiiii,4
zed-industries/zed,2024-Q3,maxdeviant,408
zed-industries/zed,2024-Q3,thehamsti,1
zed-industries/zed,2024-Q3,ClanEver,3
zed-industries/zed,2024-Q3,sergioengineer,1
zed-industries/zed,2024-Q3,s3bba,1
zed-industries/zed,2024-Q3,verhovsky,2
zed-industries/zed,2024-Q3,NathanLovato,2
zed-industries/zed,2024-Q3,jvmncs,21
zed-industries/zed,2024-Q3,charlieegan3,1
zed-industries/zed,2024-Q3,Moshyfawn,2
zed-industries/zed,2024-Q3,jsparkdev,7
zed-industries/zed,2024-Q3,rowillia,5
zed-industries/zed,2024-Q3,Daste745,2
zed-industries/zed,2024-Q3,nathansobo,25
zed-industries/zed,2024-Q3,dsp-ant,8
zed-industries/zed,2024-Q3,iamnbutler,30
zed-industries/zed,2024-Q3,watsoncj,1
zed-industries/zed,2024-Q3,hekmasani,1
zed-industries/zed,2024-Q3,turboMaCk,2
zed-industries/zed,2024-Q3,ncor,1
zed-industries/zed,2024-Q3,gwtaylor,1
zed-industries/zed,2024-Q3,AlbertMarashi,4
zed-industries/zed,2024-Q3,erickguan,1
zed-industries/zed,2024-Q3,kevmo314,6
zed-industries/zed,2024-Q3,iugo,1
zed-industries/zed,2024-Q3,bestgopher,3
zed-industries/zed,2024-Q3,baturax,1
zed-industries/zed,2024-Q3,XDeme1,10
zed-industries/zed,2024-Q3,zhang0098,2
zed-industries/zed,2024-Q3,MrSubidubi,3
zed-industries/zed,2024-Q3,ybbond,1
zed-industries/zed,2024-Q3,ihavecoke,1
zed-industries/zed,2024-Q3,chrisveness,1
zed-industries/zed,2024-Q3,redzimski,1
zed-industries/zed,2024-Q3,tepek2,1
zed-industries/zed,2024-Q3,skytwosea,1
zed-industries/zed,2024-Q3,NeroSong,1
zed-industries/zed,2024-Q3,codeadict,1
zed-industries/zed,2024-Q3,_name:Amin Ahmed Khan,1
zed-industries/zed,2024-Q3,sigmaSd,2
zed-industries/zed,2024-Q3,KorigamiK,1
zed-industries/zed,2024-Q3,_name:Niklas Haas,1
zed-industries/zed,2024-Q3,emandres,1
zed-industries/zed,2024-Q3,kachick,1
zed-industries/zed,2024-Q3,ZZzzaaKK,2
zed-industries/zed,2024-Q3,senonide,1
zed-industries/zed,2024-Q3,glensc,1
zed-industries/zed,2024-Q3,vbhavsar,2
zed-industries/zed,2024-Q3,saahityaedams,1
zed-industries/zed,2024-Q3,jjyr,1
zed-industries/zed,2024-Q3,apricotbucket28,23
zed-industries/zed,2024-Q3,_name:aaron,1
zed-industries/zed,2024-Q3,qinyuhang,1
zed-industries/zed,2024-Q3,BlaiZephyr,1
zed-industries/zed,2024-Q3,kjzl,2
zed-industries/zed,2024-Q3,matubu,6
zed-industries/zed,2024-Q3,rauberdaniel,1
zed-industries/zed,2024-Q3,horamz,1
zed-industries/zed,2024-Q3,0x2CA,5
zed-industries/zed,2024-Q3,bcardiff,1
zed-industries/zed,2024-Q3,rgbkrk,56
zed-industries/zed,2024-Q3,patka-123,1
zed-industries/zed,2024-Q3,ramipellumbi,1
zed-industries/zed,2024-Q3,samsonjs,1
zed-industries/zed,2024-Q3,it-a-me,1
zed-industries/zed,2024-Q3,niklasf,1
zed-industries/zed,2024-Q3,glaudiston,1
zed-industries/zed,2024-Q3,vitallium,14
zed-industries/zed,2024-Q3,micahscopes,1
zed-industries/zed,2024-Q3,everdrone,2
zed-industries/zed,2024-Q3,bin-wang,2
zed-industries/zed,2024-Q3,valaphee,1
zed-industries/zed,2024-Q3,arkadijs,1
zed-industries/zed,2024-Q3,_name:Evren Sen,1
zed-industries/zed,2024-Q3,cschmatzler,1
zed-industries/zed,2024-Q3,fmgornick,1
zed-industries/zed,2024-Q3,zzulu,1
zed-industries/zed,2024-Q3,dovakin0007,1
zed-industries/zed,2024-Q3,kshokhin,1
zed-industries/zed,2024-Q3,MatinAniss,3
zed-industries/zed,2024-Q3,tcard,1
zed-industries/zed,2024-Q3,slembcke,1
zed-industries/zed,2024-Q3,ShikChen,1
zed-industries/zed,2024-Q3,SultanTanirkul,1
zed-industries/zed,2024-Q3,berkus,1
zed-industries/zed,2024-Q3,kw7oe,1
zed-industries/zed,2024-Q3,walterdejong,1
zed-industries/zed,2024-Q3,VitorRamos,2
zed-industries/zed,2024-Q3,affanshahid,1
zed-industries/zed,2024-Q3,terziele,1
zed-industries/zed,2024-Q3,ksweetie,1
zed-industries/zed,2024-Q3,musicq,1
zed-industries/zed,2024-Q3,florian-sanders,1
zed-industries/zed,2024-Q3,BafS,1
zed-industries/zed,2024-Q3,Quplet,1
zed-industries/zed,2024-Q3,Congyuwang,3
zed-industries/zed,2024-Q3,Pribess,1
zed-industries/zed,2024-Q3,MolotovCherry,3
zed-industries/zed,2024-Q3,jvanbaarsen,1
zed-industries/zed,2024-Q3,jcdickinson,2
zed-industries/zed,2024-Q3,tautropfli,1
zed-industries/zed,2024-Q3,versecafe,4
zed-industries/zed,2024-Q3,kantuni,1
zed-industries/zed,2024-Q3,_name:evren,1
zed-industries/zed,2024-Q3,stormasm,5
zed-industries/zed,2024-Q3,eltociear,1
zed-industries/zed,2024-Q3,Cupnfish,1
zed-industries/zed,2024-Q3,eliperkins,1
zed-industries/zed,2024-Q3,SinanGncgl,1
zed-industries/zed,2024-Q3,MatthewScholefield,1
zed-industries/zed,2024-Q3,ssut,2
zed-industries/zed,2024-Q3,Hawkbawk,3
zed-industries/zed,2024-Q3,cthulhua,1
zed-industries/zed,2024-Q3,wingyplus,1
zed-industries/zed,2024-Q3,Athishpranav2003,1
zed-industries/zed,2024-Q3,rudolfkastl,1
zed-industries/zed,2024-Q3,fcolecumberri,1
zed-industries/zed,2024-Q3,uladkaminski,1
zed-industries/zed,2024-Q3,neilalexander,1
zed-industries/zed,2024-Q3,phungleson,2
zed-industries/zed,2024-Q3,masmu,1
zed-industries/zed,2024-Q3,sndels,2
zed-industries/zed,2024-Q3,RobinMalfait,1
zed-industries/zed,2024-Q3,flundar,1
zed-industries/zed,2024-Q3,xtrasmal,1
zed-industries/zed,2024-Q3,kakoc,1
zed-industries/zed,2024-Q3,Jaakkonen,1
zed-industries/zed,2024-Q3,coszio,1
zed-industries/zed,2024-Q3,reesericci,1
zed-industries/zed,2024-Q3,adamchainz,1
zed-industries/zed,2024-Q3,e-kotov,1
zed-industries/zed,2024-Q3,kukushechkin,1
zed-industries/zed,2024-Q3,MayankJikadara,1
zed-industries/zed,2024-Q3,bilelmoussaoui,1
zed-industries/zed,2024-Q3,ramenhost,1
zed-industries/zed,2024-Q3,RemcoSmitsDev,1
zed-industries/zed,2024-Q3,earomc,1
zed-industries/zed,2024-Q3,ZackBz,1
zed-industries/zed,2024-Q3,effdotsh,4
zed-industries/zed,2024-Q3,Benjamin-Davies,1
zed-industries/zed,2024-Q3,HarshNarayanJha,2
zed-industries/zed,2024-Q3,nickcernis,1
zed-industries/zed,2024-Q3,rimuy,2
zed-industries/zed,2024-Q3,martinconic,1
zed-industries/zed,2024-Q3,nathanielkatesimon,1
zed-industries/zed,2024-Q3,Uberlicious,1
zed-industries/zed,2024-Q3,pantheraleo-7,1
zed-industries/zed,2024-Q3,andogq,1
zed-industries/zed,2024-Q3,arturhoo,1
zed-industries/zed,2024-Q3,schdaniel20,1
zed-industries/zed,2024-Q3,0xk1f0,2
zed-industries/zed,2024-Q3,hahanein,1
zed-industries/zed,2024-Q3,hcs42,1
zed-industries/zed,2024-Q3,huwaireb,1
zed-industries/zed,2024-Q3,madcodelife,1
zed-industries/zed,2024-Q3,code-yeongyu,1
zed-industries/zed,2024-Q3,lnay,1
zed-industries/zed,2024-Q3,fabjan,1
zed-industries/zed,2024-Q3,eatradish,2
zed-industries/zed,2024-Q3,claytonrcarter,1
zed-industries/zed,2024-Q3,Kalmaegi,3
zed-industries/zed,2024-Q3,davidbuzz,1
zed-industries/zed,2024-Q3,eth0net,1
zed-industries/zed,2024-Q3,chungweileong94,1
zed-industries/zed,2024-Q3,injust,1
zed-industries/zed,2024-Q3,flvrone,1
zed-industries/zed,2024-Q3,captn3m0,1
zed-industries/zed,2024-Q3,smirzaei,1
zed-industries/zed,2024-Q3,pointlessone,1
zed-industries/zed,2024-Q3,korewaChino,1
zed-industries/zed,2024-Q3,p5,1
zed-industries/zed,2024-Q3,aohanhongzhi,1
zed-industries/zed,2024-Q3,audionerd,1
zed-industries/zed,2024-Q3,makeProjectGreatAgain,1
zed-industries/zed,2024-Q3,llogick,1
zed-industries/zed,2024-Q3,lleyton,1
zed-industries/zed,2024-Q3,zakj,1
zed-industries/zed,2024-Q3,FilipeBisinella,1
zed-industries/zed,2024-Q3,Armatik,1
zed-industries/zed,2024-Q3,ika-musuko,1
zed-industries/zed,2024-Q3,brad,1
zed-industries/zed,2024-Q3,tomconerlyanth,1
zed-industries/zed,2024-Q3,omertuc,1
zed-industries/zed,2024-Q3,ldm0,1
zed-industries/zed,2024-Q3,oliverpool,1
zed-industries/zed,2024-Q3,hron,5
zed-industries/zed,2024-Q3,tomoikey,1
zed-industries/zed,2024-Q3,agent3bood,1
zed-industries/zed,2024-Q3,denisw,1
zed-industries/zed,2024-Q3,azcn2503,1
zed-industries/zed,2024-Q3,Christopher-Hayes,1
zed-industries/zed,2024-Q3,Sensational-Code,1
zed-industries/zed,2024-Q3,sunwxg,2
zed-industries/zed,2024-Q3,soerenmeier,1
zed-industries/zed,2024-Q3,aidanharris,1
zed-industries/zed,2024-Q3,twhitbeck,1
zed-industries/zed,2024-Q3,sgj123456,1
zed-industries/zed,2024-Q3,DanielMSchmidt,1
zed-industries/zed,2024-Q3,m4saurabh,1
zed-industries/zed,2024-Q3,fitzy1321,1
zed-industries/zed,2024-Q3,francesco-gaglione,1
zed-industries/zed,2024-Q3,rokob,1
zed-industries/zed,2024-Q3,qtdyn,1
zed-industries/zed,2024-Q3,mattfbacon,1
zed-industries/zed,2024-Q3,_name:Sebastijan Kelnerič,1
zed-industries/zed,2024-Q3,joebonrichie,1
zed-industries/zed,2024-Q3,Giuliano1993,1
zed-industries/zed,2024-Q3,zachcp,1
zed-industries/zed,2024-Q3,fsh,1
zed-industries/zed,2024-Q3,atassis,1
zed-industries/zed,2024-Q3,vjdw,1
zed-industries/zed,2024-Q3,sakloui,1
zed-industries/zed,2024-Q3,zhangfand,1
zed-industries/zed,2024-Q3,dchinmay2,1
zed-industries/zed,2024-Q3,someone13574,1
zed-industries/zed,2024-Q3,kwresch,1
zed-industries/zed,2024-Q3,yongkangchen,1
zed-industries/zed,2024-Q3,maxmckenzie,1
zed-industries/zed,2024-Q3,cjfinnell,1
zed-industries/zed,2024-Q3,allisoneer,1
zed-industries/zed,2024-Q3,emilazy,1
zed-industries/zed,2024-Q3,kriskw1999,2
zed-industries/zed,2024-Q3,andreinonea,1
zed-industries/zed,2024-Q3,Peiffap,1
zed-industries/zed,2024-Q4,mgsloan,67
zed-industries/zed,2024-Q4,SomeoneToIgnore,124
zed-industries/zed,2024-Q4,vitallium,3
zed-industries/zed,2024-Q4,cole-miller,24
zed-industries/zed,2024-Q4,danilo-leal,93
zed-industries/zed,2024-Q4,osiewicz,71
zed-industries/zed,2024-Q4,huacnlee,11
zed-industries/zed,2024-Q4,jaydenseric,1
zed-industries/zed,2024-Q4,kvark,2
zed-industries/zed,2024-Q4,chirpcel,1
zed-industries/zed,2024-Q4,renovate[bot],95
zed-industries/zed,2024-Q4,sofaspawn,1
zed-industries/zed,2024-Q4,iamnbutler,26
zed-industries/zed,2024-Q4,JunkuiZhang,13
zed-industries/zed,2024-Q4,agu-z,3
zed-industries/zed,2024-Q4,maxdeviant,219
zed-industries/zed,2024-Q4,plyght,1
zed-industries/zed,2024-Q4,4teapo,3
zed-industries/zed,2024-Q4,smitbarmase,19
zed-industries/zed,2024-Q4,ThomAub,2
zed-industries/zed,2024-Q4,rtfeldman,15
zed-industries/zed,2024-Q4,notpeter,101
zed-industries/zed,2024-Q4,mrnugget,101
zed-industries/zed,2024-Q4,agomezl,1
zed-industries/zed,2024-Q4,AaronFeickert,5
zed-industries/zed,2024-Q4,maxbrunsfeld,33
zed-industries/zed,2024-Q4,ringods,1
zed-industries/zed,2024-Q4,ConradIrwin,137
zed-industries/zed,2024-Q4,cocolato,1
zed-industries/zed,2024-Q4,Qkessler,1
zed-industries/zed,2024-Q4,nathansobo,9
zed-industries/zed,2024-Q4,frqubit,1
zed-industries/zed,2024-Q4,lihsai0,1
zed-industries/zed,2024-Q4,Igonato,1
zed-industries/zed,2024-Q4,lgeiger,2
zed-industries/zed,2024-Q4,uncenter,7
zed-industries/zed,2024-Q4,helgemahrt,2
zed-industries/zed,2024-Q4,bennetbo,34
zed-industries/zed,2024-Q4,IViktorov,1
zed-industries/zed,2024-Q4,BuonOmo,1
zed-industries/zed,2024-Q4,g0t4,2
zed-industries/zed,2024-Q4,mikayla-maki,37
zed-industries/zed,2024-Q4,5brian,5
zed-industries/zed,2024-Q4,silvanocerza,1
zed-industries/zed,2024-Q4,JosephTLyons,50
zed-industries/zed,2024-Q4,as-cii,19
zed-industries/zed,2024-Q4,JaagupAverin,3
zed-industries/zed,2024-Q4,0x2CA,1
zed-industries/zed,2024-Q4,can2049,1
zed-industries/zed,2024-Q4,CharlesChen0823,9
zed-industries/zed,2024-Q4,ozanvos,1
zed-industries/zed,2024-Q4,dandv,1
zed-industries/zed,2024-Q4,jotaviobiondo,1
zed-industries/zed,2024-Q4,xzbdmw,1
zed-industries/zed,2024-Q4,_name:Evren Sen,1
zed-industries/zed,2024-Q4,YUCLing,1
zed-industries/zed,2024-Q4,rgbkrk,20
zed-industries/zed,2024-Q4,xuoe,1
zed-industries/zed,2024-Q4,raphaelkieling,1
zed-industries/zed,2024-Q4,connortsui20,1
zed-industries/zed,2024-Q4,budde25,1
zed-industries/zed,2024-Q4,strowk,1
zed-industries/zed,2024-Q4,pmq20,1
zed-industries/zed,2024-Q4,MrSubidubi,5
zed-industries/zed,2024-Q4,nilskch,6
zed-industries/zed,2024-Q4,ahamez,1
zed-industries/zed,2024-Q4,btsteve,1
zed-industries/zed,2024-Q4,RemcoSmitsDev,4
zed-industries/zed,2024-Q4,marcospb19,1
zed-industries/zed,2024-Q4,DD5HT,1
zed-industries/zed,2024-Q4,MatinAniss,3
zed-industries/zed,2024-Q4,feeiyu,2
zed-industries/zed,2024-Q4,leroycep,1
zed-industries/zed,2024-Q4,TheBearodactyl,1
zed-industries/zed,2024-Q4,jaxvanyang,1
zed-industries/zed,2024-Q4,nickbreaton,1
zed-industries/zed,2024-Q4,Anthony-Eid,2
zed-industries/zed,2024-Q4,WeetHet,8
zed-industries/zed,2024-Q4,RustyDev24,1
zed-industries/zed,2024-Q4,dsp-ant,7
zed-industries/zed,2024-Q4,wmstack,1
zed-industries/zed,2024-Q4,sn1c,1
zed-industries/zed,2024-Q4,loczek,2
zed-industries/zed,2024-Q4,spytheman,1
zed-industries/zed,2024-Q4,fred-sch,1
zed-industries/zed,2024-Q4,moskirathe,1
zed-industries/zed,2024-Q4,agustingomes,2
zed-industries/zed,2024-Q4,haruleekim,3
zed-industries/zed,2024-Q4,Moshyfawn,2
zed-industries/zed,2024-Q4,nabijaczleweli,1
zed-industries/zed,2024-Q4,dovakin0007,2
zed-industries/zed,2024-Q4,remixz,1
zed-industries/zed,2024-Q4,jaredramirez,1
zed-industries/zed,2024-Q4,AidanV,2
zed-industries/zed,2024-Q4,vultix,1
zed-industries/zed,2024-Q4,clwainwright,2
zed-industries/zed,2024-Q4,hugocardante,1
zed-industries/zed,2024-Q4,143mailliw,1
zed-industries/zed,2024-Q4,Techatrix,1
zed-industries/zed,2024-Q4,AdamWRichardson,1
zed-industries/zed,2024-Q4,Hawkbawk,1
zed-industries/zed,2024-Q4,Poldraunic,1
zed-industries/zed,2024-Q4,jrderuiter,1
zed-industries/zed,2024-Q4,lord,2
zed-industries/zed,2024-Q4,isaacdonaldson,1
zed-industries/zed,2024-Q4,wanlufun,1
zed-industries/zed,2024-Q4,Sid-MB,1
zed-industries/zed,2024-Q4,Aaron-212,1
zed-industries/zed,2024-Q4,Huliiiiii,2
zed-industries/zed,2024-Q4,sweetppro,1
zed-industries/zed,2024-Q4,CalebHeydon,2
zed-industries/zed,2024-Q4,TOULR,1
zed-industries/zed,2024-Q4,wolffiex,5
zed-industries/zed,2024-Q4,chottolabs,1
zed-industries/zed,2024-Q4,codeadict,1
zed-industries/zed,2024-Q4,hrou0003,1
zed-industries/zed,2024-Q4,HarshNarayanJha,1
zed-industries/zed,2024-Q4,zachcp,1
zed-industries/zed,2024-Q4,ShinyChang,1
zed-industries/zed,2024-Q4,bcomnes,1
zed-industries/zed,2024-Q4,axelcarl,3
zed-industries/zed,2024-Q4,SirSilver,1
zed-industries/zed,2024-Q4,markuswustenberg,1
zed-industries/zed,2024-Q4,_name:Arthur Brussee,1
zed-industries/zed,2024-Q4,ifsheldon,1
zed-industries/zed,2024-Q4,ognevny,1
zed-industries/zed,2024-Q4,_name:Will Bradley,4
zed-industries/zed,2024-Q4,antaz,1
zed-industries/zed,2024-Q4,trin94,2
zed-industries/zed,2024-Q4,dhaus67,1
zed-industries/zed,2024-Q4,vextorspace,1
zed-industries/zed,2024-Q4,matubu,1
zed-industries/zed,2024-Q4,xdBronch,2
zed-industries/zed,2024-Q4,MolotovCherry,1
zed-industries/zed,2024-Q4,jeevithakannan2,1
zed-industries/zed,2024-Q4,schpet,3
zed-industries/zed,2024-Q4,madcodelife,1
zed-industries/zed,2024-Q4,ElDiddi,1
zed-industries/zed,2024-Q4,rpadaki,2
zed-industries/zed,2024-Q4,k0tran,1
zed-industries/zed,2024-Q4,pdecat,1
zed-industries/zed,2024-Q4,wbbradley,1
zed-industries/zed,2024-Q4,kartikvashistha,1
zed-industries/zed,2024-Q4,marechaux,1
zed-industries/zed,2024-Q4,narqo,3
zed-industries/zed,2024-Q4,aexvir,1
zed-industries/zed,2024-Q4,1dNDN,1
zed-industries/zed,2024-Q4,stippi,1
zed-industries/zed,2024-Q4,AlvaroParker,2
zed-industries/zed,2024-Q4,extsalt,1
zed-industries/zed,2024-Q4,zeitlings,1
zed-industries/zed,2024-Q4,80avin,1
zed-industries/zed,2024-Q4,mike-lloyd03,1
zed-industries/zed,2024-Q4,bangbangsheshotmedown,1
zed-industries/zed,2024-Q4,TeenBiscuits,1
zed-industries/zed,2024-Q4,overjt,1
zed-industries/zed,2024-Q4,Irilith,2
zed-industries/zed,2024-Q4,tekikaito,1
zed-industries/zed,2024-Q4,henrybarreto,1
zed-industries/zed,2024-Q4,stalkerg,1
zed-industries/zed,2024-Q4,bcherny,2
zed-industries/zed,2024-Q4,NichtJens,1
zed-industries/zed,2024-Q4,okkdev,2
zed-industries/zed,2024-Q4,SkymanOne,1
zed-industries/zed,2024-Q4,pjtatlow,1
zed-industries/zed,2024-Q4,ClanEver,1
zed-industries/zed,2024-Q4,osa1,4
zed-industries/zed,2024-Q4,zhang0098,1
zed-industries/zed,2024-Q4,tzabbi,1
zed-industries/zed,2024-Q4,JTKBowers,1
zed-industries/zed,2024-Q4,wannacu,2
zed-industries/zed,2024-Q4,kevmo314,2
zed-industries/zed,2024-Q4,PixelJanitor,1
zed-industries/zed,2024-Q4,brunocalza,1
zed-industries/zed,2024-Q4,zfz7,1
zed-industries/zed,2024-Q4,reslear,1
zed-industries/zed,2024-Q4,alvgaona,2
zed-industries/zed,2024-Q4,valentinegb,2
zed-industries/zed,2024-Q4,shish,6
zed-industries/zed,2024-Q4,baldwindavid,1
zed-industries/zed,2024-Q4,eth0net,1
zed-industries/zed,2024-Q4,HeavySnowJakarta,1
zed-industries/zed,2024-Q4,dyedgreen,1
zed-industries/zed,2024-Q4,terziele,1
zed-industries/zed,2024-Q4,thataboy,1
zed-industries/zed,2024-Q4,cabrinha,1
zed-industries/zed,2024-Q4,aurexav,1
zed-industries/zed,2024-Q4,syndesis,1
zed-industries/zed,2024-Q4,BolajiOlajide,1
zed-industries/zed,2024-Q4,Mulder90,1
zed-industries/zed,2024-Q4,luckydye,1
zed-industries/zed,2024-Q4,henryhchchc,1
zed-industries/zed,2024-Q4,NukaCody,1
zed-industries/zed,2024-Q4,prskr,1
zed-industries/zed,2024-Q4,romanzipp,2
zed-industries/zed,2024-Q4,chrisbodhi,1
zed-industries/zed,2024-Q4,_name:Muhammad Talal Anwar,1
zed-industries/zed,2024-Q4,Daste745,1
zed-industries/zed,2024-Q4,thecrypticace,1
zed-industries/zed,2024-Q4,jsparkdev,1
zed-industries/zed,2024-Q4,vroetman,1
zed-industries/zed,2024-Q4,rowillia,1
zed-industries/zed,2024-Q4,patrickJramos,1
zed-industries/zed,2024-Q4,pantheraleo-7,1
zed-industries/zed,2025-Q1,maxbrunsfeld,44
zed-industries/zed,2025-Q1,danilo-leal,143
zed-industries/zed,2025-Q1,probably-neb,46
zed-industries/zed,2025-Q1,maxdeviant,371
zed-industries/zed,2025-Q1,P1n3appl3,13
zed-industries/zed,2025-Q1,agu-z,107
zed-industries/zed,2025-Q1,smitbarmase,91
zed-industries/zed,2025-Q1,5brian,21
zed-industries/zed,2025-Q1,Anthony-Eid,20
zed-industries/zed,2025-Q1,osiewicz,76
zed-industries/zed,2025-Q1,mikayla-maki,55
zed-industries/zed,2025-Q1,bennetbo,40
zed-industries/zed,2025-Q1,ConradIrwin,130
zed-industries/zed,2025-Q1,SomeoneToIgnore,120
zed-industries/zed,2025-Q1,MrSubidubi,27
zed-industries/zed,2025-Q1,rtfeldman,49
zed-industries/zed,2025-Q1,cole-miller,126
zed-industries/zed,2025-Q1,as-cii,41
zed-industries/zed,2025-Q1,madcodelife,1
zed-industries/zed,2025-Q1,felixpackard,2
zed-industries/zed,2025-Q1,tidely,4
zed-industries/zed,2025-Q1,mastion,1
zed-industries/zed,2025-Q1,sutonea,1
zed-industries/zed,2025-Q1,JosephTLyons,60
zed-industries/zed,2025-Q1,loczek,6
zed-industries/zed,2025-Q1,mslzed,1
zed-industries/zed,2025-Q1,JunkuiZhang,37
zed-industries/zed,2025-Q1,5herlocked,5
zed-industries/zed,2025-Q1,notpeter,120
zed-industries/zed,2025-Q1,mgsloan,159
zed-industries/zed,2025-Q1,renovate[bot],140
zed-industries/zed,2025-Q1,marcospb19,47
zed-industries/zed,2025-Q1,tmickleydoyle,2
zed-industries/zed,2025-Q1,elprans,1
zed-industries/zed,2025-Q1,AlvaroParker,2
zed-industries/zed,2025-Q1,iyht,1
zed-industries/zed,2025-Q1,CharlesChen0823,6
zed-industries/zed,2025-Q1,griendt,1
zed-industries/zed,2025-Q1,nathansobo,3
zed-industries/zed,2025-Q1,lnay,1
zed-industries/zed,2025-Q1,naim94a,2
zed-industries/zed,2025-Q1,iamnbutler,44
zed-industries/zed,2025-Q1,huacnlee,18
zed-industries/zed,2025-Q1,isomoes,1
zed-industries/zed,2025-Q1,RemcoSmitsDev,4
zed-industries/zed,2025-Q1,A-caibird,1
zed-industries/zed,2025-Q1,nilskch,4
zed-industries/zed,2025-Q1,thorbenk,1
zed-industries/zed,2025-Q1,jsparkdev,1
zed-industries/zed,2025-Q1,AlternateRT,1
zed-industries/zed,2025-Q1,andyw8,3
zed-industries/zed,2025-Q1,chbk,9
zed-industries/zed,2025-Q1,AidanV,7
zed-industries/zed,2025-Q1,not-my-profile,2
zed-industries/zed,2025-Q1,sunli829,1
zed-industries/zed,2025-Q1,davidbarsky,1
zed-industries/zed,2025-Q1,justjavac,1
zed-industries/zed,2025-Q1,vixalien,1
zed-industries/zed,2025-Q1,jakucermak,1
zed-industries/zed,2025-Q1,Hawkbawk,2
zed-industries/zed,2025-Q1,KyleBarton,2
zed-industries/zed,2025-Q1,sheikalthaf,1
zed-industries/zed,2025-Q1,kofta999,1
zed-industries/zed,2025-Q1,jakcharvat,2
zed-industries/zed,2025-Q1,marcoroth,1
zed-industries/zed,2025-Q1,khayyamsaleem,1
zed-industries/zed,2025-Q1,0x2CA,16
zed-industries/zed,2025-Q1,ColorFuzzy,1
zed-industries/zed,2025-Q1,0xRichardH,3
zed-industries/zed,2025-Q1,devzeth,14
zed-industries/zed,2025-Q1,sethdusek,1
zed-industries/zed,2025-Q1,albinkc,1
zed-industries/zed,2025-Q1,WeetHet,2
zed-industries/zed,2025-Q1,kaplan-michael,1
zed-industries/zed,2025-Q1,martimasousa,1
zed-industries/zed,2025-Q1,crispantea,1
zed-industries/zed,2025-Q1,Angelk90,5
zed-industries/zed,2025-Q1,lydiandy,1
zed-industries/zed,2025-Q1,edwloef,1
zed-industries/zed,2025-Q1,Rogue-striker,1
zed-industries/zed,2025-Q1,GuilhermeRGoncalves,1
zed-industries/zed,2025-Q1,chrisbodhi,1
zed-industries/zed,2025-Q1,greathongtu,2
zed-industries/zed,2025-Q1,asqarslanov,1
zed-industries/zed,2025-Q1,dinocosta,5
zed-industries/zed,2025-Q1,ognevny,5
zed-industries/zed,2025-Q1,maan2003,1
zed-industries/zed,2025-Q1,thomasheartman,2
zed-industries/zed,2025-Q1,nilehmann,2
zed-industries/zed,2025-Q1,sacki5,1
zed-industries/zed,2025-Q1,alexozer,1
zed-industries/zed,2025-Q1,feeiyu,1
zed-industries/zed,2025-Q1,BorisVassilev1,1
zed-industries/zed,2025-Q1,Morgandri1,1
zed-industries/zed,2025-Q1,Poldraunic,1
zed-industries/zed,2025-Q1,ninlds,1
zed-industries/zed,2025-Q1,FalkWoldmann,1
zed-industries/zed,2025-Q1,ishanray,1
zed-industries/zed,2025-Q1,yichengliu,1
zed-industries/zed,2025-Q1,aspiringLich,1
zed-industries/zed,2025-Q1,fdionisi,1
zed-industries/zed,2025-Q1,kaf-lamed-beyt,3
zed-industries/zed,2025-Q1,vittorius,1
zed-industries/zed,2025-Q1,zhaopengme,1
zed-industries/zed,2025-Q1,rien7,1
zed-industries/zed,2025-Q1,joshrotenberg,1
zed-industries/zed,2025-Q1,eli-kaplan,1
zed-industries/zed,2025-Q1,nikpivkin,1
zed-industries/zed,2025-Q1,pngdrift,1
zed-industries/zed,2025-Q1,bnjjj,2
zed-industries/zed,2025-Q1,mattmc3,1
zed-industries/zed,2025-Q1,Ptrskay3,1
zed-industries/zed,2025-Q1,zeux,2
zed-industries/zed,2025-Q1,RemiBardon,1
zed-industries/zed,2025-Q1,everdrone,2
zed-industries/zed,2025-Q1,gim913,2
zed-industries/zed,2025-Q1,hferreiro,1
zed-industries/zed,2025-Q1,itsaphel,1
zed-industries/zed,2025-Q1,SirSilver,1
zed-industries/zed,2025-Q1,someone13574,4
zed-industries/zed,2025-Q1,matthewpi,1
zed-industries/zed,2025-Q1,pjtatlow,1
zed-industries/zed,2025-Q1,zonuexe,1
zed-industries/zed,2025-Q1,dylwil3,1
zed-industries/zed,2025-Q1,oca159,3
zed-industries/zed,2025-Q1,xzbdmw,1
zed-industries/zed,2025-Q1,aymennasri,1
zed-industries/zed,2025-Q1,RandaZraik,1
zed-industries/zed,2025-Q1,bersace,1
zed-industries/zed,2025-Q1,Tebro,1
zed-industries/zed,2025-Q1,nobodywasishere,1
zed-industries/zed,2025-Q1,ashishbhate,1
zed-industries/zed,2025-Q1,Shidfar,1
zed-industries/zed,2025-Q1,sethstha,4
zed-industries/zed,2025-Q1,jezikk,1
zed-industries/zed,2025-Q1,adrientiburce,1
zed-industries/zed,2025-Q1,radmorecameron,2
zed-industries/zed,2025-Q1,twlite,1
zed-industries/zed,2025-Q1,ankddev,1
zed-industries/zed,2025-Q1,fuxingZhang,1
zed-industries/zed,2025-Q1,maxbucknell,1
zed-industries/zed,2025-Q1,Liamolucko,1
zed-industries/zed,2025-Q1,libondev,1
zed-industries/zed,2025-Q1,kantuni,1
zed-industries/zed,2025-Q1,affanshahid,1
zed-industries/zed,2025-Q1,roycrippen4,1
zed-industries/zed,2025-Q1,wilhelmklopp,1
zed-industries/zed,2025-Q1,LaVashikk,1
zed-industries/zed,2025-Q1,contrast-jproberts,1
zed-industries/zed,2025-Q1,amrbashir,1
zed-industries/zed,2025-Q1,patrickdet,1
zed-industries/zed,2025-Q1,henryhchchc,2
zed-industries/zed,2025-Q1,chapel,1
zed-industries/zed,2025-Q1,m4saurabh,1
zed-industries/zed,2025-Q1,cborup,1
zed-industries/zed,2025-Q1,ksweetie,1
zed-industries/zed,2025-Q1,billykern,1
zed-industries/zed,2025-Q1,rpadaki,1
zed-industries/zed,2025-Q1,mikeandmore,1
zed-industries/zed,2025-Q1,smoores-dev,1
zed-industries/zed,2025-Q1,srsly4,1
zed-industries/zed,2025-Q1,jswny,1
zed-industries/zed,2025-Q1,peanut996,1
zed-industries/zed,2025-Q1,injust,2
zed-industries/zed,2025-Q1,wblazer,1
zed-industries/zed,2025-Q1,curiouslad,1
zed-industries/zed,2025-Q1,victorhqc,1
zed-industries/zed,2025-Q1,jfmontanaro,1
zed-industries/zed,2025-Q1,Cupnfish,1
zed-industries/zed,2025-Q1,aborg-dev,4
zed-industries/zed,2025-Q1,MatinAniss,1
zed-industries/zed,2025-Q1,scmmishra,1
zed-industries/zed,2025-Q1,Swiftaff,1
zed-industries/zed,2025-Q1,OliverBeckwith,1
zed-industries/zed,2025-Q1,mrnugget,18
zed-industries/zed,2025-Q1,k4leg,1
zed-industries/zed,2025-Q1,hristo-kanchev,1
zed-industries/zed,2025-Q1,Qkessler,1
zed-industries/zed,2025-Q1,MolotovCherry,1
zed-industries/zed,2025-Q1,Jules-Bertholet,1
zed-industries/zed,2025-Q1,elisiariocouto,1
zed-industries/zed,2025-Q1,AaronFeickert,3
zed-industries/zed,2025-Q1,ficcialfaint,1
zed-industries/zed,2025-Q1,mfilippov,1
zed-industries/zed,2025-Q1,yagil,1
zed-industries/zed,2025-Q1,SkywardSyntax,1
zed-industries/zed,2025-Q1,ozanvos,1
zed-industries/zed,2025-Q1,tyleralbee,1
zed-industries/zed,2025-Q1,Huliiiiii,1
zed-industries/zed,2025-Q1,jcowgar,1
zed-industries/zed,2025-Q1,rgbkrk,1
zed-industries/zed,2025-Q1,mikesun,1
zed-industries/zed,2025-Q1,mattprodani,1
zed-industries/zed,2025-Q1,narqo,1
zed-industries/zed,2025-Q1,YYYasin19,1
zed-industries/zed,2025-Q1,tachyglossues,1
zed-industries/zed,2025-Q1,spotikhanov,3
zed-industries/zed,2025-Q1,vilgotf,1
zed-industries/zed,2025-Q1,uncenter,2
zed-industries/zed,2025-Q1,pepyakin,1
zed-industries/zed,2025-Q1,JuliusDeBoer,1
zed-industries/zed,2025-Q1,wuliuqii,1
zed-industries/zed,2025-Q1,baldwindavid,1
zed-industries/zed,2025-Q1,TorratDev,2
zed-industries/zed,2025-Q1,rosstimson,1
zed-industries/zed,2025-Q1,jtsimon93,1
zed-industries/zed,2025-Q1,respberryx,1
zed-industries/zed,2025-Q1,unexge,1
zed-industries/zed,2025-Q1,rowillia,1
zed-industries/zed,2025-Q1,DrewRidley,1
zed-industries/zed,2025-Q1,saahityaedams,1
zed-industries/zed,2025-Q1,thehxdev,1
zed-industries/zed,2025-Q1,Zollerboy1,1
zed-industries/zed,2025-Q1,Hmikihiro,1
zed-industries/zed,2025-Q1,Rusydy,1
zed-industries/zed,2025-Q2,mgsloan,167
zed-industries/zed,2025-Q2,mikayla-maki,19
zed-industries/zed,2025-Q2,imumesh18,51
zed-industries/zed,2025-Q2,ConradIrwin,109
zed-industries/zed,2025-Q2,afgomez,6
zed-industries/zed,2025-Q2,fantacell,6
zed-industries/zed,2025-Q2,AlvaroParker,5
zed-industries/zed,2025-Q2,SomeoneToIgnore,126
zed-industries/zed,2025-Q2,conradwt,1
zed-industries/zed,2025-Q2,P1n3appl3,30
zed-industries/zed,2025-Q2,osiewicz,111
zed-industries/zed,2025-Q2,danilo-leal,185
zed-industries/zed,2025-Q2,notpeter,81
zed-industries/zed,2025-Q2,mikalsande,2
zed-industries/zed,2025-Q2,bennetbo,105
zed-industries/zed,2025-Q2,cole-miller,127
zed-industries/zed,2025-Q2,alphaArgon,1
zed-industries/zed,2025-Q2,warp-records,1
zed-industries/zed,2025-Q2,5brian,24
zed-industries/zed,2025-Q2,smitbarmase,122
zed-industries/zed,2025-Q2,ddoemonn,3
zed-industries/zed,2025-Q2,dive,1
zed-industries/zed,2025-Q2,probably-neb,55
zed-industries/zed,2025-Q2,MrSubidubi,54
zed-industries/zed,2025-Q2,ronharel02,3
zed-industries/zed,2025-Q2,benbrandt,44
zed-industries/zed,2025-Q2,agu-z,65
zed-industries/zed,2025-Q2,rtfeldman,52
zed-industries/zed,2025-Q2,maxdeviant,262
zed-industries/zed,2025-Q2,renzepost,1
zed-industries/zed,2025-Q2,maxbrunsfeld,46
zed-industries/zed,2025-Q2,davidbarsky,1
zed-industries/zed,2025-Q2,morgankrey,9
zed-industries/zed,2025-Q2,vipexv,6
zed-industries/zed,2025-Q2,MatinAniss,5
zed-industries/zed,2025-Q2,JosephTLyons,76
zed-industries/zed,2025-Q2,osyvokon,58
zed-industries/zed,2025-Q2,CharlesChen0823,10
zed-industries/zed,2025-Q2,sarmadgulzar,1
zed-industries/zed,2025-Q2,kuzaxak,4
zed-industries/zed,2025-Q2,rodrigoFfreire,2
zed-industries/zed,2025-Q2,5herlocked,14
zed-industries/zed,2025-Q2,csutora,1
zed-industries/zed,2025-Q2,RemcoSmitsDev,11
zed-industries/zed,2025-Q2,WaffleLapkin,2
zed-industries/zed,2025-Q2,Anthony-Eid,72
zed-industries/zed,2025-Q2,WeetHet,7
zed-industries/zed,2025-Q2,okhaimie-dev,1
zed-industries/zed,2025-Q2,carlsverre,1
zed-industries/zed,2025-Q2,ferzisdis,1
zed-industries/zed,2025-Q2,JunkuiZhang,40
zed-industries/zed,2025-Q2,ashpool37,2
zed-industries/zed,2025-Q2,tagattie,1
zed-industries/zed,2025-Q2,willemt,1
zed-industries/zed,2025-Q2,yoshi-taka,1
zed-industries/zed,2025-Q2,ematipico,1
zed-industries/zed,2025-Q2,huacnlee,14
zed-industries/zed,2025-Q2,zeux,2
zed-industries/zed,2025-Q2,dallinhuff,2
zed-industries/zed,2025-Q2,itsjunetime,1
zed-industries/zed,2025-Q2,esimkowitz,3
zed-industries/zed,2025-Q2,jbonhag,1
zed-industries/zed,2025-Q2,sethstha,1
zed-industries/zed,2025-Q2,mzaks,1
zed-industries/zed,2025-Q2,iamnbutler,17
zed-industries/zed,2025-Q2,feeiyu,1
zed-industries/zed,2025-Q2,gillesdemey,1
zed-industries/zed,2025-Q2,qvalentin,1
zed-industries/zed,2025-Q2,gahooa,1
zed-industries/zed,2025-Q2,ozanozbeker,1
zed-industries/zed,2025-Q2,behrangsa,1
zed-industries/zed,2025-Q2,rgbkrk,1
zed-industries/zed,2025-Q2,valsoray-dev,2
zed-industries/zed,2025-Q2,dinocosta,6
zed-industries/zed,2025-Q2,gshahbazian,1
zed-industries/zed,2025-Q2,narqo,1
zed-industries/zed,2025-Q2,maxmynter,2
zed-industries/zed,2025-Q2,lsndr,3
zed-industries/zed,2025-Q2,andyw8,6
zed-industries/zed,2025-Q2,unexge,1
zed-industries/zed,2025-Q2,haruleekim,2
zed-industries/zed,2025-Q2,JonasKaplan,1
zed-industries/zed,2025-Q2,as-cii,49
zed-industries/zed,2025-Q2,remorses,3
zed-industries/zed,2025-Q2,Otterpocket,1
zed-industries/zed,2025-Q2,Angelk90,1
zed-industries/zed,2025-Q2,SMASTER4,1
zed-industries/zed,2025-Q2,clauses3,2
zed-industries/zed,2025-Q2,vitallium,5
zed-industries/zed,2025-Q2,dannybunschoten,1
zed-industries/zed,2025-Q2,andrewkolda,1
zed-industries/zed,2025-Q2,G36maid,1
zed-industries/zed,2025-Q2,chbk,7
zed-industries/zed,2025-Q2,tidely,29
zed-industries/zed,2025-Q2,not-a-cowfr,1
zed-industries/zed,2025-Q2,NexVeridian,1
zed-industries/zed,2025-Q2,diogenesc,1
zed-industries/zed,2025-Q2,pavles6,1
zed-industries/zed,2025-Q2,madcodelife,2
zed-industries/zed,2025-Q2,xJonathanLEI,4
zed-industries/zed,2025-Q2,davewa,1
zed-industries/zed,2025-Q2,shenjackyuanjie,3
zed-industries/zed,2025-Q2,rolandcrosby,1
zed-industries/zed,2025-Q2,thomas-zahner,1
zed-industries/zed,2025-Q2,sygi,1
zed-industries/zed,2025-Q2,sharkAndshark,1
zed-industries/zed,2025-Q2,deand0n,1
zed-industries/zed,2025-Q2,Kalmaegi,1
zed-industries/zed,2025-Q2,InfyniteHeap,1
zed-industries/zed,2025-Q2,benswift,1
zed-industries/zed,2025-Q2,sourcefrog,1
zed-industries/zed,2025-Q2,Aaron-212,1
zed-industries/zed,2025-Q2,nathansobo,13
zed-industries/zed,2025-Q2,sysradium,3
zed-industries/zed,2025-Q2,WantenMN,1
zed-industries/zed,2025-Q2,Peiffap,1
zed-industries/zed,2025-Q2,lnay,1
zed-industries/zed,2025-Q2,xyzqm,1
zed-industries/zed,2025-Q2,_name:little-dude,1
zed-industries/zed,2025-Q2,sudoish,2
zed-industries/zed,2025-Q2,90aca,1
zed-industries/zed,2025-Q2,dogonthehorizon,1
zed-industries/zed,2025-Q2,Rogue-striker,1
zed-industries/zed,2025-Q2,thlstsul,2
zed-industries/zed,2025-Q2,thebasilisk,1
zed-industries/zed,2025-Q2,fernandocarletti,2
zed-industries/zed,2025-Q2,joe-p,1
zed-industries/zed,2025-Q2,AidanV,7
zed-industries/zed,2025-Q2,alisinabh,1
zed-industries/zed,2025-Q2,hron,4
zed-industries/zed,2025-Q2,kartikvashistha,1
zed-industries/zed,2025-Q2,Bloeckchengrafik,1
zed-industries/zed,2025-Q2,hoodie,2
zed-industries/zed,2025-Q2,aldofunes,1
zed-industries/zed,2025-Q2,chungweileong94,1
zed-industries/zed,2025-Q2,spmurrayzzz,1
zed-industries/zed,2025-Q2,vivek-pothina,1
zed-industries/zed,2025-Q2,laizy,3
zed-industries/zed,2025-Q2,simonpham,2
zed-industries/zed,2025-Q2,d5ng4i,1
zed-industries/zed,2025-Q2,tongjicoder,1
zed-industries/zed,2025-Q2,raphaelluethy,1
zed-industries/zed,2025-Q2,alii,1
zed-industries/zed,2025-Q2,claytonrcarter,2
zed-industries/zed,2025-Q2,jvmncs,1
zed-industries/zed,2025-Q2,ADmad,1
zed-industries/zed,2025-Q2,Daquisu,1
zed-industries/zed,2025-Q2,loczek,2
zed-industries/zed,2025-Q2,pleibers,1
zed-industries/zed,2025-Q2,gyzerok,1
zed-industries/zed,2025-Q2,adrianfuro,1
zed-industries/zed,2025-Q2,abdelq,1
zed-industries/zed,2025-Q2,NewtonChutney,1
zed-industries/zed,2025-Q2,lukejans,1
zed-industries/zed,2025-Q2,captaindpt,2
zed-industries/zed,2025-Q2,TymekDev,1
zed-industries/zed,2025-Q2,stormasm,2
zed-industries/zed,2025-Q2,blopker,1
zed-industries/zed,2025-Q2,JonGretar,1
zed-industries/zed,2025-Q2,skurfer,2
zed-industries/zed,2025-Q2,hrou0003,3
zed-industries/zed,2025-Q2,theherk,1
zed-industries/zed,2025-Q2,halvko,2
zed-industries/zed,2025-Q2,zertosh,2
zed-industries/zed,2025-Q2,akaihola,1
zed-industries/zed,2025-Q2,kmpeeduwee,3
zed-industries/zed,2025-Q2,mmev,1
zed-industries/zed,2025-Q2,mrbojangles3,1
zed-industries/zed,2025-Q2,csernazs,1
zed-industries/zed,2025-Q2,vivienm,1
zed-industries/zed,2025-Q2,x4132,1
zed-industries/zed,2025-Q2,gentamura,1
zed-industries/zed,2025-Q2,Khayet,1
zed-industries/zed,2025-Q2,trishume,4
zed-industries/zed,2025-Q2,bakert,1
zed-industries/zed,2025-Q2,d1y,1
zed-industries/zed,2025-Q2,lj3954,1
zed-industries/zed,2025-Q2,143mailliw,1
zed-industries/zed,2025-Q2,amateurhuman,1
zed-industries/zed,2025-Q2,maxnordlund,1
zed-industries/zed,2025-Q2,sectore,1
zed-industries/zed,2025-Q2,peppidesu,1
zed-industries/zed,2025-Q2,yetyear,1
zed-industries/zed,2025-Q2,ognevny,1
zed-industries/zed,2025-Q2,gak,1
zed-industries/zed,2025-Q2,versecafe,1
zed-industries/zed,2025-Q2,contrast-jproberts,2
zed-industries/zed,2025-Q2,ai,1
zed-industries/zed,2025-Q2,nt8r,1
zed-industries/zed,2025-Q2,drathier,1
zed-industries/zed,2025-Q2,XDeme1,1
zed-industries/zed,2025-Q2,murtlatif,1
zed-industries/zed,2025-Q2,shank03,1
zed-industries/zed,2025-Q2,AaronFeickert,3
zed-industries/zed,2025-Q2,ivanbanov,1
zed-industries/zed,2025-Q2,neunato,3
zed-industries/zed,2025-Q2,fernandeeees,1
zed-industries/zed,2025-Q2,evaporei,2
zed-industries/zed,2025-Q2,xdBronch,1
zed-industries/zed,2025-Q2,noritada,1
zed-industries/zed,2025-Q2,SergeevPavel,1
zed-industries/zed,2025-Q2,lorenzolewis,1
zed-industries/zed,2025-Q2,danfuzz,1
zed-industries/zed,2025-Q2,AnjaliPhukan,1
zed-industries/zed,2025-Q2,patrickJramos,1
zed-industries/zed,2025-Q2,Hilda24,1
zed-industries/zed,2025-Q2,oca159,1
zed-industries/zed,2025-Q2,marcospb19,10
zed-industries/zed,2025-Q2,alexfertel,1
zed-industries/zed,2025-Q2,zjeffer,1
zed-industries/zed,2025-Q2,jneem,4
zed-industries/zed,2025-Q2,dandv,1
zed-industries/zed,2025-Q2,vojta-horanek,1
zed-industries/zed,2025-Q2,bibianandre,1
zed-industries/zed,2025-Q2,holly-hacker,1
zed-industries/zed,2025-Q2,mastion,4
zed-industries/zed,2025-Q2,sunli829,1
zed-industries/zed,2025-Q2,podsvirov,1
zed-industries/zed,2025-Q2,Doods0,1
zed-industries/zed,2025-Q2,seidtgeist,1
zed-industries/zed,2025-Q2,knmts,1
zed-industries/zed,2025-Q2,tmickleydoyle,12
zed-industries/zed,2025-Q2,kylelau519,1
zed-industries/zed,2025-Q2,redforks,3
zed-industries/zed,2025-Q2,_name:angelrecovery,1
zed-industries/zed,2025-Q2,mkungla,2
zed-industries/zed,2025-Q2,renovate[bot],16
zed-industries/zed,2025-Q2,moaqz,1
zed-industries/zed,2025-Q2,noahlemen,1
zed-industries/zed,2025-Q2,mockersf,1
zed-industries/zed,2025-Q2,0xRichardH,2
zed-industries/zed,2025-Q2,egibs,1
zed-industries/zed,2025-Q2,nuwawa,1
zed-industries/zed,2025-Q2,maan2003,1
zed-industries/zed,2025-Q2,samtay,1
zed-industries/zed,2025-Q2,th0jensen,1
zed-industries/zed,2025-Q2,raggi,1
zed-industries/zed,2025-Q2,TerminalFi,1
zed-industries/zed,2025-Q2,NiklasEi,1
zed-industries/zed,2025-Q2,onsclom,1
zed-industries/zed,2025-Q2,ThatOneCalculator,1
zed-industries/zed,2025-Q2,0x2CA,3
zed-industries/zed,2025-Q2,jamesthedove,1
zed-industries/zed,2025-Q2,flappyBug,1
zed-industries/zed,2025-Q2,thorbenk,1
zed-industries/zed,2025-Q2,nihgwu,1
zed-industries/zed,2025-Q2,jkbz64,1
zed-industries/zed,2025-Q2,aevsai,1
zed-industries/zed,2025-Q2,jakejx,1
zed-industries/zed,2025-Q2,rrbutani,1
zed-industries/zed,2025-Q2,frederik-uni,1
zed-industries/zed,2025-Q2,KyleBarton,1
zed-industries/zed,2025-Q2,elprans,1
zed-industries/zed,2025-Q2,jsparkdev,1
zed-industries/zed,2025-Q3,probably-neb,82
zed-industries/zed,2025-Q3,danilo-leal,159
zed-industries/zed,2025-Q3,dvcrn,1
zed-industries/zed,2025-Q3,kubkon,21
zed-industries/zed,2025-Q3,versecafe,5
zed-industries/zed,2025-Q3,ConradIrwin,76
zed-industries/zed,2025-Q3,Anthony-Eid,58
zed-industries/zed,2025-Q3,mikayla-maki,27
zed-industries/zed,2025-Q3,warrenjokinen,9
zed-industries/zed,2025-Q3,cole-miller,108
zed-industries/zed,2025-Q3,bennetbo,69
zed-industries/zed,2025-Q3,SomeoneToIgnore,78
zed-industries/zed,2025-Q3,Veykril,103
zed-industries/zed,2025-Q3,benbrandt,49
zed-industries/zed,2025-Q3,timvermeulen,3
zed-industries/zed,2025-Q3,agu-z,77
zed-industries/zed,2025-Q3,JosephTLyons,61
zed-industries/zed,2025-Q3,JunkuiZhang,32
zed-industries/zed,2025-Q3,zharinov,1
zed-industries/zed,2025-Q3,RemcoSmitsDev,10
zed-industries/zed,2025-Q3,hrou0003,1
zed-industries/zed,2025-Q3,osiewicz,87
zed-industries/zed,2025-Q3,mgsloan,74
zed-industries/zed,2025-Q3,dangooddd,1
zed-industries/zed,2025-Q3,dinocosta,11
zed-industries/zed,2025-Q3,AidanV,6
zed-industries/zed,2025-Q3,nia-e,12
zed-industries/zed,2025-Q3,_name:David Kleingeld,18
zed-industries/zed,2025-Q3,lemorage,5
zed-industries/zed,2025-Q3,rtfeldman,33
zed-industries/zed,2025-Q3,mgabor3141,1
zed-industries/zed,2025-Q3,morgankrey,10
zed-industries/zed,2025-Q3,MrSubidubi,78
zed-industries/zed,2025-Q3,dunkmann00,3
zed-industries/zed,2025-Q3,tsjason,1
zed-industries/zed,2025-Q3,Simek,10
zed-industries/zed,2025-Q3,smitbarmase,87
zed-industries/zed,2025-Q3,guuzaa,1
zed-industries/zed,2025-Q3,cppcoffee,4
zed-industries/zed,2025-Q3,YangGangUEFI,2
zed-industries/zed,2025-Q3,loczek,1
zed-industries/zed,2025-Q3,sigmaSd,3
zed-industries/zed,2025-Q3,maxbrunsfeld,35
zed-industries/zed,2025-Q3,waymondo,1
zed-industries/zed,2025-Q3,sourcefrog,8
zed-industries/zed,2025-Q3,maxdeviant,147
zed-industries/zed,2025-Q3,madcodelife,2
zed-industries/zed,2025-Q3,derekntnguyen,2
zed-industries/zed,2025-Q3,laurhinch,1
zed-industries/zed,2025-Q3,nathansobo,3
zed-industries/zed,2025-Q3,qjtdsqqm94akkyysgjdqo3hx1jn6l17,1
zed-industries/zed,2025-Q3,imumesh18,44
zed-industries/zed,2025-Q3,localcc,36
zed-industries/zed,2025-Q3,driftcell,2
zed-industries/zed,2025-Q3,rcjsuen,2
zed-industries/zed,2025-Q3,vicr123,2
zed-industries/zed,2025-Q3,osyvokon,27
zed-industries/zed,2025-Q3,tidely,25
zed-industries/zed,2025-Q3,sbe-arg,2
zed-industries/zed,2025-Q3,Quplet,2
zed-industries/zed,2025-Q3,mkcode,1
zed-industries/zed,2025-Q3,ImFeH2,2
zed-industries/zed,2025-Q3,notpeter,85
zed-industries/zed,2025-Q3,AlvaroParker,15
zed-industries/zed,2025-Q3,eukreign,1
zed-industries/zed,2025-Q3,Cupnfish,1
zed-industries/zed,2025-Q3,Kaikaikaifang,1
zed-industries/zed,2025-Q3,P1n3appl3,38
zed-industries/zed,2025-Q3,tomatitito,1
zed-industries/zed,2025-Q3,bluetech,1
zed-industries/zed,2025-Q3,iluuu1994,2
zed-industries/zed,2025-Q3,apitamr,1
zed-industries/zed,2025-Q3,injust,3
zed-industries/zed,2025-Q3,hcaeryks,1
zed-industries/zed,2025-Q3,CharlesChen0823,1
zed-industries/zed,2025-Q3,vitallium,7
zed-industries/zed,2025-Q3,jancespivo,1
zed-industries/zed,2025-Q3,DimasInchidi,1
zed-industries/zed,2025-Q3,jneem,1
zed-industries/zed,2025-Q3,matt-revell,2
zed-industries/zed,2025-Q3,buttercrab,1
zed-industries/zed,2025-Q3,devdattatalele,1
zed-industries/zed,2025-Q3,romaninsh,6
zed-industries/zed,2025-Q3,nilskch,1
zed-industries/zed,2025-Q3,itsaphel,2
zed-industries/zed,2025-Q3,Kyrilasa,1
zed-industries/zed,2025-Q3,UweKrause,1
zed-industries/zed,2025-Q3,vdualb,1
zed-industries/zed,2025-Q3,huacnlee,8
zed-industries/zed,2025-Q3,ojkelly,1
zed-industries/zed,2025-Q3,kdcokenny,1
zed-industries/zed,2025-Q3,ksckaan1,1
zed-industries/zed,2025-Q3,clicktodev,1
zed-industries/zed,2025-Q3,hakanensari,1
zed-industries/zed,2025-Q3,narqo,1
zed-industries/zed,2025-Q3,lsndr,1
zed-industries/zed,2025-Q3,cvanelteren,1
zed-industries/zed,2025-Q3,bgub,1
zed-industries/zed,2025-Q3,jacobtread,2
zed-industries/zed,2025-Q3,playdohface,1
zed-industries/zed,2025-Q3,bemyak,1
zed-industries/zed,2025-Q3,davidmatter,1
zed-industries/zed,2025-Q3,Zertsov,5
zed-industries/zed,2025-Q3,Hawkbawk,2
zed-industries/zed,2025-Q3,Dima-369,1
zed-industries/zed,2025-Q3,abrauninger,1
zed-industries/zed,2025-Q3,_name:0xshadow,1
zed-industries/zed,2025-Q3,chbk,3
zed-industries/zed,2025-Q3,lzakharov,1
zed-industries/zed,2025-Q3,tie,2
zed-industries/zed,2025-Q3,MarcoPolo,1
zed-industries/zed,2025-Q3,paul,1
zed-industries/zed,2025-Q3,as-cii,37
zed-industries/zed,2025-Q3,nick-kilian,1
zed-industries/zed,2025-Q3,Warpten,1
zed-industries/zed,2025-Q3,_name:Guillaume Launay,2
zed-industries/zed,2025-Q3,Mearman,1
zed-industries/zed,2025-Q3,davewa,3
zed-industries/zed,2025-Q3,idanov,1
zed-industries/zed,2025-Q3,npatsakula,1
zed-industries/zed,2025-Q3,opsnull,1
zed-industries/zed,2025-Q3,flareseek,1
zed-industries/zed,2025-Q3,XiNiHa,2
zed-industries/zed,2025-Q3,fantacell,4
zed-industries/zed,2025-Q3,eduardoalba00,1
zed-industries/zed,2025-Q3,HE7086,1
zed-industries/zed,2025-Q3,marius851000,4
zed-industries/zed,2025-Q3,KKKZOZ,1
zed-industries/zed,2025-Q3,tastenbier,1
zed-industries/zed,2025-Q3,marcogroot,1
zed-industries/zed,2025-Q3,MatinAniss,1
zed-industries/zed,2025-Q3,yacinehmito,1
zed-industries/zed,2025-Q3,ihales,1
zed-industries/zed,2025-Q3,WERDXZ,1
zed-industries/zed,2025-Q3,raggi,1
zed-industries/zed,2025-Q3,shenjackyuanjie,1
zed-industries/zed,2025-Q3,fbo25,1
zed-industries/zed,2025-Q3,the-kenny,1
zed-industries/zed,2025-Q3,cwwhitman,1
zed-industries/zed,2025-Q3,ribelo,1
zed-industries/zed,2025-Q3,kung-foo,1
zed-industries/zed,2025-Q3,ognevny,4
zed-industries/zed,2025-Q3,claytonrcarter,2
zed-industries/zed,2025-Q3,Justyer,1
zed-industries/zed,2025-Q3,gaauwe,2
zed-industries/zed,2025-Q3,renovate[bot],1
zed-industries/zed,2025-Q3,Gerd-Augsburg,1
zed-industries/zed,2025-Q3,dandv,2
zed-industries/zed,2025-Q3,5herlocked,2
zed-industries/zed,2025-Q3,raphaelluethy,2
zed-industries/zed,2025-Q3,WAKayser,1
zed-industries/zed,2025-Q3,tyranron,1
zed-industries/zed,2025-Q3,lj3954,2
zed-industries/zed,2025-Q3,lostella,1
zed-industries/zed,2025-Q3,thecrypticace,1
zed-industries/zed,2025-Q3,caiopiccirillo,1
zed-industries/zed,2025-Q3,Nitemaeric,1
zed-industries/zed,2025-Q3,llamaha,2
zed-industries/zed,2025-Q3,danielmartin,1
zed-industries/zed,2025-Q3,njurui,1
zed-industries/zed,2025-Q3,gwen-lg,2
zed-industries/zed,2025-Q3,reflectronic,1
zed-industries/zed,2025-Q3,Cretezy,3
zed-industries/zed,2025-Q3,ZachRiegel,1
zed-industries/zed,2025-Q3,henne90gen,1
zed-industries/zed,2025-Q3,hron,3
zed-industries/zed,2025-Q3,mzx2689,1
zed-industries/zed,2025-Q3,zeapoz,1
zed-industries/zed,2025-Q3,Louis454545,1
zed-industries/zed,2025-Q3,kaem-e,1
zed-industries/zed,2025-Q3,learnitall,1
zed-industries/zed,2025-Q3,shettysach,1
zed-industries/zed,2025-Q3,zumbalogy,3
zed-industries/zed,2025-Q3,Durev,1
zed-industries/zed,2025-Q3,0x5457,1
zed-industries/zed,2025-Q3,Gregoor,2
zed-industries/zed,2025-Q3,vieiralucas,1
zed-industries/zed,2025-Q3,hjr265,1
zed-industries/zed,2025-Q3,calesennett,1
zed-industries/zed,2025-Q3,hmemcpy,1
zed-industries/zed,2025-Q3,djsauble,7
zed-industries/zed,2025-Q3,m04f,1
zed-industries/zed,2025-Q3,TomPlanche,1
zed-industries/zed,2025-Q3,ponychicken,1
zed-industries/zed,2025-Q3,gilmar-sales,1
zed-industries/zed,2025-Q3,_name:Filip Binkiewicz,1
zed-industries/zed,2025-Q3,07rjain,1
zed-industries/zed,2025-Q3,Spissable,3
zed-industries/zed,2025-Q3,jingyuexing,1
zed-industries/zed,2025-Q3,afgomez,1
zed-industries/zed,2025-Q3,norpol,1
zed-industries/zed,2025-Q3,ddoemonn,1
zed-industries/zed,2025-Q3,panekj,1
zed-industries/zed,2025-Q3,anneschuth,1
zed-industries/zed,2025-Q3,maan2003,3
zed-industries/zed,2025-Q3,xar,1
zed-industries/zed,2025-Q3,valtism,1
zed-industries/zed,2025-Q3,Ph0enixKM,1
zed-industries/zed,2025-Q3,nihgwu,1
zed-industries/zed,2025-Q3,abdelq,2
zed-industries/zed,2025-Q3,fabjan,1
zed-industries/zed,2025-Q3,mcwindy,1
zed-industries/zed,2025-Q3,Tonguechaude,1
zed-industries/zed,2025-Q3,xdBronch,2
zed-industries/zed,2025-Q3,phocks,1
zed-industries/zed,2025-Q3,ThatOneCalculator,3
zed-industries/zed,2025-Q3,ahmelsayed,1
zed-industries/zed,2025-Q3,zeroeightysix,1
zed-industries/zed,2025-Q3,devjasperwang,2
zed-industries/zed,2025-Q3,t-monaghan,1
zed-industries/zed,2025-Q3,toddATavail,1
zed-industries/zed,2025-Q3,rfratto,1
zed-industries/zed,2025-Q3,lowlandghost,1
zed-industries/zed,2025-Q3,hokein,1
zed-industries/zed,2025-Q3,etimvr,1
zed-industries/zed,2025-Q3,zacharyhamm,1
zed-industries/zed,2025-Q3,praguevara,2
zed-industries/zed,2025-Q3,lochetti,1
zed-industries/zed,2025-Q3,NRodriguezcuellar,1
zed-industries/zed,2025-Q3,tiagoq,1
zed-industries/zed,2025-Q3,bcomnes,1
zed-industries/zed,2025-Q3,Daste745,1
zed-industries/zed,2025-Q3,stillonearth,2
zed-industries/zed,2025-Q3,balboacodes,1
zed-industries/zed,2025-Q3,sethdusek,1
zed-industries/zed,2025-Q3,armyhaylenko,1
zed-industries/zed,2025-Q3,zeux,2
zed-industries/zed,2025-Q3,andyw8,1
zed-industries/zed,2025-Q3,ericcornelissen,1
zed-industries/zed,2025-Q3,Damecek,1
zed-industries/zed,2025-Q3,rvragul,1
zed-industries/zed,2025-Q3,stephensamra,1
zed-industries/zed,2025-Q3,someone13574,1
zed-industries/zed,2025-Q3,arzezak,1
zed-industries/zed,2025-Q3,4teapo,1
zed-industries/zed,2025-Q3,theelderbeever,1
zed-industries/zed,2025-Q3,happenslol,3
zed-industries/zed,2025-Q3,niekdomi,1
zed-industries/zed,2025-Q3,eventualbuddha,1
zed-industries/zed,2025-Q3,vipexv,2
zed-industries/zed,2025-Q3,feeiyu,2
zed-industries/zed,2025-Q3,somtooo,1
zed-industries/zed,2025-Q3,alisinabh,2
zed-industries/zed,2025-Q3,max-frai,1
zed-industries/zed,2025-Q3,NathanBrodin,1
zed-industries/zed,2025-Q3,stephenhillier,1
zed-industries/zed,2025-Q3,gosvig123,1
zed-industries/zed,2025-Q3,JoelCourtney,1
zed-industries/zed,2025-Q3,curiouslad,1
zed-industries/zed,2025-Q3,alexpovel,1
zed-industries/zed,2025-Q3,Aerma7309,1
zed-industries/zed,2025-Q3,jacobduba,1
zed-industries/zed,2025-Q3,taras-mrtn,1
zed-industries/zed,2025-Q3,chicoferreira,1
zed-industries/zed,2025-Q3,aviatesk,1
zed-industries/zed,2025-Q3,sunli829,2
zed-industries/zed,2025-Q3,aurexav,1
zed-industries/zed,2025-Q3,IanMitchell,1
zed-industries/zed,2025-Q3,CathalMullan,1
zed-industries/zed,2025-Q3,hlcfan,1
zed-industries/zed,2025-Q3,G36maid,1
zed-industries/zed,2025-Q3,mslzed,1
zed-industries/zed,2025-Q4,hokein,11
zed-industries/zed,2025-Q4,osiewicz,67
zed-industries/zed,2025-Q4,bennetbo,49
zed-industries/zed,2025-Q4,nyc,1
zed-industries/zed,2025-Q4,flou,1
zed-industries/zed,2025-Q4,danilo-leal,192
zed-industries/zed,2025-Q4,MrSubidubi,91
zed-industries/zed,2025-Q4,huacnlee,14
zed-industries/zed,2025-Q4,SomeoneToIgnore,79
zed-industries/zed,2025-Q4,cppcoffee,26
zed-industries/zed,2025-Q4,tacshi,3
zed-industries/zed,2025-Q4,ahmedhesham6,1
zed-industries/zed,2025-Q4,murilo-cunha,1
zed-industries/zed,2025-Q4,gshahbazian,1
zed-industries/zed,2025-Q4,benbrandt,34
zed-industries/zed,2025-Q4,Thinkseal,1
zed-industries/zed,2025-Q4,agu-z,70
zed-industries/zed,2025-Q4,nathansobo,13
zed-industries/zed,2025-Q4,maxdeviant,40
zed-industries/zed,2025-Q4,marcocondrache,17
zed-industries/zed,2025-Q4,teohhanhui,1
zed-industries/zed,2025-Q4,danielbyiringiro,1
zed-industries/zed,2025-Q4,zchira,1
zed-industries/zed,2025-Q4,JosephTLyons,61
zed-industries/zed,2025-Q4,cole-miller,55
zed-industries/zed,2025-Q4,maxbrunsfeld,35
zed-industries/zed,2025-Q4,afgomez,1
zed-industries/zed,2025-Q4,morgankrey,13
zed-industries/zed,2025-Q4,Daeksell,1
zed-industries/zed,2025-Q4,iff,1
zed-industries/zed,2025-Q4,errmayank,29
zed-industries/zed,2025-Q4,Veykril,261
zed-industries/zed,2025-Q4,Nereuxofficial,3
zed-industries/zed,2025-Q4,amtoaer,7
zed-industries/zed,2025-Q4,Zachiah,3
zed-industries/zed,2025-Q4,hidehiroanto,1
zed-industries/zed,2025-Q4,Lieunoir,1
zed-industries/zed,2025-Q4,mikayla-maki,44
zed-industries/zed,2025-Q4,jkugs,1
zed-industries/zed,2025-Q4,Serophots,4
zed-industries/zed,2025-Q4,Anthony-Eid,55
zed-industries/zed,2025-Q4,rtfeldman,46
zed-industries/zed,2025-Q4,ConradIrwin,82
zed-industries/zed,2025-Q4,_name:Michael Benfield,10
zed-industries/zed,2025-Q4,tomopumipumi,2
zed-industries/zed,2025-Q4,miguelraz,6
zed-industries/zed,2025-Q4,HactarCE,27
zed-industries/zed,2025-Q4,P1n3appl3,27
zed-industries/zed,2025-Q4,probably-neb,82
zed-industries/zed,2025-Q4,0xRaduan,1
zed-industries/zed,2025-Q4,feeiyu,6
zed-industries/zed,2025-Q4,AidanV,9
zed-industries/zed,2025-Q4,as-cii,6
zed-industries/zed,2025-Q4,yara-blue,3
zed-industries/zed,2025-Q4,ddoemonn,7
zed-industries/zed,2025-Q4,kubkon,40
zed-industries/zed,2025-Q4,zelenenka,12
zed-industries/zed,2025-Q4,vixalien,2
zed-industries/zed,2025-Q4,korbindeman,1
zed-industries/zed,2025-Q4,prayanshchh,1
zed-industries/zed,2025-Q4,amustaque97,3
zed-industries/zed,2025-Q4,rabsef-bicrym,2
zed-industries/zed,2025-Q4,ryansteil,1
zed-industries/zed,2025-Q4,AlvaroParker,12
zed-industries/zed,2025-Q4,notpeter,4
zed-industries/zed,2025-Q4,gaauwe,6
zed-industries/zed,2025-Q4,emamoah,1
zed-industries/zed,2025-Q4,leoliu0605,1
zed-industries/zed,2025-Q4,tidely,10
zed-industries/zed,2025-Q4,seanstrom,3
zed-industries/zed,2025-Q4,ahmed3mar,1
zed-industries/zed,2025-Q4,henryhchchc,1
zed-industries/zed,2025-Q4,MostlyKIGuess,1
zed-industries/zed,2025-Q4,guiopen,1
zed-industries/zed,2025-Q4,aqrln,4
zed-industries/zed,2025-Q4,yeskunall,11
zed-industries/zed,2025-Q4,tsoernes,2
zed-industries/zed,2025-Q4,kingsword09,1
zed-industries/zed,2025-Q4,LoricAndre,1
zed-industries/zed,2025-Q4,cameron1024,9
zed-industries/zed,2025-Q4,davewa,3
zed-industries/zed,2025-Q4,localcc,24
zed-industries/zed,2025-Q4,xipeng-jin,11
zed-industries/zed,2025-Q4,coszio,1
zed-industries/zed,2025-Q4,katie-z-geer,8
zed-industries/zed,2025-Q4,van-sprundel,2
zed-industries/zed,2025-Q4,smitbarmase,51
zed-industries/zed,2025-Q4,schpet,1
zed-industries/zed,2025-Q4,RemcoSmitsDev,24
zed-industries/zed,2025-Q4,andre-eriksson,1
zed-industries/zed,2025-Q4,aeroxy,4
zed-industries/zed,2025-Q4,5herlocked,3
zed-industries/zed,2025-Q4,dinocosta,35
zed-industries/zed,2025-Q4,jeffbrennan,3
zed-industries/zed,2025-Q4,Copilot,1
zed-industries/zed,2025-Q4,mchisolm0,2
zed-industries/zed,2025-Q4,jrobsonchase,1
zed-industries/zed,2025-Q4,mdliss,1
zed-industries/zed,2025-Q4,dangreco,1
zed-industries/zed,2025-Q4,nihalxkumar,1
zed-industries/zed,2025-Q4,AndreRoelofs,1
zed-industries/zed,2025-Q4,_name:Yara 🏳️‍⚧️,5
zed-industries/zed,2025-Q4,daiconic,1
zed-industries/zed,2025-Q4,majiayu000,1
zed-industries/zed,2025-Q4,LuggaPugga,1
zed-industries/zed,2025-Q4,simonpham,1
zed-industries/zed,2025-Q4,madmo,1
zed-industries/zed,2025-Q4,daomah,1
zed-industries/zed,2025-Q4,xfbs,1
zed-industries/zed,2025-Q4,flappyBug,1
zed-industries/zed,2025-Q4,Bertie690,1
zed-industries/zed,2025-Q4,johnklucinec,1
zed-industries/zed,2025-Q4,ti0ma,1
zed-industries/zed,2025-Q4,vitallium,6
zed-industries/zed,2025-Q4,mattermill,3
zed-industries/zed,2025-Q4,pedroni,1
zed-industries/zed,2025-Q4,cvanelteren,2
zed-industries/zed,2025-Q4,KyleBarton,6
zed-industries/zed,2025-Q4,RMcGhee,1
zed-industries/zed,2025-Q4,teleoflexuous,1
zed-industries/zed,2025-Q4,DominicBurkart,1
zed-industries/zed,2025-Q4,_name:Freddy Fallon,1
zed-industries/zed,2025-Q4,0x2CA,2
zed-industries/zed,2025-Q4,143mailliw,1
zed-industries/zed,2025-Q4,aarol,1
zed-industries/zed,2025-Q4,lennartkloock,2
zed-industries/zed,2025-Q4,notnotjake,2
zed-industries/zed,2025-Q4,probablykasper,1
zed-industries/zed,2025-Q4,devzeth,2
zed-industries/zed,2025-Q4,odvcencio,2
zed-industries/zed,2025-Q4,atahrijouti,2
zed-industries/zed,2025-Q4,godalming123,1
zed-industries/zed,2025-Q4,dangooddd,2
zed-industries/zed,2025-Q4,vasyl-protsiv,4
zed-industries/zed,2025-Q4,CLoaKY233,2
zed-industries/zed,2025-Q4,edlsh,1
zed-industries/zed,2025-Q4,reflectronic,34
zed-industries/zed,2025-Q4,VVill-ga,1
zed-industries/zed,2025-Q4,_name:Josh Ayres,1
zed-industries/zed,2025-Q4,osyvokon,11
zed-industries/zed,2025-Q4,siame,1
zed-industries/zed,2025-Q4,CharlesChen0823,2
zed-industries/zed,2025-Q4,_name:David Kleingeld,16
zed-industries/zed,2025-Q4,Peter-Koenig,1
zed-industries/zed,2025-Q4,scorphus,1
zed-industries/zed,2025-Q4,nia-e,9
zed-industries/zed,2025-Q4,AaronFeickert,1
zed-industries/zed,2025-Q4,mafiefa02,1
zed-industries/zed,2025-Q4,madcodelife,5
zed-industries/zed,2025-Q4,mInrOz,2
zed-industries/zed,2025-Q4,wln,1
zed-industries/zed,2025-Q4,kdkasad,1
zed-industries/zed,2025-Q4,odellus,1
zed-industries/zed,2025-Q4,claytercek,1
zed-industries/zed,2025-Q4,RemiKalbe,2
zed-industries/zed,2025-Q4,ian-h-chamberlain,2
zed-industries/zed,2025-Q4,vipexv,2
zed-industries/zed,2025-Q4,findrakecil,3
zed-industries/zed,2025-Q4,rawandahmad698,1
zed-industries/zed,2025-Q4,bnjjj,7
zed-industries/zed,2025-Q4,JPGibb,1
zed-industries/zed,2025-Q4,artschur,1
zed-industries/zed,2025-Q4,alkasadist,1
zed-industries/zed,2025-Q4,lipcut,1
zed-industries/zed,2025-Q4,Rani367,1
zed-industries/zed,2025-Q4,GoldStrikeArch,1
zed-industries/zed,2025-Q4,Pranav2612000,3
zed-industries/zed,2025-Q4,novusnota,1
zed-industries/zed,2025-Q4,aviatesk,1
zed-industries/zed,2025-Q4,11happy,3
zed-industries/zed,2025-Q4,arjunbajaj,1
zed-industries/zed,2025-Q4,FloppyDisco,6
zed-industries/zed,2025-Q4,connortsui20,2
zed-industries/zed,2025-Q4,mfroeh,1
zed-industries/zed,2025-Q4,Kalmaegi,2
zed-industries/zed,2025-Q4,Clement-Lap,1
zed-industries/zed,2025-Q4,mikeHag,2
zed-industries/zed,2025-Q4,markelrep,1
zed-industries/zed,2025-Q4,adam-huganir,1
zed-industries/zed,2025-Q4,olrtg,1
zed-industries/zed,2025-Q4,TomPlanche,3
zed-industries/zed,2025-Q4,cyndis,1
zed-industries/zed,2025-Q4,dajooo,1
zed-industries/zed,2025-Q4,procr1337,1
zed-industries/zed,2025-Q4,jsparkdev,2
zed-industries/zed,2025-Q4,baldwindavid,1
zed-industries/zed,2025-Q4,Maokaman1,2
zed-industries/zed,2025-Q4,libondev,3
zed-industries/zed,2025-Q4,schurchley,1
zed-industries/zed,2025-Q4,olejorgenb,3
zed-industries/zed,2025-Q4,ihavecoke,1
zed-industries/zed,2025-Q4,_name:Oscar Vargas Torres,1
zed-industries/zed,2025-Q4,qystishere,1
zed-industries/zed,2025-Q4,yjoer,1
zed-industries/zed,2025-Q4,HuaGu-Dragon,1
zed-industries/zed,2025-Q4,Binlogo,1
zed-industries/zed,2025-Q4,shaik-zeeshan,1
zed-industries/zed,2025-Q4,mg0x7BE,1
zed-industries/zed,2025-Q4,bnjmnjrk,1
zed-industries/zed,2025-Q4,BuonOmo,1
zed-industries/zed,2025-Q4,warrenjokinen,6
zed-industries/zed,2025-Q4,Be-ing,6
zed-industries/zed,2025-Q4,lnay,1
zed-industries/zed,2025-Q4,jtaub,1
zed-industries/zed,2025-Q4,cacaosteve,1
zed-industries/zed,2025-Q4,mikebenfield,1
zed-industries/zed,2025-Q4,adriandlam,1
zed-industries/zed,2025-Q4,tidefield,1
zed-industries/zed,2025-Q4,ArunChapagain,1
zed-industries/zed,2025-Q4,alphathekiwi,1
zed-industries/zed,2025-Q4,xdBronch,1
zed-industries/zed,2025-Q4,v1narth,1
zed-industries/zed,2025-Q4,tzabbi,1
zed-industries/zed,2025-Q4,CosmicPredator,1
zed-industries/zed,2025-Q4,AhegaoBurger,1
zed-industries/zed,2025-Q4,canack,1
zed-industries/zed,2025-Q4,aleanon,1
zed-industries/zed,2025-Q4,DavisVaughan,1
zed-industries/zed,2025-Q4,lparry,2
zed-industries/zed,2025-Q4,ivanpasq,1
zed-industries/zed,2025-Q4,abulgit,2
zed-industries/zed,2025-Q4,kevinru2023,1
zed-industries/zed,2025-Q4,lionel-,2
zed-industries/zed,2025-Q4,rlueder,1
zed-industries/zed,2025-Q4,kitt-cat,3
zed-industries/zed,2025-Q4,timmclean,1
zed-industries/zed,2025-Q4,Amogh-2404,1
zed-industries/zed,2025-Q4,mgsloan,5
zed-industries/zed,2025-Q4,lyrakisk,1
zed-industries/zed,2025-Q4,CnsMaple,2
zed-industries/zed,2025-Q4,miguelcsx,1
zed-industries/zed,2025-Q4,brequet,1
zed-industries/zed,2025-Q4,liuyanghejerry,1
zed-industries/zed,2025-Q4,dev2820,1
zed-industries/zed,2025-Q4,dDostalker,1
zed-industries/zed,2025-Q4,anicioalexandre,1
zed-industries/zed,2025-Q4,timvermeulen,6
zed-industries/zed,2025-Q4,Tryanks,1
zed-industries/zed,2025-Q4,_name:Miguel Raz Guzmán Macedo,1
zed-industries/zed,2025-Q4,dvcrn,2
zed-industries/zed,2025-Q4,toshmukhamedov,1
zed-industries/zed,2025-Q4,boetro,1
zed-industries/zed,2025-Q4,ayu-ch,1
zed-industries/zed,2025-Q4,chenmijiang,1
zed-industries/zed,2025-Q4,ChuckBorris33,1
zed-industries/zed,2025-Q4,hyeondg,1
zed-industries/zed,2025-Q4,rrrodzilla,1
zed-industries/zed,2025-Q4,thedadams,3
zed-industries/zed,2025-Q4,claytonrcarter,2
zed-industries/zed,2025-Q4,Dima-369,1
zed-industries/zed,2025-Q4,aohanhongzhi,1
zed-industries/zed,2025-Q4,cavebatsofware,2
zed-industries/zed,2025-Q4,druppy,1
zed-industries/zed,2025-Q4,im-lunex,1
zed-industries/zed,2025-Q4,kognise,1
zed-industries/zed,2025-Q4,lemoncove,1
zed-industries/zed,2025-Q4,delvin02,4
zed-industries/zed,2025-Q4,virajbhartiya,2
zed-industries/zed,2025-Q4,petros,1
zed-industries/zed,2025-Q4,seantimm,1
zed-industries/zed,2025-Q4,unixzii,2
zed-industries/zed,2025-Q4,versecafe,6
zed-industries/zed,2025-Q4,techy-0,1
zed-industries/zed,2025-Q4,playdohface,3
zed-industries/zed,2025-Q4,ch45er,1
zed-industries/zed,2025-Q4,ignasius-j-s,1
zed-industries/zed,2025-Q4,scuzqy,1
zed-industries/zed,2025-Q4,Sathiyaraman-M,1
zed-industries/zed,2025-Q4,thomasheartman,2
zed-industries/zed,2025-Q4,bcollierjones,1
zed-industries/zed,2025-Q4,dylankyc,1
zed-industries/zed,2025-Q4,Sh4rK,2
zed-industries/zed,2025-Q4,bobbymannino,1
zed-industries/zed,2025-Q4,pigletfly,1
zed-industries/zed,2025-Q4,diksipav,2
zed-industries/zed,2025-Q4,kallyaleksiev,1
zed-industries/zed,2025-Q4,machr,1
zed-industries/zed,2025-Q4,cmclaughlin,1
zed-industries/zed,2025-Q4,joeinnes,1
zed-industries/zed,2025-Q4,zeld-a,2
zed-industries/zed,2025-Q4,pkondzior,2
zed-industries/zed,2025-Q4,jasikpark,1
zed-industries/zed,2025-Q4,teowelton,1
zed-industries/zed,2025-Q4,bowenxuuu,1
zed-industries/zed,2025-Q4,arkriny,1
zed-industries/zed,2025-Q4,yordis,2
zed-industries/zed,2025-Q4,happenslol,1
zed-industries/zed,2025-Q4,injust,1
zed-industries/zed,2025-Q4,trolleyman,1
zed-industries/zed,2025-Q4,NotSpooky,1
zed-industries/zed,2025-Q4,Sushants-Git,1
zed-industries/zed,2025-Q4,Adir-Shemesh,1
zed-industries/zed,2025-Q4,h-michaelson20,1
zed-industries/zed,2025-Q4,Trombach,1
zed-industries/zed,2025-Q4,abdelq,5
zed-industries/zed,2025-Q4,mohin-io,2
zed-industries/zed,2025-Q4,pedrxd,1
zed-industries/zed,2025-Q4,AdamWRichardson,1
zed-industries/zed,2025-Q4,deltamaya,1
zed-industries/zed,2025-Q4,taciclei,1
zed-industries/zed,2025-Q4,DeeJayLSP,1
zed-industries/zed,2025-Q4,somtooo,1
zed-industries/zed,2025-Q4,ToBinio,1
zed-industries/zed,2025-Q4,devdattatalele,1
zed-industries/zed,2025-Q4,paneutral,1
zed-industries/zed,2025-Q4,lidm0707,1
zed-industries/zed,2025-Q4,tredondo,1
zed-industries/zed,2025-Q4,Affonso-Gui,2
zed-industries/zed,2025-Q4,AjaniBilby,1
zed-industries/zed,2025-Q4,SO9010,1
zed-industries/zed,2025-Q4,someone13574,1
zed-industries/zed,2025-Q4,sourcefrog,4
zed-industries/zed,2025-Q4,dongdong867,1
zed-industries/zed,2025-Q4,Rayato159,1
zed-industries/zed,2025-Q4,dariogriffo,1
zed-industries/zed,2025-Q4,mateonoel2,1
zed-industries/zed,2025-Q4,willeyh-git,1
zed-industries/zed,2025-Q4,Simek,12
zed-industries/zed,2025-Q4,sousaakira,1
zed-industries/zed,2025-Q4,ofetch,1
zed-industries/zed,2025-Q4,ruxwez,2
zed-industries/zed,2025-Q4,mattermoran,1
zed-industries/zed,2025-Q4,overstarry,1
zed-industries/zed,2025-Q4,riandrake,1
zed-industries/zed,2025-Q4,azeier,1
zed-industries/zed,2025-Q4,Hmikihiro,1
zed-industries/zed,2025-Q4,ogdakke,1
zed-industries/zed,2025-Q4,arcanis,1
zed-industries/zed,2025-Q4,sylbru,1
zed-industries/zed,2025-Q4,sigmaSd,1
zed-industries/zed,2025-Q4,jvb0,1
zed-industries/zed,2025-Q4,44David,1
zed-industries/zed,2025-Q4,seeni-dev,1
zed-industries/zed,2025-Q4,seivan,1
zed-industries/zed,2025-Q4,shuizhongyueming,1
zed-industries/zed,2025-Q4,thomasboom,1
zed-industries/zed,2025-Q4,yusufrahadika,1
zed-industries/zed,2025-Q4,tie,1
zed-industries/zed,2025-Q4,janko,1
zed-industries/zed,2025-Q4,kingananas20,1
zed-industries/zed,2025-Q4,MorrowShore,1
zed-industries/zed,2025-Q4,jneem,1
zed-industries/zed,2025-Q4,fantacell,1
zed-industries/zed,2025-Q4,tepavcevic,1
zed-industries/zed,2025-Q4,eth0net,1
zed-industries/zed,2025-Q4,wfleurant,1
zed-industries/zed,2025-Q4,Hawkbawk,1
zed-industries/zed,2025-Q4,greatislander,1
zed-industries/zed,2025-Q4,Shoghy,1
zed-industries/zed,2025-Q4,kevinrambaud,1
zed-industries/zed,2025-Q4,FrGoIs,1
zed-industries/zed,2025-Q4,sunli829,1
zed-industries/zed,2025-Q4,Merlin04,1
zed-industries/zed,2025-Q4,MatthijsKok,1
zed-industries/zed,2025-Q4,robert7k,1
zed-industries/zed,2025-Q4,lzakharov,2
zed-industries/zed,2025-Q4,ognevny,1
zed-industries/zed,2025-Q4,MunishMummadi,1
zed-industries/zed,2025-Q4,vmotta8,1
zed-industries/zed,2025-Q4,Hexorg,1
zed-industries/zed,2025-Q4,ratazzi,2
zed-industries/zed,2025-Q4,iamngoni,1
zed-industries/zed,2025-Q4,mansoorkhan96,2
zed-industries/zed,2025-Q4,jacobtread,1
zed-industries/zed,2025-Q4,canntws,1
zed-industries/zed,2025-Q4,rufevean,1
zed-industries/zed,2025-Q4,sir-geronimo,1
zed-industries/zed,2025-Q4,mkozjak,2
zed-industries/zed,2025-Q4,zanmato,1
zed-industries/zed,2025-Q4,lemorage,1
LedgerHQ/ledger-live,2023-Q1,Justkant,100
LedgerHQ/ledger-live,2023-Q1,RamyEB,15
LedgerHQ/ledger-live,2023-Q1,henri-ly,18
LedgerHQ/ledger-live,2023-Q1,adrienlacombe,9
LedgerHQ/ledger-live,2023-Q1,cgrellard-ledger,66
LedgerHQ/ledger-live,2023-Q1,bigspider,1
LedgerHQ/ledger-live,2023-Q1,mcayuelas-ledger,15
LedgerHQ/ledger-live,2023-Q1,live-github-bot[bot],10
LedgerHQ/ledger-live,2023-Q1,grsoares21,10
LedgerHQ/ledger-live,2023-Q1,ledgerlive,99
LedgerHQ/ledger-live,2023-Q1,_name:Hakim,6
LedgerHQ/ledger-live,2023-Q1,valpinkman,105
LedgerHQ/ledger-live,2023-Q1,lvndry,11
LedgerHQ/ledger-live,2023-Q1,jules-grenier-ledger,21
LedgerHQ/ledger-live,2023-Q1,nparigi-ledger,11
LedgerHQ/ledger-live,2023-Q1,abdurrahman-ledger,6
LedgerHQ/ledger-live,2023-Q1,sprohaszka-ledger,4
LedgerHQ/ledger-live,2023-Q1,ggilchrist-ledger,13
LedgerHQ/ledger-live,2023-Q1,juan-cortes,91
LedgerHQ/ledger-live,2023-Q1,_name:male-gal,24
LedgerHQ/ledger-live,2023-Q1,gre,60
LedgerHQ/ledger-live,2023-Q1,alexandremgo,22
LedgerHQ/ledger-live,2023-Q1,_name:Chelsea Sanders,1
LedgerHQ/ledger-live,2023-Q1,IAmMorrow,18
LedgerHQ/ledger-live,2023-Q1,pierrelouis-c,13
LedgerHQ/ledger-live,2023-Q1,JunichiSugiura,2
LedgerHQ/ledger-live,2023-Q1,mle-gall,16
LedgerHQ/ledger-live,2023-Q1,sarneijim,37
LedgerHQ/ledger-live,2023-Q1,lambertkevin,12
LedgerHQ/ledger-live,2023-Q1,hedi-edelbloute,23
LedgerHQ/ledger-live,2023-Q1,elbywan,76
LedgerHQ/ledger-live,2023-Q1,cjordan-ledger,35
LedgerHQ/ledger-live,2023-Q1,konoart,1
LedgerHQ/ledger-live,2023-Q1,_name:Tim Schmidt,4
LedgerHQ/ledger-live,2023-Q1,vlad-anger,1
LedgerHQ/ledger-live,2023-Q1,brunospolidorio,2
LedgerHQ/ledger-live,2023-Q1,crypto-matto,1
LedgerHQ/ledger-live,2023-Q1,desirendr,8
LedgerHQ/ledger-live,2023-Q1,nabil-brn,4
LedgerHQ/ledger-live,2023-Q1,hzheng-ledger,11
LedgerHQ/ledger-live,2023-Q1,OlivierFreyssinet,20
LedgerHQ/ledger-live,2023-Q1,thomasrogerlux,6
LedgerHQ/ledger-live,2023-Q1,_name:Armin,1
LedgerHQ/ledger-live,2023-Q1,harrisonf-ledger,1
LedgerHQ/ledger-live,2023-Q1,cksanders,1
LedgerHQ/ledger-live,2023-Q1,matthieu-krief,3
LedgerHQ/ledger-live,2023-Q1,gobeli,1
LedgerHQ/ledger-live,2023-Q1,nigamprashant,10
LedgerHQ/ledger-live,2023-Q1,chabroA,8
LedgerHQ/ledger-live,2023-Q1,_name:quimodotcom,15
LedgerHQ/ledger-live,2023-Q1,memdealer,1
LedgerHQ/ledger-live,2023-Q1,samuel-tifi,1
LedgerHQ/ledger-live,2023-Q1,_name:Evan Donald,2
LedgerHQ/ledger-live,2023-Q1,Yahmooo,8
LedgerHQ/ledger-live,2023-Q1,alalmi-ledger,2
LedgerHQ/ledger-live,2023-Q1,omahs,3
LedgerHQ/ledger-live,2023-Q1,cdiarra-ledger,1
LedgerHQ/ledger-live,2023-Q2,cksanders,5
LedgerHQ/ledger-live,2023-Q2,sarneijim,19
LedgerHQ/ledger-live,2023-Q2,live-github-bot[bot],89
LedgerHQ/ledger-live,2023-Q2,mcayuelas-ledger,29
LedgerHQ/ledger-live,2023-Q2,hedi-edelbloute,22
LedgerHQ/ledger-live,2023-Q2,lambertkevin,16
LedgerHQ/ledger-live,2023-Q2,_name:Hakim,14
LedgerHQ/ledger-live,2023-Q2,kallen-ledger,103
LedgerHQ/ledger-live,2023-Q2,mderrick,6
LedgerHQ/ledger-live,2023-Q2,gre,50
LedgerHQ/ledger-live,2023-Q2,grsoares21,11
LedgerHQ/ledger-live,2023-Q2,valpinkman,78
LedgerHQ/ledger-live,2023-Q2,OlivierFreyssinet,43
LedgerHQ/ledger-live,2023-Q2,flocks,2
LedgerHQ/ledger-live,2023-Q2,juan-cortes,91
LedgerHQ/ledger-live,2023-Q2,sprohaszka-ledger,4
LedgerHQ/ledger-live,2023-Q2,Justkant,39
LedgerHQ/ledger-live,2023-Q2,henri-ly,12
LedgerHQ/ledger-live,2023-Q2,JunichiSugiura,11
LedgerHQ/ledger-live,2023-Q2,desirendr,9
LedgerHQ/ledger-live,2023-Q2,renovate[bot],5
LedgerHQ/ledger-live,2023-Q2,ggilchrist-ledger,12
LedgerHQ/ledger-live,2023-Q2,abdurrahman-ledger,12
LedgerHQ/ledger-live,2023-Q2,cgrellard-ledger,120
LedgerHQ/ledger-live,2023-Q2,stephane-lieumont-ledger,4
LedgerHQ/ledger-live,2023-Q2,RamyEB,24
LedgerHQ/ledger-live,2023-Q2,jnicoulaud-ledger,2
LedgerHQ/ledger-live,2023-Q2,jules-grenier-ledger,9
LedgerHQ/ledger-live,2023-Q2,dependabot[bot],3
LedgerHQ/ledger-live,2023-Q2,h-adamik,2
LedgerHQ/ledger-live,2023-Q2,hzheng-ledger,14
LedgerHQ/ledger-live,2023-Q2,alexandremgo,12
LedgerHQ/ledger-live,2023-Q2,chabroA,5
LedgerHQ/ledger-live,2023-Q2,adrienlacombe,8
LedgerHQ/ledger-live,2023-Q2,scnale,1
LedgerHQ/ledger-live,2023-Q2,IAmMorrow,13
LedgerHQ/ledger-live,2023-Q2,jnwng,2
LedgerHQ/ledger-live,2023-Q2,JesseKuntz,1
LedgerHQ/ledger-live,2023-Q2,ledgerlive,23
LedgerHQ/ledger-live,2023-Q2,loouis-t,1
LedgerHQ/ledger-live,2023-Q2,beths-ledger,1
LedgerHQ/ledger-live,2023-Q2,YarnSh39,6
LedgerHQ/ledger-live,2023-Q2,mle-gall,8
LedgerHQ/ledger-live,2023-Q2,cpellizzari-ledger,5
LedgerHQ/ledger-live,2023-Q2,lvndry,4
LedgerHQ/ledger-live,2023-Q2,marianasrv,6
LedgerHQ/ledger-live,2023-Q2,overcat,1
LedgerHQ/ledger-live,2023-Q2,mitchellv-ledger,4
LedgerHQ/ledger-live,2023-Q2,fstream9,14
LedgerHQ/ledger-live,2023-Q2,_name:male-gal,11
LedgerHQ/ledger-live,2023-Q2,adziura-ledger,1
LedgerHQ/ledger-live,2023-Q2,davidknezic,1
LedgerHQ/ledger-live,2023-Q2,nparigi-ledger,2
LedgerHQ/ledger-live,2023-Q2,elbywan,37
LedgerHQ/ledger-live,2023-Q2,thomasrogerlux,3
LedgerHQ/ledger-live,2023-Q2,brunospolidorio,5
LedgerHQ/ledger-live,2023-Q2,pierrelouis-c,3
LedgerHQ/ledger-live,2023-Q2,PorlyBe,1
LedgerHQ/ledger-live,2023-Q2,cjordan-ledger,1
LedgerHQ/ledger-live,2023-Q2,pdeville-ledger,2
LedgerHQ/ledger-live,2023-Q3,stephane-lieumont-ledger,35
LedgerHQ/ledger-live,2023-Q3,0xbuidler,73
LedgerHQ/ledger-live,2023-Q3,mcayuelas-ledger,28
LedgerHQ/ledger-live,2023-Q3,kallen-ledger,117
LedgerHQ/ledger-live,2023-Q3,lvndry,9
LedgerHQ/ledger-live,2023-Q3,live-github-bot[bot],163
LedgerHQ/ledger-live,2023-Q3,hedi-edelbloute,20
LedgerHQ/ledger-live,2023-Q3,valpinkman,135
LedgerHQ/ledger-live,2023-Q3,gre,24
LedgerHQ/ledger-live,2023-Q3,_name:Hakim,17
LedgerHQ/ledger-live,2023-Q3,cksanders,8
LedgerHQ/ledger-live,2023-Q3,KVNLS,64
LedgerHQ/ledger-live,2023-Q3,desirendr,9
LedgerHQ/ledger-live,2023-Q3,lambertkevin,15
LedgerHQ/ledger-live,2023-Q3,OlivierFreyssinet,17
LedgerHQ/ledger-live,2023-Q3,aussedatlo,1
LedgerHQ/ledger-live,2023-Q3,sarneijim,24
LedgerHQ/ledger-live,2023-Q3,Justkant,42
LedgerHQ/ledger-live,2023-Q3,chabroA,18
LedgerHQ/ledger-live,2023-Q3,jnicoulaud-ledger,2
LedgerHQ/ledger-live,2023-Q3,alexandremgo,9
LedgerHQ/ledger-live,2023-Q3,0x1Marek,1
LedgerHQ/ledger-live,2023-Q3,mdeidda-ledger,11
LedgerHQ/ledger-live,2023-Q3,cgrellard-ledger,84
LedgerHQ/ledger-live,2023-Q3,abdurrahman-ledger,12
LedgerHQ/ledger-live,2023-Q3,beths-ledger,11
LedgerHQ/ledger-live,2023-Q3,ggilchrist-ledger,152
LedgerHQ/ledger-live,2023-Q3,hzheng-ledger,19
LedgerHQ/ledger-live,2023-Q3,ldg-smartling-sa,41
LedgerHQ/ledger-live,2023-Q3,adrienlacombe,5
LedgerHQ/ledger-live,2023-Q3,aboissiere-ledger,5
LedgerHQ/ledger-live,2023-Q3,NikollayIlliev,30
LedgerHQ/ledger-live,2023-Q3,nparigi-ledger,7
LedgerHQ/ledger-live,2023-Q3,mitchellv-ledger,11
LedgerHQ/ledger-live,2023-Q3,mle-gall,9
LedgerHQ/ledger-live,2023-Q3,_name:male-gal,9
LedgerHQ/ledger-live,2023-Q3,mohammed-ledger,1
LedgerHQ/ledger-live,2023-Q3,_name:Mohammed Almujil,3
LedgerHQ/ledger-live,2023-Q3,_name:Tim Schmidt,1
LedgerHQ/ledger-live,2023-Q3,cng-ledger,25
LedgerHQ/ledger-live,2023-Q3,lawRathod,3
LedgerHQ/ledger-live,2023-Q3,AlexandruPislariu,2
LedgerHQ/ledger-live,2023-Q3,bantalon,1
LedgerHQ/ledger-live,2023-Q3,grsoares21,9
LedgerHQ/ledger-live,2023-Q3,h-adamik,3
LedgerHQ/ledger-live,2023-Q3,ComradeAERGO,1
LedgerHQ/ledger-live,2023-Q3,mderrick,6
LedgerHQ/ledger-live,2023-Q3,andreishtamburg,6
LedgerHQ/ledger-live,2023-Q3,elbywan,8
LedgerHQ/ledger-live,2023-Q3,JunichiSugiura,2
LedgerHQ/ledger-live,2023-Q3,nabil-brn,2
LedgerHQ/ledger-live,2023-Q3,drakoFukayu,1
LedgerHQ/ledger-live,2023-Q3,Ferossgp,1
LedgerHQ/ledger-live,2023-Q3,cdiarra-ledger,1
LedgerHQ/ledger-live,2023-Q3,renovate[bot],2
LedgerHQ/ledger-live,2023-Q3,henri-ly,1
LedgerHQ/ledger-live,2023-Q4,andreishtamburg,1
LedgerHQ/ledger-live,2023-Q4,aussedatlo,15
LedgerHQ/ledger-live,2023-Q4,jdabbech-ledger,12
LedgerHQ/ledger-live,2023-Q4,valpinkman,168
LedgerHQ/ledger-live,2023-Q4,live-github-bot[bot],93
LedgerHQ/ledger-live,2023-Q4,0xbuidler,87
LedgerHQ/ledger-live,2023-Q4,lambertkevin,9
LedgerHQ/ledger-live,2023-Q4,cgrellard-ledger,76
LedgerHQ/ledger-live,2023-Q4,lvndry,20
LedgerHQ/ledger-live,2023-Q4,chabroA,32
LedgerHQ/ledger-live,2023-Q4,_name:Hakim,9
LedgerHQ/ledger-live,2023-Q4,OlivierFreyssinet,38
LedgerHQ/ledger-live,2023-Q4,stephane-lieumont-ledger,20
LedgerHQ/ledger-live,2023-Q4,desirendr,4
LedgerHQ/ledger-live,2023-Q4,lpaquet-ledger,1
LedgerHQ/ledger-live,2023-Q4,gre,118
LedgerHQ/ledger-live,2023-Q4,abdurrahman-ledger,12
LedgerHQ/ledger-live,2023-Q4,sprohaszka-ledger,9
LedgerHQ/ledger-live,2023-Q4,sarneijim,21
LedgerHQ/ledger-live,2023-Q4,ldg-smartling-sa,43
LedgerHQ/ledger-live,2023-Q4,aboissiere-ledger,12
LedgerHQ/ledger-live,2023-Q4,AnthonyHad,43
LedgerHQ/ledger-live,2023-Q4,dependabot[bot],4
LedgerHQ/ledger-live,2023-Q4,hedi-edelbloute,15
LedgerHQ/ledger-live,2023-Q4,mcayuelas-ledger,43
LedgerHQ/ledger-live,2023-Q4,ComradeAERGO,7
LedgerHQ/ledger-live,2023-Q4,Justkant,51
LedgerHQ/ledger-live,2023-Q4,vbergeron-ledger,1
LedgerHQ/ledger-live,2023-Q4,KVNLS,58
LedgerHQ/ledger-live,2023-Q4,mle-gall,8
LedgerHQ/ledger-live,2023-Q4,_name:male-gal,10
LedgerHQ/ledger-live,2023-Q4,CremaFR,4
LedgerHQ/ledger-live,2023-Q4,adrienlacombe,1
LedgerHQ/ledger-live,2023-Q4,mitchellv-ledger,5
LedgerHQ/ledger-live,2023-Q4,cng-ledger,3
LedgerHQ/ledger-live,2023-Q4,KaliszukTomasz,1
LedgerHQ/ledger-live,2023-Q4,kallen-ledger,9
LedgerHQ/ledger-live,2023-Q4,alexandremgo,12
LedgerHQ/ledger-live,2023-Q4,ak-ledger,59
LedgerHQ/ledger-live,2023-Q4,RamyEB,10
LedgerHQ/ledger-live,2023-Q4,hzheng-ledger,3
LedgerHQ/ledger-live,2023-Q4,Wozacosta,2
LedgerHQ/ledger-live,2023-Q4,mbertin-ledger,7
LedgerHQ/ledger-live,2023-Q4,joinbencoin,1
LedgerHQ/ledger-live,2023-Q4,Anthony-Ledger,2
LedgerHQ/ledger-live,2023-Q4,ibuldakov-ledger,1
LedgerHQ/ledger-live,2023-Q4,mohammed-ledger,4
LedgerHQ/ledger-live,2023-Q4,beths-ledger,16
LedgerHQ/ledger-live,2023-Q4,mdeidda-ledger,1
LedgerHQ/ledger-live,2023-Q4,nparigi-ledger,4
LedgerHQ/ledger-live,2023-Q4,cpellizzari-ledger,1
LedgerHQ/ledger-live,2023-Q4,ggilchrist-ledger,3
LedgerHQ/ledger-live,2024-Q1,lpaquet-ledger,33
LedgerHQ/ledger-live,2024-Q1,gre,40
LedgerHQ/ledger-live,2024-Q1,CremaFR,46
LedgerHQ/ledger-live,2024-Q1,jiyuzhuang,39
LedgerHQ/ledger-live,2024-Q1,liviuciulinaru,3
LedgerHQ/ledger-live,2024-Q1,LucasWerey,67
LedgerHQ/ledger-live,2024-Q1,0xbuidler,64
LedgerHQ/ledger-live,2024-Q1,hedi-edelbloute,98
LedgerHQ/ledger-live,2024-Q1,dependabot[bot],2
LedgerHQ/ledger-live,2024-Q1,abdurrahman-ledger,26
LedgerHQ/ledger-live,2024-Q1,KVNLS,51
LedgerHQ/ledger-live,2024-Q1,sprohaszka-ledger,18
LedgerHQ/ledger-live,2024-Q1,valpinkman,26
LedgerHQ/ledger-live,2024-Q1,live-github-bot[bot],65
LedgerHQ/ledger-live,2024-Q1,mcayuelas-ledger,15
LedgerHQ/ledger-live,2024-Q1,kallen-ledger,15
LedgerHQ/ledger-live,2024-Q1,cng-ledger,17
LedgerHQ/ledger-live,2024-Q1,_name:male-gal,34
LedgerHQ/ledger-live,2024-Q1,sarneijim,5
LedgerHQ/ledger-live,2024-Q1,ldg-smartling-sa,30
LedgerHQ/ledger-live,2024-Q1,OlivierFreyssinet,215
LedgerHQ/ledger-live,2024-Q1,overcat,2
LedgerHQ/ledger-live,2024-Q1,hzheng-ledger,17
LedgerHQ/ledger-live,2024-Q1,cgrellard-ledger,83
LedgerHQ/ledger-live,2024-Q1,lawRathod,20
LedgerHQ/ledger-live,2024-Q1,aussedatlo,20
LedgerHQ/ledger-live,2024-Q1,stack-auth,1
LedgerHQ/ledger-live,2024-Q1,lambertkevin,15
LedgerHQ/ledger-live,2024-Q1,vbergeron-ledger,1
LedgerHQ/ledger-live,2024-Q1,lvndry,20
LedgerHQ/ledger-live,2024-Q1,aboissiere-ledger,10
LedgerHQ/ledger-live,2024-Q1,RamyEB,30
LedgerHQ/ledger-live,2024-Q1,Philippoes,3
LedgerHQ/ledger-live,2024-Q1,_name:Petar Todorovic,1
LedgerHQ/ledger-live,2024-Q1,mle-gall,12
LedgerHQ/ledger-live,2024-Q1,Wozacosta,59
LedgerHQ/ledger-live,2024-Q1,staguigue-ledger,3
LedgerHQ/ledger-live,2024-Q1,jdabbech-ledger,8
LedgerHQ/ledger-live,2024-Q1,carlosala,2
LedgerHQ/ledger-live,2024-Q1,pavanvora,4
LedgerHQ/ledger-live,2024-Q1,mitchellv-ledger,2
LedgerHQ/ledger-live,2024-Q1,Justkant,61
LedgerHQ/ledger-live,2024-Q1,AlexandruPislariu,1
LedgerHQ/ledger-live,2024-Q1,JesseKuntz,2
LedgerHQ/ledger-live,2024-Q1,mikhd,5
LedgerHQ/ledger-live,2024-Q1,sponomarev,4
LedgerHQ/ledger-live,2024-Q1,beths-ledger,30
LedgerHQ/ledger-live,2024-Q1,_name:Hakim,10
LedgerHQ/ledger-live,2024-Q1,alexandremgo,9
LedgerHQ/ledger-live,2024-Q1,h-adamik,1
LedgerHQ/ledger-live,2024-Q1,ComradeAERGO,2
LedgerHQ/ledger-live,2024-Q1,lduchemin-ledger,2
LedgerHQ/ledger-live,2024-Q1,desirendr,2
LedgerHQ/ledger-live,2024-Q1,alalmi-ledger,5
LedgerHQ/ledger-live,2024-Q1,chabroA,1
LedgerHQ/ledger-live,2024-Q2,Justkant,63
LedgerHQ/ledger-live,2024-Q2,cgrellard-ledger,56
LedgerHQ/ledger-live,2024-Q2,jiyuzhuang,22
LedgerHQ/ledger-live,2024-Q2,VicAlbr,26
LedgerHQ/ledger-live,2024-Q2,kallen-ledger,16
LedgerHQ/ledger-live,2024-Q2,live-github-bot[bot],91
LedgerHQ/ledger-live,2024-Q2,LucasWerey,124
LedgerHQ/ledger-live,2024-Q2,sprohaszka-ledger,22
LedgerHQ/ledger-live,2024-Q2,CremaFR,29
LedgerHQ/ledger-live,2024-Q2,_name:Landry Monga,12
LedgerHQ/ledger-live,2024-Q2,gre,53
LedgerHQ/ledger-live,2024-Q2,lambertkevin,24
LedgerHQ/ledger-live,2024-Q2,abdurrahman-ledger,58
LedgerHQ/ledger-live,2024-Q2,hzheng-ledger,5
LedgerHQ/ledger-live,2024-Q2,Wozacosta,48
LedgerHQ/ledger-live,2024-Q2,cng-ledger,13
LedgerHQ/ledger-live,2024-Q2,hedi-edelbloute,31
LedgerHQ/ledger-live,2024-Q2,pavanvora,8
LedgerHQ/ledger-live,2024-Q2,lvndry,21
LedgerHQ/ledger-live,2024-Q2,aussedatlo,49
LedgerHQ/ledger-live,2024-Q2,mehulcs,1
LedgerHQ/ledger-live,2024-Q2,ldg-smartling-sa,41
LedgerHQ/ledger-live,2024-Q2,jdabbech-ledger,31
LedgerHQ/ledger-live,2024-Q2,valpinkman,39
LedgerHQ/ledger-live,2024-Q2,lawRathod,3
LedgerHQ/ledger-live,2024-Q2,liviuciulinaru,10
LedgerHQ/ledger-live,2024-Q2,ypolishchuk-ledger,12
LedgerHQ/ledger-live,2024-Q2,OlivierFreyssinet,131
LedgerHQ/ledger-live,2024-Q2,KVNLS,28
LedgerHQ/ledger-live,2024-Q2,cksanders,6
LedgerHQ/ledger-live,2024-Q2,bharamboure-ledger,5
LedgerHQ/ledger-live,2024-Q2,mcayuelas-ledger,80
LedgerHQ/ledger-live,2024-Q2,_name:Andrei Covaciu,1
LedgerHQ/ledger-live,2024-Q2,jnicoulaud-ledger,1
LedgerHQ/ledger-live,2024-Q2,overcat,1
LedgerHQ/ledger-live,2024-Q2,0xbuidler,35
LedgerHQ/ledger-live,2024-Q2,lpaquet-ledger,8
LedgerHQ/ledger-live,2024-Q2,RamyEB,10
LedgerHQ/ledger-live,2024-Q2,drakoFukayu,1
LedgerHQ/ledger-live,2024-Q2,mikhd,7
LedgerHQ/ledger-live,2024-Q2,dkaplan65,1
LedgerHQ/ledger-live,2024-Q2,zorro11639,2
LedgerHQ/ledger-live,2024-Q2,shaynos,1
LedgerHQ/ledger-live,2024-Q2,chrisduma-ledger,2
LedgerHQ/ledger-live,2024-Q2,aboissiere-ledger,2
LedgerHQ/ledger-live,2024-Q2,desirendr,7
LedgerHQ/ledger-live,2024-Q2,andreicovaciu,15
LedgerHQ/ledger-live,2024-Q2,m1-quinn,1
LedgerHQ/ledger-live,2024-Q2,mbertin-ledger,5
LedgerHQ/ledger-live,2024-Q2,beths-ledger,13
LedgerHQ/ledger-live,2024-Q2,sarneijim,3
LedgerHQ/ledger-live,2024-Q2,Philippoes,6
LedgerHQ/ledger-live,2024-Q2,dependabot[bot],1
LedgerHQ/ledger-live,2024-Q2,cpellizzari-ledger,1
LedgerHQ/ledger-live,2024-Q3,hzheng-ledger,26
LedgerHQ/ledger-live,2024-Q3,KVNLS,83
LedgerHQ/ledger-live,2024-Q3,_name:Andrei Covaciu,6
LedgerHQ/ledger-live,2024-Q3,thesan,23
LedgerHQ/ledger-live,2024-Q3,valpinkman,41
LedgerHQ/ledger-live,2024-Q3,adammino-ledger,5
LedgerHQ/ledger-live,2024-Q3,abdurrahman-ledger,36
LedgerHQ/ledger-live,2024-Q3,sarneijim,4
LedgerHQ/ledger-live,2024-Q3,qperrot,2
LedgerHQ/ledger-live,2024-Q3,live-github-bot[bot],66
LedgerHQ/ledger-live,2024-Q3,LucasWerey,53
LedgerHQ/ledger-live,2024-Q3,VicAlbr,59
LedgerHQ/ledger-live,2024-Q3,angusbayley,6
LedgerHQ/ledger-live,2024-Q3,_name:Mounir Hamzaoui,4
LedgerHQ/ledger-live,2024-Q3,Justkant,83
LedgerHQ/ledger-live,2024-Q3,desirendr,5
LedgerHQ/ledger-live,2024-Q3,Wozacosta,55
LedgerHQ/ledger-live,2024-Q3,aussedatlo,5
LedgerHQ/ledger-live,2024-Q3,kallen-ledger,48
LedgerHQ/ledger-live,2024-Q3,lambertkevin,14
LedgerHQ/ledger-live,2024-Q3,mohamedzitouni,7
LedgerHQ/ledger-live,2024-Q3,mcayuelas-ledger,77
LedgerHQ/ledger-live,2024-Q3,bharamboure-ledger,4
LedgerHQ/ledger-live,2024-Q3,cgrellard-ledger,24
LedgerHQ/ledger-live,2024-Q3,CremaFR,32
LedgerHQ/ledger-live,2024-Q3,ypolishchuk-ledger,40
LedgerHQ/ledger-live,2024-Q3,chrisduma-ledger,44
LedgerHQ/ledger-live,2024-Q3,marcotoniut-ledger,5
LedgerHQ/ledger-live,2024-Q3,liviuciulinaru,20
LedgerHQ/ledger-live,2024-Q3,hedi-edelbloute,26
LedgerHQ/ledger-live,2024-Q3,OlivierFreyssinet,42
LedgerHQ/ledger-live,2024-Q3,lpaquet-ledger,6
LedgerHQ/ledger-live,2024-Q3,_name:Mounir HAMZAOUI,1
LedgerHQ/ledger-live,2024-Q3,ayelenmurano,50
LedgerHQ/ledger-live,2024-Q3,RamyEB,2
LedgerHQ/ledger-live,2024-Q3,sprohaszka-ledger,9
LedgerHQ/ledger-live,2024-Q3,dependabot[bot],1
LedgerHQ/ledger-live,2024-Q3,cpellizzari-ledger,2
LedgerHQ/ledger-live,2024-Q3,sergiubreban,3
LedgerHQ/ledger-live,2024-Q3,jiyuzhuang,24
LedgerHQ/ledger-live,2024-Q3,mwiercinska,10
LedgerHQ/ledger-live,2024-Q3,jnicoulaud-ledger,1
LedgerHQ/ledger-live,2024-Q3,gre-ledger,6
LedgerHQ/ledger-live,2024-Q3,beths-ledger,6
LedgerHQ/ledger-live,2024-Q3,ldg-smartling-sa,40
LedgerHQ/ledger-live,2024-Q3,cksanders,1
LedgerHQ/ledger-live,2024-Q3,gre,33
LedgerHQ/ledger-live,2024-Q3,pavanvora,8
LedgerHQ/ledger-live,2024-Q3,SofjaIRM,1
LedgerHQ/ledger-live,2024-Q3,jdabbech-ledger,43
LedgerHQ/ledger-live,2024-Q3,pollastri-pierre,1
LedgerHQ/ledger-live,2024-Q3,lawRathod,1
LedgerHQ/ledger-live,2024-Q3,emmanuelm41,2
LedgerHQ/ledger-live,2024-Q3,rllola,1
LedgerHQ/ledger-live,2024-Q3,carlosala,14
LedgerHQ/ledger-live,2024-Q3,lvndry,2
LedgerHQ/ledger-live,2024-Q3,_name:Alinus Dumitrana,6
LedgerHQ/ledger-live,2024-Q3,aboissiere-ledger,1
LedgerHQ/ledger-live,2024-Q3,_name:Landry Monga,2
LedgerHQ/ledger-live,2024-Q4,VicAlbr,70
LedgerHQ/ledger-live,2024-Q4,mcayuelas-ledger,27
LedgerHQ/ledger-live,2024-Q4,qperrot,114
LedgerHQ/ledger-live,2024-Q4,ahsan-javaiid,2
LedgerHQ/ledger-live,2024-Q4,LucasWerey,52
LedgerHQ/ledger-live,2024-Q4,Salim-belkhir,1
LedgerHQ/ledger-live,2024-Q4,ypolishchuk-ledger,28
LedgerHQ/ledger-live,2024-Q4,cgrellard-ledger,49
LedgerHQ/ledger-live,2024-Q4,abdurrahman-ledger,107
LedgerHQ/ledger-live,2024-Q4,mohamedzitouni,1
LedgerHQ/ledger-live,2024-Q4,_name:Canestin,10
LedgerHQ/ledger-live,2024-Q4,_name:Andrei Covaciu,4
LedgerHQ/ledger-live,2024-Q4,couto,10
LedgerHQ/ledger-live,2024-Q4,Wozacosta,129
LedgerHQ/ledger-live,2024-Q4,Canestin,12
LedgerHQ/ledger-live,2024-Q4,thesan,36
LedgerHQ/ledger-live,2024-Q4,adammino-ledger,80
LedgerHQ/ledger-live,2024-Q4,kallen-ledger,20
LedgerHQ/ledger-live,2024-Q4,live-github-bot[bot],112
LedgerHQ/ledger-live,2024-Q4,desirendr,13
LedgerHQ/ledger-live,2024-Q4,KVNLS,98
LedgerHQ/ledger-live,2024-Q4,ldg-smartling-sa,140
LedgerHQ/ledger-live,2024-Q4,angusbayley,131
LedgerHQ/ledger-live,2024-Q4,cksanders,2
LedgerHQ/ledger-live,2024-Q4,Justkant,40
LedgerHQ/ledger-live,2024-Q4,_name:Mounir Hamzaoui,44
LedgerHQ/ledger-live,2024-Q4,sprohaszka-ledger,15
LedgerHQ/ledger-live,2024-Q4,jiyuzhuang,6
LedgerHQ/ledger-live,2024-Q4,beths-ledger,4
LedgerHQ/ledger-live,2024-Q4,OlivierFreyssinet,19
LedgerHQ/ledger-live,2024-Q4,liviuciulinaru,5
LedgerHQ/ledger-live,2024-Q4,marcotoniut-ledger,6
LedgerHQ/ledger-live,2024-Q4,bharamboure-ledger,12
LedgerHQ/ledger-live,2024-Q4,sergiubreban,9
LedgerHQ/ledger-live,2024-Q4,chrisduma-ledger,22
LedgerHQ/ledger-live,2024-Q4,valpinkman,5
LedgerHQ/ledger-live,2024-Q4,_name:Valentin D. Pinkman,5
LedgerHQ/ledger-live,2024-Q4,lpaquet-ledger,11
LedgerHQ/ledger-live,2024-Q4,ComradeAERGO,19
LedgerHQ/ledger-live,2024-Q4,CremaFR,14
LedgerHQ/ledger-live,2024-Q4,aussedatlo,6
LedgerHQ/ledger-live,2024-Q4,fAnselmi-Ledger,25
LedgerHQ/ledger-live,2024-Q4,aaronmgdr,16
LedgerHQ/ledger-live,2024-Q4,nicolasbrugneaux,6
LedgerHQ/ledger-live,2024-Q4,lambertkevin,12
LedgerHQ/ledger-live,2024-Q4,gbecerra-ledger,5
LedgerHQ/ledger-live,2024-Q4,aboissiere-ledger,2
LedgerHQ/ledger-live,2024-Q4,sarneijim,2
LedgerHQ/ledger-live,2024-Q4,mikhd,5
LedgerHQ/ledger-live,2024-Q4,mbertin-ledger,2
LedgerHQ/ledger-live,2024-Q4,mwiercinska,1
LedgerHQ/ledger-live,2024-Q4,_name:Gabriel Becerra,1
LedgerHQ/ledger-live,2024-Q4,jcchevalier-ledger,1
LedgerHQ/ledger-live,2024-Q4,hedi-edelbloute,10
LedgerHQ/ledger-live,2024-Q4,albertov19,1
LedgerHQ/ledger-live,2024-Q4,hzheng-ledger,3
LedgerHQ/ledger-live,2025-Q1,Moustafa-Koterba,5
LedgerHQ/ledger-live,2025-Q1,Wozacosta,72
LedgerHQ/ledger-live,2025-Q1,_name:Mounir Hamzaoui,57
LedgerHQ/ledger-live,2025-Q1,mcayuelas-ledger,71
LedgerHQ/ledger-live,2025-Q1,Justkant,75
LedgerHQ/ledger-live,2025-Q1,jprudent,19
LedgerHQ/ledger-live,2025-Q1,VicAlbr,99
LedgerHQ/ledger-live,2025-Q1,sprohaszka-ledger,31
LedgerHQ/ledger-live,2025-Q1,smartling-github-connector[bot],194
LedgerHQ/ledger-live,2025-Q1,LucasWerey,98
LedgerHQ/ledger-live,2025-Q1,thesan,89
LedgerHQ/ledger-live,2025-Q1,abdurrahman-ledger,117
LedgerHQ/ledger-live,2025-Q1,couto,20
LedgerHQ/ledger-live,2025-Q1,palra,2
LedgerHQ/ledger-live,2025-Q1,desirendr,10
LedgerHQ/ledger-live,2025-Q1,francois-guerin-ledger,25
LedgerHQ/ledger-live,2025-Q1,ejaycoleman,25
LedgerHQ/ledger-live,2025-Q1,ysitbon,3
LedgerHQ/ledger-live,2025-Q1,OlivierFreyssinet,11
LedgerHQ/ledger-live,2025-Q1,live-github-bot[bot],73
LedgerHQ/ledger-live,2025-Q1,lewisd5,40
LedgerHQ/ledger-live,2025-Q1,Canestin,12
LedgerHQ/ledger-live,2025-Q1,semeano,31
LedgerHQ/ledger-live,2025-Q1,RobinVncnt,24
LedgerHQ/ledger-live,2025-Q1,jiyuzhuang,15
LedgerHQ/ledger-live,2025-Q1,mohamedzitouni,15
LedgerHQ/ledger-live,2025-Q1,ayelenmurano,1
LedgerHQ/ledger-live,2025-Q1,jonezque,1
LedgerHQ/ledger-live,2025-Q1,cgrellard-ledger,67
LedgerHQ/ledger-live,2025-Q1,ypolishchuk-ledger,16
LedgerHQ/ledger-live,2025-Q1,hedi-edelbloute,28
LedgerHQ/ledger-live,2025-Q1,beths-ledger,3
LedgerHQ/ledger-live,2025-Q1,overcat,1
LedgerHQ/ledger-live,2025-Q1,adammino-ledger,65
LedgerHQ/ledger-live,2025-Q1,sarneijim,1
LedgerHQ/ledger-live,2025-Q1,chrisduma-ledger,18
LedgerHQ/ledger-live,2025-Q1,mitchellv-ledger,11
LedgerHQ/ledger-live,2025-Q1,github-actions[bot],4
LedgerHQ/ledger-live,2025-Q1,qperrot,84
LedgerHQ/ledger-live,2025-Q1,fAnselmi-Ledger,30
LedgerHQ/ledger-live,2025-Q1,liviuciulinaru,33
LedgerHQ/ledger-live,2025-Q1,KVNLS,37
LedgerHQ/ledger-live,2025-Q1,angusbayley,80
LedgerHQ/ledger-live,2025-Q1,jccguimaraes,3
LedgerHQ/ledger-live,2025-Q1,_name:Valentin D. Pinkman,19
LedgerHQ/ledger-live,2025-Q1,lpaquet-ledger,23
LedgerHQ/ledger-live,2025-Q1,CremaFR,35
LedgerHQ/ledger-live,2025-Q1,aussedatlo,19
LedgerHQ/ledger-live,2025-Q1,lawRathod,3
LedgerHQ/ledger-live,2025-Q1,ComradeAERGO,3
LedgerHQ/ledger-live,2025-Q1,emmanuelm41,1
LedgerHQ/ledger-live,2025-Q1,pavanvora,1
LedgerHQ/ledger-live,2025-Q1,DatDraggy,4
LedgerHQ/ledger-live,2025-Q1,_name:Canestin,17
LedgerHQ/ledger-live,2025-Q1,themooneer,3
LedgerHQ/ledger-live,2025-Q1,popenta,1
LedgerHQ/ledger-live,2025-Q1,kallen-ledger,20
LedgerHQ/ledger-live,2025-Q1,Salim-belkhir,1
LedgerHQ/ledger-live,2025-Q1,cksanders,4
LedgerHQ/ledger-live,2025-Q1,marcotoniut-ledger,9
LedgerHQ/ledger-live,2025-Q1,mbertin-ledger,1
LedgerHQ/ledger-live,2025-Q1,_name:João Guimarães,2
LedgerHQ/ledger-live,2025-Q1,may01,7
LedgerHQ/ledger-live,2025-Q1,mohammed-ledger,1
LedgerHQ/ledger-live,2025-Q1,meriadec,1
LedgerHQ/ledger-live,2025-Q1,ypholby-ledger,4
LedgerHQ/ledger-live,2025-Q1,valpinkman,1
LedgerHQ/ledger-live,2025-Q1,paoun-ledger,1
LedgerHQ/ledger-live,2025-Q1,mwiercinska,1
LedgerHQ/ledger-live,2025-Q1,vcluzeau-ledger,4
LedgerHQ/ledger-live,2025-Q1,jdabbech-ledger,8
LedgerHQ/ledger-live,2025-Q1,lambertkevin,1
LedgerHQ/ledger-live,2025-Q1,joaoccmartins,12
LedgerHQ/ledger-live,2025-Q1,ldg-smartling-sa,10
LedgerHQ/ledger-live,2025-Q1,ThatOneCalculator,1
LedgerHQ/ledger-live,2025-Q2,liviuciulinaru,18
LedgerHQ/ledger-live,2025-Q2,_name:João Guimarães,5
LedgerHQ/ledger-live,2025-Q2,francois-guerin-ledger,66
LedgerHQ/ledger-live,2025-Q2,VicAlbr,48
LedgerHQ/ledger-live,2025-Q2,smartling-github-connector[bot],177
LedgerHQ/ledger-live,2025-Q2,jnicoulaud-ledger,43
LedgerHQ/ledger-live,2025-Q2,Canestin,15
LedgerHQ/ledger-live,2025-Q2,lpaquet-ledger,33
LedgerHQ/ledger-live,2025-Q2,LucasWerey,122
LedgerHQ/ledger-live,2025-Q2,_name:Canestin,64
LedgerHQ/ledger-live,2025-Q2,paoun-ledger,19
LedgerHQ/ledger-live,2025-Q2,Justkant,60
LedgerHQ/ledger-live,2025-Q2,mcayuelas-ledger,63
LedgerHQ/ledger-live,2025-Q2,_name:Mounir Hamzaoui,19
LedgerHQ/ledger-live,2025-Q2,ejaycoleman,81
LedgerHQ/ledger-live,2025-Q2,qperrot,38
LedgerHQ/ledger-live,2025-Q2,live-github-bot[bot],108
LedgerHQ/ledger-live,2025-Q2,jiyuzhuang,21
LedgerHQ/ledger-live,2025-Q2,sergiubreban,23
LedgerHQ/ledger-live,2025-Q2,lewisd5,91
LedgerHQ/ledger-live,2025-Q2,philipptpunkt,27
LedgerHQ/ledger-live,2025-Q2,buyochini,41
LedgerHQ/ledger-live,2025-Q2,KVNLS,8
LedgerHQ/ledger-live,2025-Q2,may01,12
LedgerHQ/ledger-live,2025-Q2,beths-ledger,46
LedgerHQ/ledger-live,2025-Q2,adammino-ledger,14
LedgerHQ/ledger-live,2025-Q2,semeano,10
LedgerHQ/ledger-live,2025-Q2,scavassa-yld,15
LedgerHQ/ledger-live,2025-Q2,jdabbech-ledger,27
LedgerHQ/ledger-live,2025-Q2,mbertin-ledger,30
LedgerHQ/ledger-live,2025-Q2,aussedatlo,20
LedgerHQ/ledger-live,2025-Q2,cgrellard-ledger,74
LedgerHQ/ledger-live,2025-Q2,aabbas-ledger,20
LedgerHQ/ledger-live,2025-Q2,OlivierFreyssinet,25
LedgerHQ/ledger-live,2025-Q2,ysitbon,17
LedgerHQ/ledger-live,2025-Q2,md-blockydevs,7
LedgerHQ/ledger-live,2025-Q2,dmirgaleev,1
LedgerHQ/ledger-live,2025-Q2,ypolishchuk-ledger,44
LedgerHQ/ledger-live,2025-Q2,hedi-edelbloute,39
LedgerHQ/ledger-live,2025-Q2,Antoine-bls83,18
LedgerHQ/ledger-live,2025-Q2,RobinVncnt,89
LedgerHQ/ledger-live,2025-Q2,hhumphrey-ledger,7
LedgerHQ/ledger-live,2025-Q2,marcotoniut-ledger,39
LedgerHQ/ledger-live,2025-Q2,Wozacosta,82
LedgerHQ/ledger-live,2025-Q2,sprohaszka-ledger,15
LedgerHQ/ledger-live,2025-Q2,CremaFR,9
LedgerHQ/ledger-live,2025-Q2,couto,7
LedgerHQ/ledger-live,2025-Q2,Moustafa-Koterba,21
LedgerHQ/ledger-live,2025-Q2,ooke-ledger,18
LedgerHQ/ledger-live,2025-Q2,aboissiere-ledger,2
LedgerHQ/ledger-live,2025-Q2,github-actions[bot],4
LedgerHQ/ledger-live,2025-Q2,sarneijim,7
LedgerHQ/ledger-live,2025-Q2,abdurrahman-ledger,42
LedgerHQ/ledger-live,2025-Q2,jccguimaraes,7
LedgerHQ/ledger-live,2025-Q2,ishaba,1
LedgerHQ/ledger-live,2025-Q2,_name:Paulo Oliveira,10
LedgerHQ/ledger-live,2025-Q2,lawRathod,3
LedgerHQ/ledger-live,2025-Q2,fAnselmi-Ledger,12
LedgerHQ/ledger-live,2025-Q2,mohamedzitouni,7
LedgerHQ/ledger-live,2025-Q2,palra,9
LedgerHQ/ledger-live,2025-Q2,jonezque,1
LedgerHQ/ledger-live,2025-Q2,desirendr,11
LedgerHQ/ledger-live,2025-Q2,sponomarev,2
LedgerHQ/ledger-live,2025-Q2,mitchellv-ledger,8
LedgerHQ/ledger-live,2025-Q2,jprudent,15
LedgerHQ/ledger-live,2025-Q2,0xukhezo,2
LedgerHQ/ledger-live,2025-Q2,thesan,14
LedgerHQ/ledger-live,2025-Q2,angusbayley,7
LedgerHQ/ledger-live,2025-Q2,ayelenmurano,1
LedgerHQ/ledger-live,2025-Q2,andreishtamburg,1
LedgerHQ/ledger-live,2025-Q2,ComradeAERGO,1
LedgerHQ/ledger-live,2025-Q2,_name:Valentin D. Pinkman,3
LedgerHQ/ledger-live,2025-Q3,gbecerra-ledger,2
LedgerHQ/ledger-live,2025-Q3,hhumphrey-ledger,46
LedgerHQ/ledger-live,2025-Q3,vcluzeau-ledger,19
LedgerHQ/ledger-live,2025-Q3,Justkant,44
LedgerHQ/ledger-live,2025-Q3,dilaouid,41
LedgerHQ/ledger-live,2025-Q3,_name:Canestin,48
LedgerHQ/ledger-live,2025-Q3,Moustafa-Koterba,58
LedgerHQ/ledger-live,2025-Q3,mcayuelas-ledger,163
LedgerHQ/ledger-live,2025-Q3,LucasWerey,128
LedgerHQ/ledger-live,2025-Q3,jprudent,17
LedgerHQ/ledger-live,2025-Q3,ishaba,17
LedgerHQ/ledger-live,2025-Q3,thesan,17
LedgerHQ/ledger-live,2025-Q3,gre-ledger,44
LedgerHQ/ledger-live,2025-Q3,github-actions[bot],16
LedgerHQ/ledger-live,2025-Q3,CremaFR,53
LedgerHQ/ledger-live,2025-Q3,Wozacosta,95
LedgerHQ/ledger-live,2025-Q3,scavassa-yld,17
LedgerHQ/ledger-live,2025-Q3,may01,26
LedgerHQ/ledger-live,2025-Q3,lewisd5,82
LedgerHQ/ledger-live,2025-Q3,acewf,1
LedgerHQ/ledger-live,2025-Q3,adammino-ledger,16
LedgerHQ/ledger-live,2025-Q3,lawRathod,9
LedgerHQ/ledger-live,2025-Q3,francois-guerin-ledger,144
LedgerHQ/ledger-live,2025-Q3,Antoine-bls83,7
LedgerHQ/ledger-live,2025-Q3,hedi-edelbloute,82
LedgerHQ/ledger-live,2025-Q3,semeano,44
LedgerHQ/ledger-live,2025-Q3,ypolishchuk-ledger,69
LedgerHQ/ledger-live,2025-Q3,live-github-bot[bot],109
LedgerHQ/ledger-live,2025-Q3,OlivierFreyssinet,58
LedgerHQ/ledger-live,2025-Q3,ejaycoleman,114
LedgerHQ/ledger-live,2025-Q3,lAmeR1,1
LedgerHQ/ledger-live,2025-Q3,cunhabruno,6
LedgerHQ/ledger-live,2025-Q3,_name:João Guimarães,1
LedgerHQ/ledger-live,2025-Q3,mitchellv-ledger,76
LedgerHQ/ledger-live,2025-Q3,jnicoulaud-ledger,84
LedgerHQ/ledger-live,2025-Q3,ooke-ledger,76
LedgerHQ/ledger-live,2025-Q3,Canestin,17
LedgerHQ/ledger-live,2025-Q3,jonezque,16
LedgerHQ/ledger-live,2025-Q3,md-blockydevs,18
LedgerHQ/ledger-live,2025-Q3,lpaquet-ledger,43
LedgerHQ/ledger-live,2025-Q3,jiyuzhuang,42
LedgerHQ/ledger-live,2025-Q3,VicAlbr,74
LedgerHQ/ledger-live,2025-Q3,liviuciulinaru,29
LedgerHQ/ledger-live,2025-Q3,smartling-github-connector[bot],167
LedgerHQ/ledger-live,2025-Q3,qperrot,52
LedgerHQ/ledger-live,2025-Q3,sprohaszka-ledger,18
LedgerHQ/ledger-live,2025-Q3,abdurrahman-ledger,21
LedgerHQ/ledger-live,2025-Q3,cgrellard-ledger,63
LedgerHQ/ledger-live,2025-Q3,RobinVncnt,48
LedgerHQ/ledger-live,2025-Q3,desirendr,7
LedgerHQ/ledger-live,2025-Q3,jdabbech-ledger,18
LedgerHQ/ledger-live,2025-Q3,philipptpunkt,2
LedgerHQ/ledger-live,2025-Q3,Valentin-Ledger,25
LedgerHQ/ledger-live,2025-Q3,marcotoniut-ledger,81
LedgerHQ/ledger-live,2025-Q3,AEnguerrand,2
LedgerHQ/ledger-live,2025-Q3,ysitbon,16
LedgerHQ/ledger-live,2025-Q3,RomanWlm,6
LedgerHQ/ledger-live,2025-Q3,mohamedzitouni,1
LedgerHQ/ledger-live,2025-Q3,davidecarpini,1
LedgerHQ/ledger-live,2025-Q3,estrauser-ledger,55
LedgerHQ/ledger-live,2025-Q3,buyochini,74
LedgerHQ/ledger-live,2025-Q3,mbertin-ledger,14
LedgerHQ/ledger-live,2025-Q3,sergiubreban,19
LedgerHQ/ledger-live,2025-Q3,couto,4
LedgerHQ/ledger-live,2025-Q3,arevue-ledger,1
LedgerHQ/ledger-live,2025-Q3,aabbas-ledger,28
LedgerHQ/ledger-live,2025-Q3,_name:Mounir Hamzaoui,18
LedgerHQ/ledger-live,2025-Q3,fAnselmi-Ledger,3
LedgerHQ/ledger-live,2025-Q3,KVNLS,4
LedgerHQ/ledger-live,2025-Q3,paoun-ledger,9
LedgerHQ/ledger-live,2025-Q3,joaoccmartins,2
LedgerHQ/ledger-live,2025-Q3,Philippoes,3
LedgerHQ/ledger-live,2025-Q3,beths-ledger,2
LedgerHQ/ledger-live,2025-Q3,pavanvora,2
LedgerHQ/ledger-live,2025-Q3,aussedatlo,2
LedgerHQ/ledger-live,2025-Q3,jccguimaraes,1
LedgerHQ/ledger-live,2025-Q4,abdurrahman-ledger,55
LedgerHQ/ledger-live,2025-Q4,dilaouid,46
LedgerHQ/ledger-live,2025-Q4,live-github-bot[bot],73
LedgerHQ/ledger-live,2025-Q4,mitchellv-ledger,107
LedgerHQ/ledger-live,2025-Q4,Wozacosta,12
LedgerHQ/ledger-live,2025-Q4,iqbalibrahim-ledger,10
LedgerHQ/ledger-live,2025-Q4,gre-ledger,225
LedgerHQ/ledger-live,2025-Q4,mcayuelas-ledger,196
LedgerHQ/ledger-live,2025-Q4,LucasWerey,136
LedgerHQ/ledger-live,2025-Q4,github-actions[bot],16
LedgerHQ/ledger-live,2025-Q4,VicAlbr,103
LedgerHQ/ledger-live,2025-Q4,vcluzeau-ledger,15
LedgerHQ/ledger-live,2025-Q4,ejaycoleman,72
LedgerHQ/ledger-live,2025-Q4,desirendr,12
LedgerHQ/ledger-live,2025-Q4,sergiubreban,59
LedgerHQ/ledger-live,2025-Q4,acewf,14
LedgerHQ/ledger-live,2025-Q4,RobinVncnt,45
LedgerHQ/ledger-live,2025-Q4,mdomanski-ext-ledger,20
LedgerHQ/ledger-live,2025-Q4,deepyjr,88
LedgerHQ/ledger-live,2025-Q4,emmanuelm41,13
LedgerHQ/ledger-live,2025-Q4,liviuciulinaru,49
LedgerHQ/ledger-live,2025-Q4,ben-ledger,6
LedgerHQ/ledger-live,2025-Q4,smartling-github-connector[bot],177
LedgerHQ/ledger-live,2025-Q4,hedi-edelbloute,31
LedgerHQ/ledger-live,2025-Q4,ooke-ledger,43
LedgerHQ/ledger-live,2025-Q4,cunhabruno,60
LedgerHQ/ledger-live,2025-Q4,tonykhaov,62
LedgerHQ/ledger-live,2025-Q4,mcoursier-ledger,2
LedgerHQ/ledger-live,2025-Q4,ypolishchuk-ledger,31
LedgerHQ/ledger-live,2025-Q4,thesan,73
LedgerHQ/ledger-live,2025-Q4,ysitbon,44
LedgerHQ/ledger-live,2025-Q4,jonezque,35
LedgerHQ/ledger-live,2025-Q4,jiyuzhuang,35
LedgerHQ/ledger-live,2025-Q4,francois-guerin-ledger,95
LedgerHQ/ledger-live,2025-Q4,Justkant,49
LedgerHQ/ledger-live,2025-Q4,couto,4
LedgerHQ/ledger-live,2025-Q4,philipptpunkt,20
LedgerHQ/ledger-live,2025-Q4,lpaquet-ledger,21
LedgerHQ/ledger-live,2025-Q4,semeano,48
LedgerHQ/ledger-live,2025-Q4,alevito,23
LedgerHQ/ledger-live,2025-Q4,lewisd5,63
LedgerHQ/ledger-live,2025-Q4,jprudent,40
LedgerHQ/ledger-live,2025-Q4,estrauser-ledger,30
LedgerHQ/ledger-live,2025-Q4,paoun-ledger,23
LedgerHQ/ledger-live,2025-Q4,KVNLS,22
LedgerHQ/ledger-live,2025-Q4,dependabot[bot],3
LedgerHQ/ledger-live,2025-Q4,CremaFR,29
LedgerHQ/ledger-live,2025-Q4,fAnselmi-Ledger,28
LedgerHQ/ledger-live,2025-Q4,OlivierFreyssinet,61
LedgerHQ/ledger-live,2025-Q4,element-software,2
LedgerHQ/ledger-live,2025-Q4,Moustafa-Koterba,72
LedgerHQ/ledger-live,2025-Q4,ishaba,58
LedgerHQ/ledger-live,2025-Q4,qperrot,42
LedgerHQ/ledger-live,2025-Q4,zaruen,5
LedgerHQ/ledger-live,2025-Q4,lysyi3m,7
LedgerHQ/ledger-live,2025-Q4,beths-ledger,13
LedgerHQ/ledger-live,2025-Q4,md-blockydevs,23
LedgerHQ/ledger-live,2025-Q4,aussedatlo,12
LedgerHQ/ledger-live,2025-Q4,overcat,2
LedgerHQ/ledger-live,2025-Q4,ymenec-ledger,2
LedgerHQ/ledger-live,2025-Q4,Canestin,5
LedgerHQ/ledger-live,2025-Q4,lawRathod,49
LedgerHQ/ledger-live,2025-Q4,Valentin-Ledger,3
LedgerHQ/ledger-live,2025-Q4,_name:Canestin,40
LedgerHQ/ledger-live,2025-Q4,hhumphrey-ledger,28
LedgerHQ/ledger-live,2025-Q4,mateuszpalosz-ext,1
LedgerHQ/ledger-live,2025-Q4,scavassa-yld,22
LedgerHQ/ledger-live,2025-Q4,jnicoulaud-ledger,28
LedgerHQ/ledger-live,2025-Q4,lAmeR1,2
LedgerHQ/ledger-live,2025-Q4,jdabbech-ledger,4
LedgerHQ/ledger-live,2025-Q4,adammino-ledger,20
LedgerHQ/ledger-live,2025-Q4,ayelenmurano,1
LedgerHQ/ledger-live,2025-Q4,may01,8
LedgerHQ/ledger-live,2025-Q4,0xMM-L,1
LedgerHQ/ledger-live,2025-Q4,marcotoniut-ledger,10
LedgerHQ/ledger-live,2025-Q4,_name:Valentin D. Pinkman,4
LedgerHQ/ledger-live,2025-Q4,nchataing,1
LedgerHQ/ledger-live,2025-Q4,EduardoFromTheFuture,1
weaviate/weaviate,2023-Q1,antas-marcin,58
weaviate/weaviate,2023-Q1,dirkkul,171
weaviate/weaviate,2023-Q1,aliszka,74
weaviate/weaviate,2023-Q1,_name:Byron Voorbach,25
weaviate/weaviate,2023-Q1,etiennedi,216
weaviate/weaviate,2023-Q1,redouan-rhazouani,48
weaviate/weaviate,2023-Q1,abdelr,112
weaviate/weaviate,2023-Q1,bobvanluijt,4
weaviate/weaviate,2023-Q1,parkerduckworth,30
weaviate/weaviate,2023-Q1,dependabot[bot],7
weaviate/weaviate,2023-Q1,databyjp,4
weaviate/weaviate,2023-Q1,_name:Dan Dascalescu,3
weaviate/weaviate,2023-Q1,shreyanshshah27,6
weaviate/weaviate,2023-Q1,h4shk4t,1
weaviate/weaviate,2023-Q1,trengrj,14
weaviate/weaviate,2023-Q1,donomii,19
weaviate/weaviate,2023-Q1,hsm207,1
weaviate/weaviate,2023-Q1,Juneezee,2
weaviate/weaviate,2023-Q1,alexandear,1
weaviate/weaviate,2023-Q1,srini047,2
weaviate/weaviate,2023-Q1,iamcaleberic,4
weaviate/weaviate,2023-Q1,felizalde,1
weaviate/weaviate,2023-Q1,_name:Ken MacInnis,1
weaviate/weaviate,2023-Q2,dirkkul,112
weaviate/weaviate,2023-Q2,_name:Dan Dascalescu,3
weaviate/weaviate,2023-Q2,aliszka,86
weaviate/weaviate,2023-Q2,redouan-rhazouani,29
weaviate/weaviate,2023-Q2,antas-marcin,122
weaviate/weaviate,2023-Q2,abdelr,37
weaviate/weaviate,2023-Q2,etiennedi,86
weaviate/weaviate,2023-Q2,trengrj,9
weaviate/weaviate,2023-Q2,parkerduckworth,45
weaviate/weaviate,2023-Q2,ttsugriy,7
weaviate/weaviate,2023-Q2,zainhas,1
weaviate/weaviate,2023-Q2,CShorten,6
weaviate/weaviate,2023-Q2,nilskulawiak,1
weaviate/weaviate,2023-Q2,rbtz-openai,2
weaviate/weaviate,2023-Q2,donomii,31
weaviate/weaviate,2023-Q2,databyjp,1
weaviate/weaviate,2023-Q2,dependabot[bot],6
weaviate/weaviate,2023-Q2,gmanninglive,4
weaviate/weaviate,2023-Q2,_name:Byron Voorbach,3
weaviate/weaviate,2023-Q2,sebawita,1
weaviate/weaviate,2023-Q2,bobvanluijt,1
weaviate/weaviate,2023-Q2,Deegiimurun,11
weaviate/weaviate,2023-Q2,harrlight00,1
weaviate/weaviate,2023-Q2,ankschoubey,1
weaviate/weaviate,2023-Q2,npunati27,3
weaviate/weaviate,2023-Q3,etiennedi,28
weaviate/weaviate,2023-Q3,asdine,50
weaviate/weaviate,2023-Q3,antas-marcin,170
weaviate/weaviate,2023-Q3,_name:Byron Voorbach,4
weaviate/weaviate,2023-Q3,dirkkul,239
weaviate/weaviate,2023-Q3,aduis,2
weaviate/weaviate,2023-Q3,xysun,2
weaviate/weaviate,2023-Q3,_name:Tom Runyon,9
weaviate/weaviate,2023-Q3,tsmith023,10
weaviate/weaviate,2023-Q3,parkerduckworth,24
weaviate/weaviate,2023-Q3,nilskulawiak,14
weaviate/weaviate,2023-Q3,dependabot[bot],7
weaviate/weaviate,2023-Q3,trengrj,6
weaviate/weaviate,2023-Q3,alexandear,2
weaviate/weaviate,2023-Q3,abdelr,25
weaviate/weaviate,2023-Q3,redouan-rhazouani,41
weaviate/weaviate,2023-Q3,amityahav,1
weaviate/weaviate,2023-Q3,aliszka,48
weaviate/weaviate,2023-Q3,donomii,23
weaviate/weaviate,2023-Q3,delamainer,2
weaviate/weaviate,2023-Q3,ahmedalhulaibi,1
weaviate/weaviate,2023-Q3,rbtz-openai,1
weaviate/weaviate,2023-Q3,zwpaper,1
weaviate/weaviate,2023-Q3,CShorten,1
weaviate/weaviate,2023-Q3,_name:Dan Dascalescu,1
weaviate/weaviate,2023-Q4,tsmith023,110
weaviate/weaviate,2023-Q4,asdine,45
weaviate/weaviate,2023-Q4,parkerduckworth,36
weaviate/weaviate,2023-Q4,etiennedi,31
weaviate/weaviate,2023-Q4,abdelr,140
weaviate/weaviate,2023-Q4,donomii,7
weaviate/weaviate,2023-Q4,redouan-rhazouani,15
weaviate/weaviate,2023-Q4,dirkkul,28
weaviate/weaviate,2023-Q4,reyreaud-l,23
weaviate/weaviate,2023-Q4,dependabot[bot],15
weaviate/weaviate,2023-Q4,antas-marcin,166
weaviate/weaviate,2023-Q4,CShorten,3
weaviate/weaviate,2023-Q4,trengrj,21
weaviate/weaviate,2023-Q4,aliszka,76
weaviate/weaviate,2023-Q4,hsm207,1
weaviate/weaviate,2023-Q4,jbendotnet,2
weaviate/weaviate,2023-Q4,mikewyer,2
weaviate/weaviate,2023-Q4,dudanogueira,1
weaviate/weaviate,2023-Q4,_name:Joan Fontanals Martinez,10
weaviate/weaviate,2023-Q4,doublefelix7,1
weaviate/weaviate,2023-Q4,harrlight00,1
weaviate/weaviate,2023-Q4,cedarkuo,1
weaviate/weaviate,2024-Q1,dirkkul,223
weaviate/weaviate,2024-Q1,antas-marcin,196
weaviate/weaviate,2024-Q1,fzowl,2
weaviate/weaviate,2024-Q1,tsmith023,60
weaviate/weaviate,2024-Q1,parkerduckworth,88
weaviate/weaviate,2024-Q1,asdine,26
weaviate/weaviate,2024-Q1,jeroiraz,36
weaviate/weaviate,2024-Q1,redouan-rhazouani,13
weaviate/weaviate,2024-Q1,donomii,11
weaviate/weaviate,2024-Q1,moogacs,18
weaviate/weaviate,2024-Q1,dependabot[bot],12
weaviate/weaviate,2024-Q1,samchenatti,1
weaviate/weaviate,2024-Q1,jlinsdell-cohere,1
weaviate/weaviate,2024-Q1,databyjp,1
weaviate/weaviate,2024-Q1,daveatweaviate,4
weaviate/weaviate,2024-Q1,reyreaud-l,6
weaviate/weaviate,2024-Q1,CShorten,1
weaviate/weaviate,2024-Q1,etiennedi,18
weaviate/weaviate,2024-Q1,abdelr,12
weaviate/weaviate,2024-Q1,aliszka,49
weaviate/weaviate,2024-Q1,bennycortese,6
weaviate/weaviate,2024-Q1,amourao,43
weaviate/weaviate,2024-Q1,trengrj,6
weaviate/weaviate,2024-Q1,arturmelanchyk,2
weaviate/weaviate,2024-Q1,litlig,1
weaviate/weaviate,2024-Q1,victorialslocum,1
weaviate/weaviate,2024-Q1,avirlrma,1
weaviate/weaviate,2024-Q1,alpe,1
weaviate/weaviate,2024-Q1,jfrancoa,1
weaviate/weaviate,2024-Q1,Juneezee,1
weaviate/weaviate,2024-Q1,jlewi,4
weaviate/weaviate,2024-Q2,dirkkul,148
weaviate/weaviate,2024-Q2,parkerduckworth,38
weaviate/weaviate,2024-Q2,asdine,72
weaviate/weaviate,2024-Q2,antas-marcin,274
weaviate/weaviate,2024-Q2,jeroiraz,69
weaviate/weaviate,2024-Q2,amourao,6
weaviate/weaviate,2024-Q2,abdelr,7
weaviate/weaviate,2024-Q2,aliszka,31
weaviate/weaviate,2024-Q2,etiennedi,89
weaviate/weaviate,2024-Q2,reyreaud-l,125
weaviate/weaviate,2024-Q2,tsmith023,72
weaviate/weaviate,2024-Q2,moogacs,211
weaviate/weaviate,2024-Q2,andrewisplinghoff,1
weaviate/weaviate,2024-Q2,kumarlokesh,3
weaviate/weaviate,2024-Q2,jfrancoa,5
weaviate/weaviate,2024-Q2,mindaugasrukas,2
weaviate/weaviate,2024-Q2,dependabot[bot],10
weaviate/weaviate,2024-Q2,ajit283,6
weaviate/weaviate,2024-Q2,trengrj,12
weaviate/weaviate,2024-Q2,fzowl,5
weaviate/weaviate,2024-Q2,_name:Sebastian Neira,1
weaviate/weaviate,2024-Q2,donomii,6
weaviate/weaviate,2024-Q2,databyjp,5
weaviate/weaviate,2024-Q2,Maurits-de-Groot,1
weaviate/weaviate,2024-Q2,aminst,1
weaviate/weaviate,2024-Q2,bennycortese,6
weaviate/weaviate,2024-Q2,daveatweaviate,3
weaviate/weaviate,2024-Q2,_name:Thierry Moreau,11
weaviate/weaviate,2024-Q2,nathanwilk7,4
weaviate/weaviate,2024-Q2,redouan-rhazouani,71
weaviate/weaviate,2024-Q2,CShorten,6
weaviate/weaviate,2024-Q2,mountcount,1
weaviate/weaviate,2024-Q3,andrewisplinghoff,15
weaviate/weaviate,2024-Q3,kavirajk,74
weaviate/weaviate,2024-Q3,amourao,29
weaviate/weaviate,2024-Q3,nathanwilk7,4
weaviate/weaviate,2024-Q3,moogacs,248
weaviate/weaviate,2024-Q3,antas-marcin,345
weaviate/weaviate,2024-Q3,tsmith023,58
weaviate/weaviate,2024-Q3,dirkkul,236
weaviate/weaviate,2024-Q3,parkerduckworth,18
weaviate/weaviate,2024-Q3,fzowl,1
weaviate/weaviate,2024-Q3,reyreaud-l,38
weaviate/weaviate,2024-Q3,robbespo00,21
weaviate/weaviate,2024-Q3,jeroiraz,50
weaviate/weaviate,2024-Q3,asdine,88
weaviate/weaviate,2024-Q3,flipace,2
weaviate/weaviate,2024-Q3,aliszka,22
weaviate/weaviate,2024-Q3,etiennedi,71
weaviate/weaviate,2024-Q3,donomii,5
weaviate/weaviate,2024-Q3,trengrj,24
weaviate/weaviate,2024-Q3,abdelr,17
weaviate/weaviate,2024-Q3,hsm207,33
weaviate/weaviate,2024-Q3,thomas-maurice,3
weaviate/weaviate,2024-Q3,_name:Nate Wilkinson,3
weaviate/weaviate,2024-Q3,snowman39,2
weaviate/weaviate,2024-Q3,hanumanhuda,1
weaviate/weaviate,2024-Q3,_name:Martín D'Agostino,3
weaviate/weaviate,2024-Q3,Wert1996,1
weaviate/weaviate,2024-Q3,dependabot[bot],3
weaviate/weaviate,2024-Q3,wregen,2
weaviate/weaviate,2024-Q3,aduis,2
weaviate/weaviate,2024-Q3,jbendotnet,2
weaviate/weaviate,2024-Q3,wxingda,1
weaviate/weaviate,2024-Q3,daveatweaviate,3
weaviate/weaviate,2024-Q3,databyjp,2
weaviate/weaviate,2024-Q3,jfrancoa,1
weaviate/weaviate,2024-Q3,cdpierse,1
weaviate/weaviate,2024-Q4,antas-marcin,556
weaviate/weaviate,2024-Q4,reyreaud-l,18
weaviate/weaviate,2024-Q4,jeroiraz,38
weaviate/weaviate,2024-Q4,parkerduckworth,36
weaviate/weaviate,2024-Q4,moogacs,356
weaviate/weaviate,2024-Q4,dependabot[bot],21
weaviate/weaviate,2024-Q4,aliszka,34
weaviate/weaviate,2024-Q4,tsmith023,94
weaviate/weaviate,2024-Q4,kavirajk,95
weaviate/weaviate,2024-Q4,dirkkul,411
weaviate/weaviate,2024-Q4,donomii,8
weaviate/weaviate,2024-Q4,augustas1,1
weaviate/weaviate,2024-Q4,robbespo00,1
weaviate/weaviate,2024-Q4,asdine,7
weaviate/weaviate,2024-Q4,amourao,122
weaviate/weaviate,2024-Q4,nathanwilk7,4
weaviate/weaviate,2024-Q4,trengrj,12
weaviate/weaviate,2024-Q4,cdpierse,11
weaviate/weaviate,2024-Q4,ajit283,2
weaviate/weaviate,2024-Q4,etiennedi,73
weaviate/weaviate,2024-Q4,redouan-rhazouani,4
weaviate/weaviate,2024-Q4,_name:Nate Wilkinson,16
weaviate/weaviate,2024-Q4,paul7Junior,1
weaviate/weaviate,2024-Q4,MarcusSorealheis,2
weaviate/weaviate,2024-Q4,databyjp,7
weaviate/weaviate,2024-Q4,jfrancoa,7
weaviate/weaviate,2024-Q4,breezykermo,2
weaviate/weaviate,2024-Q4,MohamedHaroon98,1
weaviate/weaviate,2024-Q4,melsonic,5
weaviate/weaviate,2024-Q4,johtani,1
weaviate/weaviate,2024-Q4,abdelr,21
weaviate/weaviate,2024-Q4,Dannydoesdev,3
weaviate/weaviate,2024-Q4,andrewisplinghoff,1
weaviate/weaviate,2025-Q1,antas-marcin,540
weaviate/weaviate,2025-Q1,dirkkul,444
weaviate/weaviate,2025-Q1,tsmith023,57
weaviate/weaviate,2025-Q1,alingse,1
weaviate/weaviate,2025-Q1,faustuzas,51
weaviate/weaviate,2025-Q1,reyreaud-l,44
weaviate/weaviate,2025-Q1,robbespo00,56
weaviate/weaviate,2025-Q1,rlmanrique,2
weaviate/weaviate,2025-Q1,asdine,58
weaviate/weaviate,2025-Q1,aliszka,25
weaviate/weaviate,2025-Q1,amourao,59
weaviate/weaviate,2025-Q1,jfrancoa,14
weaviate/weaviate,2025-Q1,erika-shorten,2
weaviate/weaviate,2025-Q1,crewone,1
weaviate/weaviate,2025-Q1,jeroiraz,73
weaviate/weaviate,2025-Q1,donomii,8
weaviate/weaviate,2025-Q1,cryo-zd,1
weaviate/weaviate,2025-Q1,_name:Nate Wilkinson,21
weaviate/weaviate,2025-Q1,kavirajk,145
weaviate/weaviate,2025-Q1,parkerduckworth,23
weaviate/weaviate,2025-Q1,nathanwilk7,8
weaviate/weaviate,2025-Q1,moogacs,314
weaviate/weaviate,2025-Q1,salvatore-campagna-weaviate,18
weaviate/weaviate,2025-Q1,_name:Salvatore Campagna,1
weaviate/weaviate,2025-Q1,dependabot[bot],38
weaviate/weaviate,2025-Q1,tobias-weaviate,1
weaviate/weaviate,2025-Q1,augustas1,6
weaviate/weaviate,2025-Q1,Juneezee,1
weaviate/weaviate,2025-Q1,melsonic,2
weaviate/weaviate,2025-Q1,trengrj,6
weaviate/weaviate,2025-Q1,bevzzz,2
weaviate/weaviate,2025-Q1,llinvokerl,1
weaviate/weaviate,2025-Q1,kumarlokesh,1
weaviate/weaviate,2025-Q1,abdelr,1
weaviate/weaviate,2025-Q1,arturmelanchyk,1
weaviate/weaviate,2025-Q1,andyxning,2
weaviate/weaviate,2025-Q2,parkerduckworth,15
weaviate/weaviate,2025-Q2,amourao,90
weaviate/weaviate,2025-Q2,antas-marcin,445
weaviate/weaviate,2025-Q2,dirkkul,237
weaviate/weaviate,2025-Q2,tsmith023,116
weaviate/weaviate,2025-Q2,aliszka,38
weaviate/weaviate,2025-Q2,salvatore-campagna-weaviate,82
weaviate/weaviate,2025-Q2,trengrj,28
weaviate/weaviate,2025-Q2,abdelr,23
weaviate/weaviate,2025-Q2,asdine,78
weaviate/weaviate,2025-Q2,jeroiraz,48
weaviate/weaviate,2025-Q2,kavirajk,49
weaviate/weaviate,2025-Q2,robbespo00,74
weaviate/weaviate,2025-Q2,reyreaud-l,106
weaviate/weaviate,2025-Q2,moogacs,95
weaviate/weaviate,2025-Q2,bevzzz,5
weaviate/weaviate,2025-Q2,databyjp,3
weaviate/weaviate,2025-Q2,donomii,7
weaviate/weaviate,2025-Q2,tobias-weaviate,2
weaviate/weaviate,2025-Q2,vojtechtoman,1
weaviate/weaviate,2025-Q2,etiennedi,33
weaviate/weaviate,2025-Q2,g-despot,13
weaviate/weaviate,2025-Q2,nathanwilk7,13
weaviate/weaviate,2025-Q2,_name:Nate Wilkinson,74
weaviate/weaviate,2025-Q2,andrewisplinghoff,1
weaviate/weaviate,2025-Q2,fzowl,1
weaviate/weaviate,2025-Q2,jfrancoa,3
weaviate/weaviate,2025-Q2,augustas1,1
weaviate/weaviate,2025-Q2,jormeijer,2
weaviate/weaviate,2025-Q2,mpartipilo,4
weaviate/weaviate,2025-Q2,faustuzas,33
weaviate/weaviate,2025-Q2,dependabot[bot],4
weaviate/weaviate,2025-Q2,Dabz,1
weaviate/weaviate,2025-Q2,alingse,1
weaviate/weaviate,2025-Q2,spiros-spiros,2
weaviate/weaviate,2025-Q2,mohamedawnallah,2
weaviate/weaviate,2025-Q3,jeroiraz,77
weaviate/weaviate,2025-Q3,robbespo00,83
weaviate/weaviate,2025-Q3,asdine,161
weaviate/weaviate,2025-Q3,bevzzz,22
weaviate/weaviate,2025-Q3,antas-marcin,495
weaviate/weaviate,2025-Q3,parkerduckworth,22
weaviate/weaviate,2025-Q3,dirkkul,216
weaviate/weaviate,2025-Q3,amourao,22
weaviate/weaviate,2025-Q3,aliszka,45
weaviate/weaviate,2025-Q3,salvatore-campagna-weaviate,20
weaviate/weaviate,2025-Q3,nathanwilk7,4
weaviate/weaviate,2025-Q3,moogacs,94
weaviate/weaviate,2025-Q3,tsmith023,10
weaviate/weaviate,2025-Q3,kavirajk,129
weaviate/weaviate,2025-Q3,abdelr,21
weaviate/weaviate,2025-Q3,trengrj,6
weaviate/weaviate,2025-Q3,dependabot[bot],15
weaviate/weaviate,2025-Q3,bhaktatejas922,1
weaviate/weaviate,2025-Q3,etiennedi,24
weaviate/weaviate,2025-Q3,reyreaud-l,12
weaviate/weaviate,2025-Q3,g-despot,26
weaviate/weaviate,2025-Q3,tobias-weaviate,4
weaviate/weaviate,2025-Q3,databyjp,1
weaviate/weaviate,2025-Q3,donomii,3
weaviate/weaviate,2025-Q3,jfrancoa,4
weaviate/weaviate,2025-Q3,yazan-abu-obaideh,1
weaviate/weaviate,2025-Q3,DanielJanicek,2
weaviate/weaviate,2025-Q4,dirkkul,209
weaviate/weaviate,2025-Q4,asdine,267
weaviate/weaviate,2025-Q4,antas-marcin,570
weaviate/weaviate,2025-Q4,trengrj,13
weaviate/weaviate,2025-Q4,jeroiraz,47
weaviate/weaviate,2025-Q4,abdelr,44
weaviate/weaviate,2025-Q4,robbespo00,177
weaviate/weaviate,2025-Q4,tsmith023,29
weaviate/weaviate,2025-Q4,g-despot,22
weaviate/weaviate,2025-Q4,amourao,9
weaviate/weaviate,2025-Q4,parkerduckworth,7
weaviate/weaviate,2025-Q4,moogacs,42
weaviate/weaviate,2025-Q4,aliszka,57
weaviate/weaviate,2025-Q4,rlmanrique,4
weaviate/weaviate,2025-Q4,dependabot[bot],22
weaviate/weaviate,2025-Q4,nathanwilk7,4
weaviate/weaviate,2025-Q4,databyjp,2
weaviate/weaviate,2025-Q4,spiros-spiros,3
weaviate/weaviate,2025-Q4,fzowl,3
weaviate/weaviate,2025-Q4,augustas1,2
weaviate/weaviate,2025-Q4,salvatore-campagna-weaviate,16
weaviate/weaviate,2025-Q4,etiennedi,9
weaviate/weaviate,2025-Q4,mpartipilo,1
weaviate/weaviate,2025-Q4,gkampitakis,2
weaviate/weaviate,2025-Q4,kumarlokesh,1
weaviate/weaviate,2025-Q4,waveywaves,1
weaviate/weaviate,2025-Q4,hzy12138,1
weaviate/weaviate,2025-Q4,bevzzz,1
astral-sh/ruff,2023-Q1,charliermarsh,816
astral-sh/ruff,2023-Q1,JonathanPlasse,55
astral-sh/ruff,2023-Q1,MichaReiser,33
astral-sh/ruff,2023-Q1,konstin,10
astral-sh/ruff,2023-Q1,AetherUnbound,1
astral-sh/ruff,2023-Q1,dhruvmanila,7
astral-sh/ruff,2023-Q1,rouge8,3
astral-sh/ruff,2023-Q1,astaric,1
astral-sh/ruff,2023-Q1,leiserfg,2
astral-sh/ruff,2023-Q1,JBLDKY,1
astral-sh/ruff,2023-Q1,trag1c,4
astral-sh/ruff,2023-Q1,agriyakhetarpal,1
astral-sh/ruff,2023-Q1,bluetech,7
astral-sh/ruff,2023-Q1,kyoto7250,2
astral-sh/ruff,2023-Q1,colin99d,23
astral-sh/ruff,2023-Q1,fuziontech,1
astral-sh/ruff,2023-Q1,latonis,5
astral-sh/ruff,2023-Q1,luke396,1
astral-sh/ruff,2023-Q1,vlindhol,1
astral-sh/ruff,2023-Q1,Rogdham,1
astral-sh/ruff,2023-Q1,henryiii,6
astral-sh/ruff,2023-Q1,tomecki,2
astral-sh/ruff,2023-Q1,r3m0t,2
astral-sh/ruff,2023-Q1,johnor,1
astral-sh/ruff,2023-Q1,evanrittenhouse,2
astral-sh/ruff,2023-Q1,SigureMo,4
astral-sh/ruff,2023-Q1,XuehaiPan,5
astral-sh/ruff,2023-Q1,edgarrmondragon,13
astral-sh/ruff,2023-Q1,sciyoshi,11
astral-sh/ruff,2023-Q1,Czaki,2
astral-sh/ruff,2023-Q1,YDX-2147483647,1
astral-sh/ruff,2023-Q1,calumy,1
astral-sh/ruff,2023-Q1,spaceone,22
astral-sh/ruff,2023-Q1,AreamanM,1
astral-sh/ruff,2023-Q1,DanCardin,1
astral-sh/ruff,2023-Q1,aacunningham,2
astral-sh/ruff,2023-Q1,orf,1
astral-sh/ruff,2023-Q1,sasanjac,1
astral-sh/ruff,2023-Q1,StefanBRas,2
astral-sh/ruff,2023-Q1,carlosmiei,9
astral-sh/ruff,2023-Q1,bz2,1
astral-sh/ruff,2023-Q1,staticssleever668,1
astral-sh/ruff,2023-Q1,martinlehoux,1
astral-sh/ruff,2023-Q1,matthewlloyd,6
astral-sh/ruff,2023-Q1,scop,12
astral-sh/ruff,2023-Q1,igozali,1
astral-sh/ruff,2023-Q1,chanman3388,5
astral-sh/ruff,2023-Q1,ngnpope,6
astral-sh/ruff,2023-Q1,lkh42t,1
astral-sh/ruff,2023-Q1,sbdchd,6
astral-sh/ruff,2023-Q1,youknowone,6
astral-sh/ruff,2023-Q1,monosans,1
astral-sh/ruff,2023-Q1,mknaw,1
astral-sh/ruff,2023-Q1,marijncv,1
astral-sh/ruff,2023-Q1,Rupt,1
astral-sh/ruff,2023-Q1,_name:Micha Reiser,3
astral-sh/ruff,2023-Q1,md384,1
astral-sh/ruff,2023-Q1,JoshKarpel,1
astral-sh/ruff,2023-Q1,manueljacob,2
astral-sh/ruff,2023-Q1,thatlittleboy,2
astral-sh/ruff,2023-Q1,sbrugman,45
astral-sh/ruff,2023-Q1,not-my-profile,206
astral-sh/ruff,2023-Q1,artemmukhin,1
astral-sh/ruff,2023-Q1,mwtoews,1
astral-sh/ruff,2023-Q1,zunda-arrow,1
astral-sh/ruff,2023-Q1,messense,19
astral-sh/ruff,2023-Q1,Sawbez,2
astral-sh/ruff,2023-Q1,simon04,1
astral-sh/ruff,2023-Q1,andersk,20
astral-sh/ruff,2023-Q1,Chris-May,1
astral-sh/ruff,2023-Q1,Jeremiah-England,1
astral-sh/ruff,2023-Q1,Zeddicus414,5
astral-sh/ruff,2023-Q1,konysko,1
astral-sh/ruff,2023-Q1,PushUpek,1
astral-sh/ruff,2023-Q1,ppentchev,1
astral-sh/ruff,2023-Q1,mattoberle,3
astral-sh/ruff,2023-Q1,nunokaeru,1
astral-sh/ruff,2023-Q1,akx,42
astral-sh/ruff,2023-Q1,trottomv,1
astral-sh/ruff,2023-Q1,Pierre-Sassoulas,3
astral-sh/ruff,2023-Q1,JacobCoffee,1
astral-sh/ruff,2023-Q1,saadmk11,20
astral-sh/ruff,2023-Q1,VictorGob,2
astral-sh/ruff,2023-Q1,reidswan,1
astral-sh/ruff,2023-Q1,tmke8,3
astral-sh/ruff,2023-Q1,has2k1,1
astral-sh/ruff,2023-Q1,eriknw,1
astral-sh/ruff,2023-Q1,akhildevelops,1
astral-sh/ruff,2023-Q1,chirag127,1
astral-sh/ruff,2023-Q1,Jonxslays,1
astral-sh/ruff,2023-Q1,the-matt-morris,1
astral-sh/ruff,2023-Q1,frenck,2
astral-sh/ruff,2023-Q1,sladyn98,1
astral-sh/ruff,2023-Q1,jvstme,2
astral-sh/ruff,2023-Q1,_name:Eric Roberts,4
astral-sh/ruff,2023-Q1,Flowake,1
astral-sh/ruff,2023-Q1,karpa4o4,3
astral-sh/ruff,2023-Q1,hugovk,5
astral-sh/ruff,2023-Q1,WhyNotHugo,1
astral-sh/ruff,2023-Q1,alonme,2
astral-sh/ruff,2023-Q1,harupy,26
astral-sh/ruff,2023-Q1,shannonrothe,1
astral-sh/ruff,2023-Q1,cosmojg,1
astral-sh/ruff,2023-Q1,figsoda,1
astral-sh/ruff,2023-Q1,Stranger6667,1
astral-sh/ruff,2023-Q1,ericroberts,1
astral-sh/ruff,2023-Q1,damienallen,1
astral-sh/ruff,2023-Q1,skykasko,1
astral-sh/ruff,2023-Q1,ljesparis,1
astral-sh/ruff,2023-Q1,pmbarrett314,1
astral-sh/ruff,2023-Q1,TomFryers,1
astral-sh/ruff,2023-Q1,max0x53,2
astral-sh/ruff,2023-Q1,nsoranzo,1
astral-sh/ruff,2023-Q1,jankatins,1
astral-sh/ruff,2023-Q1,ashb,1
astral-sh/ruff,2023-Q1,nefrob,1
astral-sh/ruff,2023-Q1,BioGeek,1
astral-sh/ruff,2023-Q1,chammika,4
astral-sh/ruff,2023-Q1,ducaale,1
astral-sh/ruff,2023-Q1,diego-pm,1
astral-sh/ruff,2023-Q1,PedramNavid,2
astral-sh/ruff,2023-Q1,olliemath,1
astral-sh/ruff,2023-Q2,MichaReiser,116
astral-sh/ruff,2023-Q2,davidszotten,8
astral-sh/ruff,2023-Q2,charliermarsh,431
astral-sh/ruff,2023-Q2,tjkuson,34
astral-sh/ruff,2023-Q2,ethunk,1
astral-sh/ruff,2023-Q2,dhruvmanila,42
astral-sh/ruff,2023-Q2,cclauss,3
astral-sh/ruff,2023-Q2,intgr,2
astral-sh/ruff,2023-Q2,evanrittenhouse,30
astral-sh/ruff,2023-Q2,konstin,71
astral-sh/ruff,2023-Q2,hauntsaninja,1
astral-sh/ruff,2023-Q2,jgberry,4
astral-sh/ruff,2023-Q2,_name:Thomas de Zeeuw,8
astral-sh/ruff,2023-Q2,mayrholu,1
astral-sh/ruff,2023-Q2,qdegraaf,13
astral-sh/ruff,2023-Q2,edgarrmondragon,3
astral-sh/ruff,2023-Q2,trag1c,2
astral-sh/ruff,2023-Q2,Flowake,1
astral-sh/ruff,2023-Q2,addisoncrump,5
astral-sh/ruff,2023-Q2,dosisod,1
astral-sh/ruff,2023-Q2,cnpryer,1
astral-sh/ruff,2023-Q2,Taybou,1
astral-sh/ruff,2023-Q2,akx,5
astral-sh/ruff,2023-Q2,tkukushkin,1
astral-sh/ruff,2023-Q2,adampauls,1
astral-sh/ruff,2023-Q2,Ryang20718,2
astral-sh/ruff,2023-Q2,tgross35,1
astral-sh/ruff,2023-Q2,DavideCanton,1
astral-sh/ruff,2023-Q2,rodjunger,1
astral-sh/ruff,2023-Q2,kyoto7250,3
astral-sh/ruff,2023-Q2,density,7
astral-sh/ruff,2023-Q2,allisonkarlitskaya,1
astral-sh/ruff,2023-Q2,zanieb,10
astral-sh/ruff,2023-Q2,scop,4
astral-sh/ruff,2023-Q2,JonathanPlasse,31
astral-sh/ruff,2023-Q2,sladyn98,4
astral-sh/ruff,2023-Q2,alexfikl,1
astral-sh/ruff,2023-Q2,vadim-su,1
astral-sh/ruff,2023-Q2,jlaneve,4
astral-sh/ruff,2023-Q2,chanman3388,3
astral-sh/ruff,2023-Q2,bersbersbers,1
astral-sh/ruff,2023-Q2,hoel-bagard,4
astral-sh/ruff,2023-Q2,covracer,1
astral-sh/ruff,2023-Q2,153957,1
astral-sh/ruff,2023-Q2,JacobCoffee,2
astral-sh/ruff,2023-Q2,Mr-Pepe,1
astral-sh/ruff,2023-Q2,aacunningham,3
astral-sh/ruff,2023-Q2,figsoda,1
astral-sh/ruff,2023-Q2,john-h-k,1
astral-sh/ruff,2023-Q2,youknowone,5
astral-sh/ruff,2023-Q2,jameslamb,1
astral-sh/ruff,2023-Q2,bendoerry,1
astral-sh/ruff,2023-Q2,yanksyoon,1
astral-sh/ruff,2023-Q2,TylerYep,1
astral-sh/ruff,2023-Q2,alonme,1
astral-sh/ruff,2023-Q2,LotemAm,1
astral-sh/ruff,2023-Q2,OMEGARAZER,1
astral-sh/ruff,2023-Q2,calumy,16
astral-sh/ruff,2023-Q2,dependabot[bot],1
astral-sh/ruff,2023-Q2,mikeleppane,1
astral-sh/ruff,2023-Q2,aureliojargas,1
astral-sh/ruff,2023-Q2,mccullocht,1
astral-sh/ruff,2023-Q2,jleclanche,1
astral-sh/ruff,2023-Q2,arya-k,2
astral-sh/ruff,2023-Q2,leiserfg,3
astral-sh/ruff,2023-Q2,wookie184,1
astral-sh/ruff,2023-Q2,mosauter,2
astral-sh/ruff,2023-Q2,_name:Trevor McCulloch,1
astral-sh/ruff,2023-Q2,Secrus,1
astral-sh/ruff,2023-Q2,pronoym99,1
astral-sh/ruff,2023-Q2,alanhdu,1
astral-sh/ruff,2023-Q2,Xemnas0,1
astral-sh/ruff,2023-Q2,mirecl,1
astral-sh/ruff,2023-Q2,justinchuby,1
astral-sh/ruff,2023-Q2,hackedd,1
astral-sh/ruff,2023-Q2,robyoung,1
astral-sh/ruff,2023-Q2,USER-5,1
astral-sh/ruff,2023-Q2,stancld,1
astral-sh/ruff,2023-Q2,brucearctor,2
astral-sh/ruff,2023-Q2,nvuillam,1
astral-sh/ruff,2023-Q2,Hnasar,1
astral-sh/ruff,2023-Q2,bluetech,1
astral-sh/ruff,2023-Q3,charliermarsh,544
astral-sh/ruff,2023-Q3,dhruvmanila,53
astral-sh/ruff,2023-Q3,zanieb,75
astral-sh/ruff,2023-Q3,tjkuson,48
astral-sh/ruff,2023-Q3,MichaReiser,158
astral-sh/ruff,2023-Q3,danparizher,1
astral-sh/ruff,2023-Q3,mkniewallner,4
astral-sh/ruff,2023-Q3,konstin,108
astral-sh/ruff,2023-Q3,qdegraaf,19
astral-sh/ruff,2023-Q3,hoxbro,1
astral-sh/ruff,2023-Q3,bluthej,1
astral-sh/ruff,2023-Q3,dependabot[bot],38
astral-sh/ruff,2023-Q3,chammika,1
astral-sh/ruff,2023-Q3,T-256,1
astral-sh/ruff,2023-Q3,leiserfg,1
astral-sh/ruff,2023-Q3,maheshsaripalli9,1
astral-sh/ruff,2023-Q3,SavchenkoValeriy,4
astral-sh/ruff,2023-Q3,MicaelJarniac,1
astral-sh/ruff,2023-Q3,JonathanPlasse,1
astral-sh/ruff,2023-Q3,_name:Jaap Roes,1
astral-sh/ruff,2023-Q3,manueljacob,1
astral-sh/ruff,2023-Q3,nathanwhit,1
astral-sh/ruff,2023-Q3,jelly,3
astral-sh/ruff,2023-Q3,jamesbraza,2
astral-sh/ruff,2023-Q3,brendonh8,1
astral-sh/ruff,2023-Q3,eronnen,1
astral-sh/ruff,2023-Q3,gregersn,1
astral-sh/ruff,2023-Q3,jaap3,1
astral-sh/ruff,2023-Q3,LaBatata101,21
astral-sh/ruff,2023-Q3,manmartgarc,1
astral-sh/ruff,2023-Q3,njgrisafi,2
astral-sh/ruff,2023-Q3,dalgarno,1
astral-sh/ruff,2023-Q3,oliviacrain,1
astral-sh/ruff,2023-Q3,density,6
astral-sh/ruff,2023-Q3,WindowGenerator,1
astral-sh/ruff,2023-Q3,cnpryer,19
astral-sh/ruff,2023-Q3,magic-akari,2
astral-sh/ruff,2023-Q3,Anselmoo,1
astral-sh/ruff,2023-Q3,davidszotten,10
astral-sh/ruff,2023-Q3,harupy,50
astral-sh/ruff,2023-Q3,lkh42t,6
astral-sh/ruff,2023-Q3,klistwan,5
astral-sh/ruff,2023-Q3,hauntsaninja,1
astral-sh/ruff,2023-Q3,evanrittenhouse,5
astral-sh/ruff,2023-Q3,Teraskull,1
astral-sh/ruff,2023-Q3,noklam,1
astral-sh/ruff,2023-Q3,_name:Takuma Watanabe,1
astral-sh/ruff,2023-Q3,durumu,2
astral-sh/ruff,2023-Q3,rco-ableton,1
astral-sh/ruff,2023-Q3,piotrgredowski,1
astral-sh/ruff,2023-Q3,andersk,3
astral-sh/ruff,2023-Q3,PIG208,1
astral-sh/ruff,2023-Q3,silvanocerza,1
astral-sh/ruff,2023-Q3,bluetech,1
astral-sh/ruff,2023-Q3,akx,5
astral-sh/ruff,2023-Q3,arembridge,4
astral-sh/ruff,2023-Q3,sbrugman,12
astral-sh/ruff,2023-Q3,Eutropios,1
astral-sh/ruff,2023-Q3,scop,1
astral-sh/ruff,2023-Q3,RMPR,1
astral-sh/ruff,2023-Q3,AlexWaygood,1
astral-sh/ruff,2023-Q3,DavidCain,1
astral-sh/ruff,2023-Q3,odiseo0,1
astral-sh/ruff,2023-Q3,sobolevn,2
astral-sh/ruff,2023-Q3,guillaumeLepape,1
astral-sh/ruff,2023-Q3,skykasko,1
astral-sh/ruff,2023-Q3,eggplants,1
astral-sh/ruff,2023-Q3,LouisDISPA,2
astral-sh/ruff,2023-Q3,monosans,1
astral-sh/ruff,2023-Q3,DimitriPapadopoulos,1
astral-sh/ruff,2023-Q3,petermattia,1
astral-sh/ruff,2023-Q3,karpetrosyan,1
astral-sh/ruff,2023-Q3,Thomasdezeeuw,1
astral-sh/ruff,2023-Q4,charliermarsh,255
astral-sh/ruff,2023-Q4,ofek,4
astral-sh/ruff,2023-Q4,zanieb,79
astral-sh/ruff,2023-Q4,hauntsaninja,6
astral-sh/ruff,2023-Q4,mikaelarguedas,2
astral-sh/ruff,2023-Q4,mdbernard,1
astral-sh/ruff,2023-Q4,tkoyama010,1
astral-sh/ruff,2023-Q4,MichaReiser,61
astral-sh/ruff,2023-Q4,diceroll123,22
astral-sh/ruff,2023-Q4,dependabot[bot],78
astral-sh/ruff,2023-Q4,henryiii,2
astral-sh/ruff,2023-Q4,BurntSushi,18
astral-sh/ruff,2023-Q4,asafamr-mm,2
astral-sh/ruff,2023-Q4,AlexWaygood,2
astral-sh/ruff,2023-Q4,konstin,37
astral-sh/ruff,2023-Q4,dhruvmanila,68
astral-sh/ruff,2023-Q4,siiptuo,4
astral-sh/ruff,2023-Q4,VictorGob,1
astral-sh/ruff,2023-Q4,bluthej,6
astral-sh/ruff,2023-Q4,C-Hipple,1
astral-sh/ruff,2023-Q4,qdegraaf,6
astral-sh/ruff,2023-Q4,T-256,8
astral-sh/ruff,2023-Q4,sciyoshi,4
astral-sh/ruff,2023-Q4,sbrugman,1
astral-sh/ruff,2023-Q4,Sai-Suraj-27,1
astral-sh/ruff,2023-Q4,DimitriPapadopoulos,1
astral-sh/ruff,2023-Q4,eli-schwartz,1
astral-sh/ruff,2023-Q4,mimi1vx,1
astral-sh/ruff,2023-Q4,eerovaher,1
astral-sh/ruff,2023-Q4,tobbez,1
astral-sh/ruff,2023-Q4,flying-sheep,3
astral-sh/ruff,2023-Q4,tjkuson,11
astral-sh/ruff,2023-Q4,michaelessiet,1
astral-sh/ruff,2023-Q4,Cjkjvfnby,2
astral-sh/ruff,2023-Q4,samueljsb,1
astral-sh/ruff,2023-Q4,ischaojie,3
astral-sh/ruff,2023-Q4,alanhdu,3
astral-sh/ruff,2023-Q4,ThiefMaster,3
astral-sh/ruff,2023-Q4,jelmer,2
astral-sh/ruff,2023-Q4,maltevesper,1
astral-sh/ruff,2023-Q4,Ezrashaw,1
astral-sh/ruff,2023-Q4,felixonmars,1
astral-sh/ruff,2023-Q4,Iipin,1
astral-sh/ruff,2023-Q4,AlexBieg,1
astral-sh/ruff,2023-Q4,AdilZouitine,1
astral-sh/ruff,2023-Q4,chan-vince,1
astral-sh/ruff,2023-Q4,jonashaag,1
astral-sh/ruff,2023-Q4,doolio,5
astral-sh/ruff,2023-Q4,_name:Alan Du,1
astral-sh/ruff,2023-Q4,JonathanPlasse,1
astral-sh/ruff,2023-Q4,OtherBarry,1
astral-sh/ruff,2023-Q4,bodograumann,1
astral-sh/ruff,2023-Q4,sjdemartini,1
astral-sh/ruff,2023-Q4,jesse1412,1
astral-sh/ruff,2023-Q4,danbi2990,2
astral-sh/ruff,2023-Q4,Dosenpfand,1
astral-sh/ruff,2023-Q4,felix-cw,1
astral-sh/ruff,2023-Q4,karpetrosyan,3
astral-sh/ruff,2023-Q4,lukaspiatkowski,1
astral-sh/ruff,2023-Q4,akx,3
astral-sh/ruff,2023-Q4,juanitorduz,1
astral-sh/ruff,2023-Q4,offbyone,1
astral-sh/ruff,2023-Q4,trag1c,1
astral-sh/ruff,2023-Q4,hugovk,1
astral-sh/ruff,2023-Q4,deepyaman,1
astral-sh/ruff,2023-Q4,covracer,1
astral-sh/ruff,2023-Q4,mtsokol,1
astral-sh/ruff,2023-Q4,niranjan-kurhade,1
astral-sh/ruff,2023-Q4,jab,1
astral-sh/ruff,2023-Q4,ashanbrown,1
astral-sh/ruff,2023-Q4,harupy,12
astral-sh/ruff,2023-Q4,mkniewallner,3
astral-sh/ruff,2023-Q4,sno2,2
astral-sh/ruff,2023-Q4,FarukhS52,1
astral-sh/ruff,2023-Q4,burgholzer,1
astral-sh/ruff,2023-Q4,Giuzzilla,1
astral-sh/ruff,2023-Q4,Harmon758,1
astral-sh/ruff,2023-Q4,_name:Jaap Roes,1
astral-sh/ruff,2023-Q4,yanyongyu,1
astral-sh/ruff,2023-Q4,dybi,1
astral-sh/ruff,2023-Q4,veot,1
astral-sh/ruff,2023-Q4,ran-isenberg,1
astral-sh/ruff,2023-Q4,TeamSpen210,1
astral-sh/ruff,2023-Q4,lmanc,1
astral-sh/ruff,2023-Q4,reswqa,5
astral-sh/ruff,2023-Q4,siboehm,1
astral-sh/ruff,2023-Q4,gouzil,1
astral-sh/ruff,2023-Q4,cjolowicz,1
astral-sh/ruff,2023-Q4,Flowrey,1
astral-sh/ruff,2023-Q4,clemux,3
astral-sh/ruff,2023-Q4,SavchenkoValeriy,1
astral-sh/ruff,2023-Q4,JacobCoffee,1
astral-sh/ruff,2023-Q4,roganartu,1
astral-sh/ruff,2023-Q4,ahmedabdou14,1
astral-sh/ruff,2023-Q4,eikowagenknecht,1
astral-sh/ruff,2023-Q4,shager,1
astral-sh/ruff,2023-Q4,LaBatata101,1
astral-sh/ruff,2023-Q4,hoxbro,1
astral-sh/ruff,2023-Q4,cnpryer,2
astral-sh/ruff,2023-Q4,timobrembeck,1
astral-sh/ruff,2023-Q4,cosmojg,1
astral-sh/ruff,2023-Q4,JelleZijlstra,2
astral-sh/ruff,2023-Q4,cberry31,1
astral-sh/ruff,2023-Q4,aspizu,1
astral-sh/ruff,2024-Q1,hikaru-kajita,9
astral-sh/ruff,2024-Q1,charliermarsh,164
astral-sh/ruff,2024-Q1,augustelalande,19
astral-sh/ruff,2024-Q1,dhruvmanila,16
astral-sh/ruff,2024-Q1,mtsokol,1
astral-sh/ruff,2024-Q1,snowsignal,16
astral-sh/ruff,2024-Q1,mnixry,1
astral-sh/ruff,2024-Q1,pjonsson,1
astral-sh/ruff,2024-Q1,AlexWaygood,42
astral-sh/ruff,2024-Q1,alex-700,5
astral-sh/ruff,2024-Q1,renovate[bot],10
astral-sh/ruff,2024-Q1,MichaReiser,79
astral-sh/ruff,2024-Q1,aureliojargas,1
astral-sh/ruff,2024-Q1,FFY00,1
astral-sh/ruff,2024-Q1,hoel-bagard,12
astral-sh/ruff,2024-Q1,dependabot[bot],66
astral-sh/ruff,2024-Q1,dizzy57,2
astral-sh/ruff,2024-Q1,yt2b,1
astral-sh/ruff,2024-Q1,zanieb,31
astral-sh/ruff,2024-Q1,dopplershift,1
astral-sh/ruff,2024-Q1,veryyet,1
astral-sh/ruff,2024-Q1,WindowGenerator,1
astral-sh/ruff,2024-Q1,VascoSch92,1
astral-sh/ruff,2024-Q1,autinerd,1
astral-sh/ruff,2024-Q1,trag1c,7
astral-sh/ruff,2024-Q1,robincaloudis,3
astral-sh/ruff,2024-Q1,ottaviohartman,4
astral-sh/ruff,2024-Q1,diceroll123,18
astral-sh/ruff,2024-Q1,tjkuson,8
astral-sh/ruff,2024-Q1,Guilherme-Vasconcelos,1
astral-sh/ruff,2024-Q1,vinhocent,1
astral-sh/ruff,2024-Q1,KotlinIsland,2
astral-sh/ruff,2024-Q1,anuraaga,1
astral-sh/ruff,2024-Q1,mkniewallner,2
astral-sh/ruff,2024-Q1,GtrMo,2
astral-sh/ruff,2024-Q1,sciyoshi,1
astral-sh/ruff,2024-Q1,eerovaher,2
astral-sh/ruff,2024-Q1,ooooo-create,1
astral-sh/ruff,2024-Q1,dspicher,1
astral-sh/ruff,2024-Q1,jbkkd,1
astral-sh/ruff,2024-Q1,jeremy-hiatt,1
astral-sh/ruff,2024-Q1,senadev42,2
astral-sh/ruff,2024-Q1,greenstar1151,1
astral-sh/ruff,2024-Q1,mmerickel,1
astral-sh/ruff,2024-Q1,mikeleppane,8
astral-sh/ruff,2024-Q1,Glyphack,2
astral-sh/ruff,2024-Q1,jusexton,1
astral-sh/ruff,2024-Q1,Philipp-Thiel,1
astral-sh/ruff,2024-Q1,arkinmodi,1
astral-sh/ruff,2024-Q1,boidolr,1
astral-sh/ruff,2024-Q1,sanxiyn,5
astral-sh/ruff,2024-Q1,ternaus,1
astral-sh/ruff,2024-Q1,arjunnn,1
astral-sh/ruff,2024-Q1,DanielNoord,2
astral-sh/ruff,2024-Q1,arkuhn,1
astral-sh/ruff,2024-Q1,JacobCoffee,1
astral-sh/ruff,2024-Q1,adrienball,1
astral-sh/ruff,2024-Q1,tyilo,1
astral-sh/ruff,2024-Q1,konstin,2
astral-sh/ruff,2024-Q1,Hnasar,1
astral-sh/ruff,2024-Q1,owenlamont,1
astral-sh/ruff,2024-Q1,Freed-Wu,1
astral-sh/ruff,2024-Q1,hugovk,1
astral-sh/ruff,2024-Q1,jack-mcivor,2
astral-sh/ruff,2024-Q1,ThiefMaster,2
astral-sh/ruff,2024-Q1,tylerlaprade,1
astral-sh/ruff,2024-Q1,tmke8,2
astral-sh/ruff,2024-Q1,emilte,1
astral-sh/ruff,2024-Q1,jdanford,1
astral-sh/ruff,2024-Q1,mikaelarguedas,3
astral-sh/ruff,2024-Q1,graingert,1
astral-sh/ruff,2024-Q1,alex,1
astral-sh/ruff,2024-Q1,covracer,1
astral-sh/ruff,2024-Q1,Sai-Suraj-27,1
astral-sh/ruff,2024-Q1,johnslavik,1
astral-sh/ruff,2024-Q1,BurntSushi,1
astral-sh/ruff,2024-Q1,tsugumi-sys,1
astral-sh/ruff,2024-Q1,RobertCraigie,1
astral-sh/ruff,2024-Q1,mbyrnepr2,1
astral-sh/ruff,2024-Q1,WhyNotHugo,1
astral-sh/ruff,2024-Q1,takaya0,1
astral-sh/ruff,2024-Q1,chammika,1
astral-sh/ruff,2024-Q1,port19x,1
astral-sh/ruff,2024-Q1,pabepadu,1
astral-sh/ruff,2024-Q1,rsyring,1
astral-sh/ruff,2024-Q1,juanitorduz,1
astral-sh/ruff,2024-Q1,manunio,1
astral-sh/ruff,2024-Q1,qdegraaf,4
astral-sh/ruff,2024-Q1,Eutropios,1
astral-sh/ruff,2024-Q1,addisoncrump,1
astral-sh/ruff,2024-Q1,nickdrozd,1
astral-sh/ruff,2024-Q1,decathorpe,2
astral-sh/ruff,2024-Q1,hauntsaninja,1
astral-sh/ruff,2024-Q1,DimitriPapadopoulos,2
astral-sh/ruff,2024-Q2,MichaReiser,65
astral-sh/ruff,2024-Q2,Peiffap,3
astral-sh/ruff,2024-Q2,dhruvmanila,106
astral-sh/ruff,2024-Q2,charliermarsh,118
astral-sh/ruff,2024-Q2,bersace,1
astral-sh/ruff,2024-Q2,snowsignal,49
astral-sh/ruff,2024-Q2,mtsokol,3
astral-sh/ruff,2024-Q2,AlexWaygood,68
astral-sh/ruff,2024-Q2,augustelalande,14
astral-sh/ruff,2024-Q2,WindowGenerator,1
astral-sh/ruff,2024-Q2,T-256,3
astral-sh/ruff,2024-Q2,renovate[bot],121
astral-sh/ruff,2024-Q2,tibor-reiss,6
astral-sh/ruff,2024-Q2,baggiponte,1
astral-sh/ruff,2024-Q2,ukyen8,1
astral-sh/ruff,2024-Q2,denwong47,1
astral-sh/ruff,2024-Q2,ericbn,1
astral-sh/ruff,2024-Q2,relausen,1
astral-sh/ruff,2024-Q2,R1kaB3rN,1
astral-sh/ruff,2024-Q2,wyardley,1
astral-sh/ruff,2024-Q2,dedebenui,1
astral-sh/ruff,2024-Q2,adrinjalali,1
astral-sh/ruff,2024-Q2,psychedelicious,1
astral-sh/ruff,2024-Q2,github-actions[bot],3
astral-sh/ruff,2024-Q2,zanieb,6
astral-sh/ruff,2024-Q2,yairp03,1
astral-sh/ruff,2024-Q2,starsep,1
astral-sh/ruff,2024-Q2,carljm,35
astral-sh/ruff,2024-Q2,lukasmasuch,1
astral-sh/ruff,2024-Q2,Philipp-Thiel,2
astral-sh/ruff,2024-Q2,alex-700,5
astral-sh/ruff,2024-Q2,pilleye,1
astral-sh/ruff,2024-Q2,Embers-of-the-Fire,2
astral-sh/ruff,2024-Q2,max-muoto,2
astral-sh/ruff,2024-Q2,MichaelOultram-pexip,1
astral-sh/ruff,2024-Q2,ajesipow,1
astral-sh/ruff,2024-Q2,tusharsadhwani,6
astral-sh/ruff,2024-Q2,tobb10001,2
astral-sh/ruff,2024-Q2,plredmond,10
astral-sh/ruff,2024-Q2,Chubercik,1
astral-sh/ruff,2024-Q2,JaRoSchm,1
astral-sh/ruff,2024-Q2,hassec,1
astral-sh/ruff,2024-Q2,vitaliyf,1
astral-sh/ruff,2024-Q2,tomasr8,1
astral-sh/ruff,2024-Q2,akshetpandey,1
astral-sh/ruff,2024-Q2,blueraft,3
astral-sh/ruff,2024-Q2,ekohilas,3
astral-sh/ruff,2024-Q2,furgoose,1
astral-sh/ruff,2024-Q2,Amar1729,1
astral-sh/ruff,2024-Q2,monk-time,1
astral-sh/ruff,2024-Q2,chadell,1
astral-sh/ruff,2024-Q2,mnme,1
astral-sh/ruff,2024-Q2,jaraco,1
astral-sh/ruff,2024-Q2,thatch,2
astral-sh/ruff,2024-Q2,_name:Jaap Roes,1
astral-sh/ruff,2024-Q2,lemeb,1
astral-sh/ruff,2024-Q2,DimitriPapadopoulos,1
astral-sh/ruff,2024-Q2,tjkuson,1
astral-sh/ruff,2024-Q2,rmodpur,1
astral-sh/ruff,2024-Q2,dougthor42,1
astral-sh/ruff,2024-Q2,konstin,1
astral-sh/ruff,2024-Q2,_name:Shixian Sheng,1
astral-sh/ruff,2024-Q2,Abdur-rahmaanJ,2
astral-sh/ruff,2024-Q2,carloshbcabral,1
astral-sh/ruff,2024-Q2,JelleZijlstra,2
astral-sh/ruff,2024-Q2,_name:Shi Sheng,3
astral-sh/ruff,2024-Q2,diceroll123,5
astral-sh/ruff,2024-Q2,ibraheemdev,2
astral-sh/ruff,2024-Q2,bersbersbers,1
astral-sh/ruff,2024-Q2,mistercrunch,1
astral-sh/ruff,2024-Q2,autinerd,1
astral-sh/ruff,2024-Q2,nolanking90,1
astral-sh/ruff,2024-Q2,ottaviohartman,1
astral-sh/ruff,2024-Q2,KotlinIsland,1
astral-sh/ruff,2024-Q2,JonathanPlasse,1
astral-sh/ruff,2024-Q2,jfrost-mo,1
astral-sh/ruff,2024-Q2,HenryAsa,1
astral-sh/ruff,2024-Q2,MithicSpirit,1
astral-sh/ruff,2024-Q2,sisp,1
astral-sh/ruff,2024-Q2,StevenMia,1
astral-sh/ruff,2024-Q2,hoel-bagard,2
astral-sh/ruff,2024-Q2,hartwork,1
astral-sh/ruff,2024-Q2,lshi18,1
astral-sh/ruff,2024-Q2,mimre25,1
astral-sh/ruff,2024-Q2,Warchant,1
astral-sh/ruff,2024-Q2,buhtz,1
astral-sh/ruff,2024-Q2,SnirBroshi,1
astral-sh/ruff,2024-Q2,Boshen,1
astral-sh/ruff,2024-Q3,zanieb,13
astral-sh/ruff,2024-Q3,Slyces,5
astral-sh/ruff,2024-Q3,charliermarsh,84
astral-sh/ruff,2024-Q3,AlexWaygood,98
astral-sh/ruff,2024-Q3,pilleye,1
astral-sh/ruff,2024-Q3,renovate[bot],144
astral-sh/ruff,2024-Q3,echoix,1
astral-sh/ruff,2024-Q3,TomerBin,4
astral-sh/ruff,2024-Q3,MichaReiser,131
astral-sh/ruff,2024-Q3,mustartt,1
astral-sh/ruff,2024-Q3,zao111222333,1
astral-sh/ruff,2024-Q3,ukyen8,2
astral-sh/ruff,2024-Q3,haarisr,2
astral-sh/ruff,2024-Q3,dylwil3,22
astral-sh/ruff,2024-Q3,vincevannoort,1
astral-sh/ruff,2024-Q3,sbrugman,2
astral-sh/ruff,2024-Q3,diceroll123,11
astral-sh/ruff,2024-Q3,carljm,45
astral-sh/ruff,2024-Q3,yahayaohinoyi,1
astral-sh/ruff,2024-Q3,Rupt,1
astral-sh/ruff,2024-Q3,hirehamir,1
astral-sh/ruff,2024-Q3,github-actions[bot],6
astral-sh/ruff,2024-Q3,FinchPowers,2
astral-sh/ruff,2024-Q3,dhruvmanila,84
astral-sh/ruff,2024-Q3,dizzy57,2
astral-sh/ruff,2024-Q3,augustelalande,13
astral-sh/ruff,2024-Q3,RussellLuo,2
astral-sh/ruff,2024-Q3,calumy,7
astral-sh/ruff,2024-Q3,lucasctl,2
astral-sh/ruff,2024-Q3,RubenVanEldik,1
astral-sh/ruff,2024-Q3,tjkuson,5
astral-sh/ruff,2024-Q3,Jinior,1
astral-sh/ruff,2024-Q3,jamesbraza,1
astral-sh/ruff,2024-Q3,chriskrycho,8
astral-sh/ruff,2024-Q3,zhoufanjin,1
astral-sh/ruff,2024-Q3,PalAditya,1
astral-sh/ruff,2024-Q3,arkuhn,1
astral-sh/ruff,2024-Q3,JonathanPlasse,3
astral-sh/ruff,2024-Q3,N-Wouda,1
astral-sh/ruff,2024-Q3,teofr,2
astral-sh/ruff,2024-Q3,jessekv,1
astral-sh/ruff,2024-Q3,olp-cs,1
astral-sh/ruff,2024-Q3,lengau,1
astral-sh/ruff,2024-Q3,tfardet,1
astral-sh/ruff,2024-Q3,mkniewallner,6
astral-sh/ruff,2024-Q3,kbaskett248,1
astral-sh/ruff,2024-Q3,InSyncWithFoo,3
astral-sh/ruff,2024-Q3,Skylion007,1
astral-sh/ruff,2024-Q3,dsal3389,1
astral-sh/ruff,2024-Q3,Matthieu-LAURENT39,1
astral-sh/ruff,2024-Q3,edhinard,1
astral-sh/ruff,2024-Q3,autinerd,1
astral-sh/ruff,2024-Q3,uranusjr,1
astral-sh/ruff,2024-Q3,eth3lbert,1
astral-sh/ruff,2024-Q3,yury-fedotov,1
astral-sh/ruff,2024-Q3,rhoban13,1
astral-sh/ruff,2024-Q3,cclauss,1
astral-sh/ruff,2024-Q3,epenet,3
astral-sh/ruff,2024-Q3,DavideRagazzon,1
astral-sh/ruff,2024-Q3,bluetech,1
astral-sh/ruff,2024-Q3,ember91,1
astral-sh/ruff,2024-Q3,bowenliang123,1
astral-sh/ruff,2024-Q3,eerovaher,1
astral-sh/ruff,2024-Q3,osiewicz,2
astral-sh/ruff,2024-Q3,alex-700,1
astral-sh/ruff,2024-Q3,sisp,1
astral-sh/ruff,2024-Q3,UriyaHarpeness,1
astral-sh/ruff,2024-Q3,mtsokol,1
astral-sh/ruff,2024-Q3,foxmean,1
astral-sh/ruff,2024-Q3,thejcannon,1
astral-sh/ruff,2024-Q3,IvanIsCoding,1
astral-sh/ruff,2024-Q3,T-256,1
astral-sh/ruff,2024-Q3,FishAlchemist,1
astral-sh/ruff,2024-Q3,sashko1988,1
astral-sh/ruff,2024-Q3,cake-monotone,1
astral-sh/ruff,2024-Q3,mattrunyon,1
astral-sh/ruff,2024-Q3,konstin,1
astral-sh/ruff,2024-Q3,zzztimbo,1
astral-sh/ruff,2024-Q3,xmatthias,1
astral-sh/ruff,2024-Q3,Viicos,1
astral-sh/ruff,2024-Q3,GaetanLepage,1
astral-sh/ruff,2024-Q3,jackdesert,1
astral-sh/ruff,2024-Q3,_name:Dani Bodor,1
astral-sh/ruff,2024-Q3,evanrittenhouse,1
astral-sh/ruff,2024-Q3,trim21,1
astral-sh/ruff,2024-Q3,maximiliankolb,1
astral-sh/ruff,2024-Q3,jkauerl,1
astral-sh/ruff,2024-Q3,ThomasFaivre,1
astral-sh/ruff,2024-Q4,Daverball,13
astral-sh/ruff,2024-Q4,cclauss,2
astral-sh/ruff,2024-Q4,Lee-W,11
astral-sh/ruff,2024-Q4,InSyncWithFoo,58
astral-sh/ruff,2024-Q4,guptaarnav,2
astral-sh/ruff,2024-Q4,Avasam,1
astral-sh/ruff,2024-Q4,dhruvmanila,53
astral-sh/ruff,2024-Q4,purajit,1
astral-sh/ruff,2024-Q4,wookie184,1
astral-sh/ruff,2024-Q4,MichaReiser,100
astral-sh/ruff,2024-Q4,renovate[bot],149
astral-sh/ruff,2024-Q4,hauntsaninja,2
astral-sh/ruff,2024-Q4,Viicos,2
astral-sh/ruff,2024-Q4,enochkan,2
astral-sh/ruff,2024-Q4,sobolevn,1
astral-sh/ruff,2024-Q4,harupy,14
astral-sh/ruff,2024-Q4,TomerBin,8
astral-sh/ruff,2024-Q4,aaron-skydio,1
astral-sh/ruff,2024-Q4,sharkdp,79
astral-sh/ruff,2024-Q4,my1e5,1
astral-sh/ruff,2024-Q4,KotlinIsland,1
astral-sh/ruff,2024-Q4,AlexWaygood,107
astral-sh/ruff,2024-Q4,dylwil3,26
astral-sh/ruff,2024-Q4,tarasmatsyk,1
astral-sh/ruff,2024-Q4,dcreager,8
astral-sh/ruff,2024-Q4,cake-monotone,7
astral-sh/ruff,2024-Q4,w0nder1ng,4
astral-sh/ruff,2024-Q4,DimitriPapadopoulos,5
astral-sh/ruff,2024-Q4,rchen152,1
astral-sh/ruff,2024-Q4,github-actions[bot],6
astral-sh/ruff,2024-Q4,carljm,19
astral-sh/ruff,2024-Q4,krishnan-chandra,1
astral-sh/ruff,2024-Q4,kiran-4444,1
astral-sh/ruff,2024-Q4,TheBits,1
astral-sh/ruff,2024-Q4,notpeter,1
astral-sh/ruff,2024-Q4,BurntSushi,1
astral-sh/ruff,2024-Q4,tirkarthi,1
astral-sh/ruff,2024-Q4,mitya57,1
astral-sh/ruff,2024-Q4,UnknownPlatypus,1
astral-sh/ruff,2024-Q4,smokyabdulrahman,1
astral-sh/ruff,2024-Q4,Glyphack,9
astral-sh/ruff,2024-Q4,ognevny,1
astral-sh/ruff,2024-Q4,Well2333,1
astral-sh/ruff,2024-Q4,ntBre,5
astral-sh/ruff,2024-Q4,Lokejoke,4
astral-sh/ruff,2024-Q4,connorskees,4
astral-sh/ruff,2024-Q4,Matt-Ord,1
astral-sh/ruff,2024-Q4,uranusjr,2
astral-sh/ruff,2024-Q4,sbrugman,31
astral-sh/ruff,2024-Q4,sransara,1
astral-sh/ruff,2024-Q4,snowdrop4,1
astral-sh/ruff,2024-Q4,charliermarsh,39
astral-sh/ruff,2024-Q4,njhearp,1
astral-sh/ruff,2024-Q4,cmp0xff,1
astral-sh/ruff,2024-Q4,zanieb,20
astral-sh/ruff,2024-Q4,konstin,1
astral-sh/ruff,2024-Q4,takaya0,1
astral-sh/ruff,2024-Q4,diceroll123,10
astral-sh/ruff,2024-Q4,CarrotManMatt,2
astral-sh/ruff,2024-Q4,tjkuson,1
astral-sh/ruff,2024-Q4,pgiraud,1
astral-sh/ruff,2024-Q4,randolf-scholz,1
astral-sh/ruff,2024-Q4,nijel,1
astral-sh/ruff,2024-Q4,fabiob,1
astral-sh/ruff,2024-Q4,hreeder,1
astral-sh/ruff,2024-Q4,staciax,1
astral-sh/ruff,2024-Q4,jsurany,1
astral-sh/ruff,2024-Q4,rtpg,3
astral-sh/ruff,2024-Q4,CarloLepelaars,1
astral-sh/ruff,2024-Q4,thatch,1
astral-sh/ruff,2024-Q4,jvacek,1
astral-sh/ruff,2024-Q4,mihaic,1
astral-sh/ruff,2024-Q4,samypr100,1
astral-sh/ruff,2024-Q4,pilleye,2
astral-sh/ruff,2024-Q4,Lexxxzy,2
astral-sh/ruff,2024-Q4,Aditya-PS-05,1
astral-sh/ruff,2024-Q4,ndmitchell,1
astral-sh/ruff,2024-Q4,Watercycle,1
astral-sh/ruff,2024-Q4,dizzy57,1
astral-sh/ruff,2024-Q4,DataEnggNerd,1
astral-sh/ruff,2024-Q4,autinerd,2
astral-sh/ruff,2024-Q4,qdegraaf,1
astral-sh/ruff,2024-Q4,alex-700,1
astral-sh/ruff,2024-Q4,Slyces,4
astral-sh/ruff,2024-Q4,hoxbro,1
astral-sh/ruff,2024-Q4,gaborbernat,2
astral-sh/ruff,2024-Q4,tpgillam,1
astral-sh/ruff,2025-Q1,MatthewMckee4,14
astral-sh/ruff,2025-Q1,MichaReiser,136
astral-sh/ruff,2025-Q1,akx,1
astral-sh/ruff,2025-Q1,sharkdp,96
astral-sh/ruff,2025-Q1,Lee-W,18
astral-sh/ruff,2025-Q1,renovate[bot],142
astral-sh/ruff,2025-Q1,mishamsk,8
astral-sh/ruff,2025-Q1,cake-monotone,7
astral-sh/ruff,2025-Q1,ntBre,85
astral-sh/ruff,2025-Q1,AlexWaygood,109
astral-sh/ruff,2025-Q1,ericmarkmartin,5
astral-sh/ruff,2025-Q1,mtshiba,7
astral-sh/ruff,2025-Q1,InSyncWithFoo,99
astral-sh/ruff,2025-Q1,dhruvmanila,62
astral-sh/ruff,2025-Q1,alex-700,2
astral-sh/ruff,2025-Q1,john-science,2
astral-sh/ruff,2025-Q1,dan-wilton,1
astral-sh/ruff,2025-Q1,VascoSch92,14
astral-sh/ruff,2025-Q1,ashb,1
astral-sh/ruff,2025-Q1,dcreager,29
astral-sh/ruff,2025-Q1,junhsonjb,4
astral-sh/ruff,2025-Q1,dylwil3,39
astral-sh/ruff,2025-Q1,zanieb,9
astral-sh/ruff,2025-Q1,thejcannon,1
astral-sh/ruff,2025-Q1,ZedThree,2
astral-sh/ruff,2025-Q1,kaxil,1
astral-sh/ruff,2025-Q1,charliermarsh,15
astral-sh/ruff,2025-Q1,BurntSushi,52
astral-sh/ruff,2025-Q1,mfontanaar,1
astral-sh/ruff,2025-Q1,carljm,19
astral-sh/ruff,2025-Q1,github-actions[bot],5
astral-sh/ruff,2025-Q1,Glyphack,7
astral-sh/ruff,2025-Q1,Daverball,6
astral-sh/ruff,2025-Q1,samypr100,1
astral-sh/ruff,2025-Q1,jgeralnik,2
astral-sh/ruff,2025-Q1,JelleZijlstra,2
astral-sh/ruff,2025-Q1,adamchainz,1
astral-sh/ruff,2025-Q1,dcarrier,2
astral-sh/ruff,2025-Q1,CNSeniorious000,1
astral-sh/ruff,2025-Q1,aripollak,1
astral-sh/ruff,2025-Q1,Viicos,1
astral-sh/ruff,2025-Q1,sobolevn,1
astral-sh/ruff,2025-Q1,purajit,1
astral-sh/ruff,2025-Q1,Skylion007,1
astral-sh/ruff,2025-Q1,ayushbaweja,2
astral-sh/ruff,2025-Q1,vladNed,3
astral-sh/ruff,2025-Q1,ibraheemdev,1
astral-sh/ruff,2025-Q1,smokyabdulrahman,1
astral-sh/ruff,2025-Q1,carlosgmartin,1
astral-sh/ruff,2025-Q1,RayBB,1
astral-sh/ruff,2025-Q1,anordin95,2
astral-sh/ruff,2025-Q1,jbramley,1
astral-sh/ruff,2025-Q1,tjkuson,6
astral-sh/ruff,2025-Q1,leotaku,1
astral-sh/ruff,2025-Q1,Garrett-R,2
astral-sh/ruff,2025-Q1,marekhanus,1
astral-sh/ruff,2025-Q1,naslundx,1
astral-sh/ruff,2025-Q1,sunank200,1
astral-sh/ruff,2025-Q1,kiran-4444,1
astral-sh/ruff,2025-Q1,calumy,2
astral-sh/ruff,2025-Q1,wooly18,2
astral-sh/ruff,2025-Q1,wlach,1
astral-sh/ruff,2025-Q1,tsugumi-sys,1
astral-sh/ruff,2025-Q1,guillaumeLepape,1
astral-sh/ruff,2025-Q1,augustelalande,3
astral-sh/ruff,2025-Q1,AntoineD,1
astral-sh/ruff,2025-Q1,joouha,1
astral-sh/ruff,2025-Q1,rtpg,1
astral-sh/ruff,2025-Q1,viccie30,1
astral-sh/ruff,2025-Q1,diceroll123,1
astral-sh/ruff,2025-Q1,eclbg,1
astral-sh/ruff,2025-Q1,Avasam,1
astral-sh/ruff,2025-Q1,w0nder1ng,1
astral-sh/ruff,2025-Q1,mdbernard,1
astral-sh/ruff,2025-Q2,robsdedude,12
astral-sh/ruff,2025-Q2,MeGaGiGaGon,31
astral-sh/ruff,2025-Q2,carljm,51
astral-sh/ruff,2025-Q2,danparizher,4
astral-sh/ruff,2025-Q2,adriencaccia,1
astral-sh/ruff,2025-Q2,CodeMan62,3
astral-sh/ruff,2025-Q2,sharkdp,110
astral-sh/ruff,2025-Q2,renovate[bot],151
astral-sh/ruff,2025-Q2,med1844,3
astral-sh/ruff,2025-Q2,InSyncWithFoo,12
astral-sh/ruff,2025-Q2,mtshiba,8
astral-sh/ruff,2025-Q2,ibraheemdev,9
astral-sh/ruff,2025-Q2,MichaReiser,132
astral-sh/ruff,2025-Q2,AlexWaygood,136
astral-sh/ruff,2025-Q2,dcreager,31
astral-sh/ruff,2025-Q2,ntBre,75
astral-sh/ruff,2025-Q2,BurntSushi,87
astral-sh/ruff,2025-Q2,MatthewMckee4,20
astral-sh/ruff,2025-Q2,jordyjwilliams,1
astral-sh/ruff,2025-Q2,yairp03,1
astral-sh/ruff,2025-Q2,LaBatata101,42
astral-sh/ruff,2025-Q2,dylwil3,47
astral-sh/ruff,2025-Q2,njhearp,3
astral-sh/ruff,2025-Q2,JosiahKane,1
astral-sh/ruff,2025-Q2,chirizxc,11
astral-sh/ruff,2025-Q2,krikera,1
astral-sh/ruff,2025-Q2,dhruvmanila,40
astral-sh/ruff,2025-Q2,IDrokin117,1
astral-sh/ruff,2025-Q2,lubaskinc0de,1
astral-sh/ruff,2025-Q2,suneettipirneni,2
astral-sh/ruff,2025-Q2,VascoSch92,19
astral-sh/ruff,2025-Q2,charliermarsh,14
astral-sh/ruff,2025-Q2,hmvp,1
astral-sh/ruff,2025-Q2,GideonBear,1
astral-sh/ruff,2025-Q2,yunchipang,7
astral-sh/ruff,2025-Q2,codex-maintainers,2
astral-sh/ruff,2025-Q2,dericcrago,1
astral-sh/ruff,2025-Q2,Andrej730,1
astral-sh/ruff,2025-Q2,RazerM,2
astral-sh/ruff,2025-Q2,sobolevn,1
astral-sh/ruff,2025-Q2,zanieb,12
astral-sh/ruff,2025-Q2,mashehu,1
astral-sh/ruff,2025-Q2,alpaylan,1
astral-sh/ruff,2025-Q2,felixscherz,4
astral-sh/ruff,2025-Q2,abhijeetbodas2001,9
astral-sh/ruff,2025-Q2,twentyone212121,5
astral-sh/ruff,2025-Q2,close2code-palm,1
astral-sh/ruff,2025-Q2,github-actions[bot],6
astral-sh/ruff,2025-Q2,K-dash,1
astral-sh/ruff,2025-Q2,grievejia,1
astral-sh/ruff,2025-Q2,thejchap,7
astral-sh/ruff,2025-Q2,DetachHead,2
astral-sh/ruff,2025-Q2,benbaror,1
astral-sh/ruff,2025-Q2,shimies,1
astral-sh/ruff,2025-Q2,Viicos,1
astral-sh/ruff,2025-Q2,lipefree,6
astral-sh/ruff,2025-Q2,otakutyrant,2
astral-sh/ruff,2025-Q2,Lee-W,33
astral-sh/ruff,2025-Q2,naslundx,3
astral-sh/ruff,2025-Q2,vjurczenia,1
astral-sh/ruff,2025-Q2,Kalmaegi,11
astral-sh/ruff,2025-Q2,fennr,1
astral-sh/ruff,2025-Q2,maxmynter,15
astral-sh/ruff,2025-Q2,MaddyGuthridge,1
astral-sh/ruff,2025-Q2,Vasanth-96,1
astral-sh/ruff,2025-Q2,dsherret,1
astral-sh/ruff,2025-Q2,j178,2
astral-sh/ruff,2025-Q2,brandtbucher,1
astral-sh/ruff,2025-Q2,brainwane,1
astral-sh/ruff,2025-Q2,Mathemmagician,1
astral-sh/ruff,2025-Q2,adamaaronson,1
astral-sh/ruff,2025-Q2,EmilyBZhang,1
astral-sh/ruff,2025-Q2,dragon-dxw,1
astral-sh/ruff,2025-Q2,kiran-4444,2
astral-sh/ruff,2025-Q2,TomerBin,1
astral-sh/ruff,2025-Q2,bombsimon,1
astral-sh/ruff,2025-Q2,Usul-Dev,1
astral-sh/ruff,2025-Q2,DimitriPapadopoulos,1
astral-sh/ruff,2025-Q2,lukeanderson93,1
astral-sh/ruff,2025-Q2,swnb,1
astral-sh/ruff,2025-Q2,Rogdham,1
astral-sh/ruff,2025-Q2,omahs,1
astral-sh/ruff,2025-Q2,Glyphack,3
astral-sh/ruff,2025-Q2,Gankra,5
astral-sh/ruff,2025-Q2,ercbot,1
astral-sh/ruff,2025-Q2,brendancooley,1
astral-sh/ruff,2025-Q2,Jie211,1
astral-sh/ruff,2025-Q2,camper42,1
astral-sh/ruff,2025-Q2,knavdeep152002,1
astral-sh/ruff,2025-Q2,Daverball,2
astral-sh/ruff,2025-Q2,w0nder1ng,2
astral-sh/ruff,2025-Q2,ericmarkmartin,2
astral-sh/ruff,2025-Q2,jnooree,1
astral-sh/ruff,2025-Q2,cake-monotone,4
astral-sh/ruff,2025-Q2,mishamsk,2
astral-sh/ruff,2025-Q2,Skylion007,1
astral-sh/ruff,2025-Q2,browniebroke,1
astral-sh/ruff,2025-Q2,trag1c,1
astral-sh/ruff,2025-Q2,amin-not-found,1
astral-sh/ruff,2025-Q2,akx,1
astral-sh/ruff,2025-Q2,manzt,1
astral-sh/ruff,2025-Q3,IDrokin117,7
astral-sh/ruff,2025-Q3,Lee-W,6
astral-sh/ruff,2025-Q3,danparizher,48
astral-sh/ruff,2025-Q3,ntBre,73
astral-sh/ruff,2025-Q3,sharkdp,109
astral-sh/ruff,2025-Q3,AlexWaygood,125
astral-sh/ruff,2025-Q3,dcreager,24
astral-sh/ruff,2025-Q3,MichaReiser,71
astral-sh/ruff,2025-Q3,renovate[bot],132
astral-sh/ruff,2025-Q3,TaKO8Ki,14
astral-sh/ruff,2025-Q3,LilMonk,1
astral-sh/ruff,2025-Q3,dylwil3,31
astral-sh/ruff,2025-Q3,fgiacome,2
astral-sh/ruff,2025-Q3,11happy,4
astral-sh/ruff,2025-Q3,mgiovani,1
astral-sh/ruff,2025-Q3,dhruvmanila,37
astral-sh/ruff,2025-Q3,Gankra,20
astral-sh/ruff,2025-Q3,ibraheemdev,17
astral-sh/ruff,2025-Q3,second-ed,1
astral-sh/ruff,2025-Q3,amyreese,8
astral-sh/ruff,2025-Q3,mtshiba,8
astral-sh/ruff,2025-Q3,ShikChen,1
astral-sh/ruff,2025-Q3,Renkai,4
astral-sh/ruff,2025-Q3,PieterCK,1
astral-sh/ruff,2025-Q3,MatthewMckee4,18
astral-sh/ruff,2025-Q3,thejchap,7
astral-sh/ruff,2025-Q3,mmlb,2
astral-sh/ruff,2025-Q3,Guillaume-Fgt,1
astral-sh/ruff,2025-Q3,GDYendell,1
astral-sh/ruff,2025-Q3,BurntSushi,70
astral-sh/ruff,2025-Q3,RazerM,4
astral-sh/ruff,2025-Q3,ericmarkmartin,3
astral-sh/ruff,2025-Q3,chirizxc,15
astral-sh/ruff,2025-Q3,ShaharNaveh,2
astral-sh/ruff,2025-Q3,njhearp,1
astral-sh/ruff,2025-Q3,Glyphack,2
astral-sh/ruff,2025-Q3,carljm,30
astral-sh/ruff,2025-Q3,salahelfarissi,1
astral-sh/ruff,2025-Q3,github-actions[bot],13
astral-sh/ruff,2025-Q3,woodruffw,1
astral-sh/ruff,2025-Q3,SkyBird233,1
astral-sh/ruff,2025-Q3,LoicRiegel,1
astral-sh/ruff,2025-Q3,CodeMan62,5
astral-sh/ruff,2025-Q3,zanieb,9
astral-sh/ruff,2025-Q3,onerandomusername,1
astral-sh/ruff,2025-Q3,ferdnyc,1
astral-sh/ruff,2025-Q3,JelleZijlstra,5
astral-sh/ruff,2025-Q3,charliermarsh,4
astral-sh/ruff,2025-Q3,s-rigaud,1
astral-sh/ruff,2025-Q3,PrettyWood,4
astral-sh/ruff,2025-Q3,Kalmaegi,2
astral-sh/ruff,2025-Q3,liortct,1
astral-sh/ruff,2025-Q3,kotx,1
astral-sh/ruff,2025-Q3,leandrobbraga,3
astral-sh/ruff,2025-Q3,hirehamir,1
astral-sh/ruff,2025-Q3,Avasam,3
astral-sh/ruff,2025-Q3,vivster7,1
astral-sh/ruff,2025-Q3,maxmynter,1
astral-sh/ruff,2025-Q3,Cjkjvfnby,1
astral-sh/ruff,2025-Q3,gkowzan,1
astral-sh/ruff,2025-Q3,theammir,1
astral-sh/ruff,2025-Q3,ffgan,1
astral-sh/ruff,2025-Q3,deliro,2
astral-sh/ruff,2025-Q3,harupy,1
astral-sh/ruff,2025-Q3,nguu0123,1
astral-sh/ruff,2025-Q3,prabhusneha,1
astral-sh/ruff,2025-Q3,ember91,1
astral-sh/ruff,2025-Q3,oconnor663,10
astral-sh/ruff,2025-Q3,UnboundVariable,16
astral-sh/ruff,2025-Q3,silamon,1
astral-sh/ruff,2025-Q3,jscanvic,1
astral-sh/ruff,2025-Q3,cristian64,1
astral-sh/ruff,2025-Q3,ngroman,1
astral-sh/ruff,2025-Q3,MeGaGiGaGon,36
astral-sh/ruff,2025-Q3,hunterhogan,1
astral-sh/ruff,2025-Q3,harshil21,1
astral-sh/ruff,2025-Q3,jimhoekstra,1
astral-sh/ruff,2025-Q3,Luunynliny,1
astral-sh/ruff,2025-Q3,junhsonjb,2
astral-sh/ruff,2025-Q3,DimitriPapadopoulos,1
astral-sh/ruff,2025-Q3,clockback,1
astral-sh/ruff,2025-Q3,robsdedude,2
astral-sh/ruff,2025-Q3,soundsonacid,4
astral-sh/ruff,2025-Q3,corneliusroemer,1
astral-sh/ruff,2025-Q3,close2code-palm,1
astral-sh/ruff,2025-Q3,w0nder1ng,1
astral-sh/ruff,2025-Q3,LaBatata101,1
astral-sh/ruff,2025-Q3,fdosani,1
astral-sh/ruff,2025-Q3,InSyncWithFoo,1
astral-sh/ruff,2025-Q3,iyakushev,1
astral-sh/ruff,2025-Q3,NamelessGO,2
astral-sh/ruff,2025-Q3,abhijeetbodas2001,1
astral-sh/ruff,2025-Q3,LeanderCS,1
astral-sh/ruff,2025-Q3,lubaskinc0de,1
astral-sh/ruff,2025-Q4,AlexWaygood,136
astral-sh/ruff,2025-Q4,ntBre,42
astral-sh/ruff,2025-Q4,ValdonVitija,1
astral-sh/ruff,2025-Q4,sinon,3
astral-sh/ruff,2025-Q4,MatthewMckee4,24
astral-sh/ruff,2025-Q4,charliermarsh,34
astral-sh/ruff,2025-Q4,ibraheemdev,34
astral-sh/ruff,2025-Q4,github-actions[bot],7
astral-sh/ruff,2025-Q4,sjyangkevin,1
astral-sh/ruff,2025-Q4,RasmusNygren,13
astral-sh/ruff,2025-Q4,renovate[bot],132
astral-sh/ruff,2025-Q4,mtshiba,25
astral-sh/ruff,2025-Q4,ericmarkmartin,3
astral-sh/ruff,2025-Q4,harupy,2
astral-sh/ruff,2025-Q4,samypr100,1
astral-sh/ruff,2025-Q4,MichaReiser,152
astral-sh/ruff,2025-Q4,carljm,26
astral-sh/ruff,2025-Q4,silamon,3
astral-sh/ruff,2025-Q4,oconnor663,8
astral-sh/ruff,2025-Q4,Wizzerinus,1
astral-sh/ruff,2025-Q4,cenviity,1
astral-sh/ruff,2025-Q4,woodruffw,10
astral-sh/ruff,2025-Q4,PeterJCLaw,2
astral-sh/ruff,2025-Q4,WillDuke,1
astral-sh/ruff,2025-Q4,Hugo-Polloli,2
astral-sh/ruff,2025-Q4,cbachhuber,1
astral-sh/ruff,2025-Q4,Gankra,47
astral-sh/ruff,2025-Q4,sharkdp,102
astral-sh/ruff,2025-Q4,dcreager,42
astral-sh/ruff,2025-Q4,amyreese,13
astral-sh/ruff,2025-Q4,dylwil3,14
astral-sh/ruff,2025-Q4,BurntSushi,52
astral-sh/ruff,2025-Q4,mahiro72,3
astral-sh/ruff,2025-Q4,hauntsaninja,1
astral-sh/ruff,2025-Q4,chirizxc,8
astral-sh/ruff,2025-Q4,11happy,13
astral-sh/ruff,2025-Q4,charliecloudberry,2
astral-sh/ruff,2025-Q4,phongddo,2
astral-sh/ruff,2025-Q4,zanieb,4
astral-sh/ruff,2025-Q4,dhruvmanila,17
astral-sh/ruff,2025-Q4,leandrobbraga,1
astral-sh/ruff,2025-Q4,lucach,5
astral-sh/ruff,2025-Q4,denyszhak,2
astral-sh/ruff,2025-Q4,Avasam,1
astral-sh/ruff,2025-Q4,LoicRiegel,4
astral-sh/ruff,2025-Q4,prakhar1144,3
astral-sh/ruff,2025-Q4,lmmx,1
astral-sh/ruff,2025-Q4,danparizher,35
astral-sh/ruff,2025-Q4,kieran-ryan,1
astral-sh/ruff,2025-Q4,ShaharNaveh,4
astral-sh/ruff,2025-Q4,tsvikas,1
astral-sh/ruff,2025-Q4,JumboBear,1
astral-sh/ruff,2025-Q4,mikeleppane,1
astral-sh/ruff,2025-Q4,senekor,1
astral-sh/ruff,2025-Q4,Ruchir28,1
astral-sh/ruff,2025-Q4,thejcannon,1
astral-sh/ruff,2025-Q4,thamer,1
astral-sh/ruff,2025-Q4,gauthsvenkat,2
astral-sh/ruff,2025-Q4,pyscripter,1
astral-sh/ruff,2025-Q4,njhearp,2
astral-sh/ruff,2025-Q4,Glyphack,1
astral-sh/ruff,2025-Q4,saada,2
astral-sh/ruff,2025-Q4,thejchap,1
astral-sh/ruff,2025-Q4,henryiii,1
astral-sh/ruff,2025-Q4,hugovk,1
astral-sh/ruff,2025-Q4,musicinmybrain,2
astral-sh/ruff,2025-Q4,Lee-W,4
astral-sh/ruff,2025-Q4,tjkuson,1
astral-sh/ruff,2025-Q4,jvacek,1
astral-sh/ruff,2025-Q4,TaKO8Ki,15
astral-sh/ruff,2025-Q4,augustelalande,2
astral-sh/ruff,2025-Q4,fatelei,2
astral-sh/ruff,2025-Q4,decorator-factory,1
astral-sh/ruff,2025-Q4,hengky-kurniawan-1,1
astral-sh/ruff,2025-Q4,robsdedude,1
astral-sh/ruff,2025-Q4,ShalokShalom,1
astral-sh/ruff,2025-Q4,Renkai,2
astral-sh/ruff,2025-Q4,InvalidPathException,2
astral-sh/ruff,2025-Q4,injust,1
astral-sh/ruff,2025-Q4,esadek,1
astral-sh/ruff,2025-Q4,Paillat-dev,1
astral-sh/ruff,2025-Q4,CarrotManMatt,1
astral-sh/ruff,2025-Q4,mgaitan,1
astral-sh/ruff,2025-Q4,ageorgou,1
astral-sh/ruff,2025-Q4,pieterh-oai,1
astral-sh/ruff,2025-Q4,terror,2
astral-sh/ruff,2025-Q4,IDrokin117,1
astral-sh/ruff,2025-Q4,Danielkonge,1
inngest/inngest,2023-Q1,jpwilliams,26
inngest/inngest,2023-Q1,tonyhb,101
inngest/inngest,2023-Q1,djfarrelly,117
inngest/inngest,2023-Q1,IGassmann,4
inngest/inngest,2023-Q1,dependabot[bot],1
inngest/inngest,2023-Q1,amh4r,2
inngest/inngest,2023-Q1,EdPoole,61
inngest/inngest,2023-Q2,IGassmann,12
inngest/inngest,2023-Q2,tonyhb,102
inngest/inngest,2023-Q2,djfarrelly,60
inngest/inngest,2023-Q2,anafilipadealmeida,9
inngest/inngest,2023-Q2,darwin67,8
inngest/inngest,2023-Q2,amh4r,4
inngest/inngest,2023-Q2,jpwilliams,8
inngest/inngest,2023-Q2,EdPoole,8
inngest/inngest,2023-Q3,djfarrelly,29
inngest/inngest,2023-Q3,anafilipadealmeida,46
inngest/inngest,2023-Q3,tonyhb,123
inngest/inngest,2023-Q3,darwin67,10
inngest/inngest,2023-Q3,amh4r,21
inngest/inngest,2023-Q3,jpwilliams,15
inngest/inngest,2023-Q3,IGassmann,8
inngest/inngest,2023-Q3,joelhooks,26
inngest/inngest,2023-Q3,dependabot[bot],1
inngest/inngest,2023-Q3,EdPoole,5
inngest/inngest,2023-Q4,tonyhb,52
inngest/inngest,2023-Q4,IGassmann,89
inngest/inngest,2023-Q4,amh4r,100
inngest/inngest,2023-Q4,sylwiavargas,3
inngest/inngest,2023-Q4,darwin67,22
inngest/inngest,2023-Q4,anafilipadealmeida,60
inngest/inngest,2023-Q4,djfarrelly,49
inngest/inngest,2023-Q4,dependabot[bot],7
inngest/inngest,2023-Q4,jpwilliams,38
inngest/inngest,2023-Q4,vm,1
inngest/inngest,2023-Q4,joelhooks,6
inngest/inngest,2024-Q1,jpwilliams,30
inngest/inngest,2024-Q1,amh4r,79
inngest/inngest,2024-Q1,djfarrelly,70
inngest/inngest,2024-Q1,darwin67,15
inngest/inngest,2024-Q1,IGassmann,64
inngest/inngest,2024-Q1,anafilipadealmeida,75
inngest/inngest,2024-Q1,albertchae,2
inngest/inngest,2024-Q1,tonyhb,54
inngest/inngest,2024-Q1,sylwiavargas,21
inngest/inngest,2024-Q1,MonsterDeveloper,1
inngest/inngest,2024-Q2,jacobheric,14
inngest/inngest,2024-Q2,tonyhb,32
inngest/inngest,2024-Q2,BrunoScheufler,13
inngest/inngest,2024-Q2,amh4r,64
inngest/inngest,2024-Q2,jpwilliams,9
inngest/inngest,2024-Q2,djfarrelly,13
inngest/inngest,2024-Q2,cdzombak,12
inngest/inngest,2024-Q2,anafilipadealmeida,42
inngest/inngest,2024-Q2,darwin67,46
inngest/inngest,2024-Q2,arjunyel,1
inngest/inngest,2024-Q2,dependabot[bot],1
inngest/inngest,2024-Q3,anafilipadealmeida,40
inngest/inngest,2024-Q3,jacobheric,55
inngest/inngest,2024-Q3,BrunoScheufler,15
inngest/inngest,2024-Q3,amh4r,62
inngest/inngest,2024-Q3,darwin67,24
inngest/inngest,2024-Q3,djfarrelly,13
inngest/inngest,2024-Q3,jpwilliams,19
inngest/inngest,2024-Q3,tonyhb,12
inngest/inngest,2024-Q3,cdzombak,8
inngest/inngest,2024-Q3,dependabot[bot],1
inngest/inngest,2024-Q4,anafilipadealmeida,38
inngest/inngest,2024-Q4,tonyhb,21
inngest/inngest,2024-Q4,jacobheric,21
inngest/inngest,2024-Q4,djfarrelly,10
inngest/inngest,2024-Q4,BrunoScheufler,41
inngest/inngest,2024-Q4,cmanou,1
inngest/inngest,2024-Q4,amh4r,20
inngest/inngest,2024-Q4,jpwilliams,6
inngest/inngest,2024-Q4,cdzombak,7
inngest/inngest,2024-Q4,darwin67,22
inngest/inngest,2024-Q4,carstenlebek,1
inngest/inngest,2024-Q4,dependabot[bot],1
inngest/inngest,2024-Q4,charlesfrisbee,1
inngest/inngest,2025-Q1,amh4r,29
inngest/inngest,2025-Q1,jpwilliams,17
inngest/inngest,2025-Q1,BrunoScheufler,44
inngest/inngest,2025-Q1,jacobheric,29
inngest/inngest,2025-Q1,anafilipadealmeida,41
inngest/inngest,2025-Q1,tonyhb,20
inngest/inngest,2025-Q1,dependabot[bot],6
inngest/inngest,2025-Q1,djfarrelly,19
inngest/inngest,2025-Q1,darwin67,6
inngest/inngest,2025-Q1,cdzombak,13
inngest/inngest,2025-Q1,delucis,1
inngest/inngest,2025-Q2,albertchae,19
inngest/inngest,2025-Q2,tonyhb,31
inngest/inngest,2025-Q2,amh4r,18
inngest/inngest,2025-Q2,dependabot[bot],7
inngest/inngest,2025-Q2,darwin67,58
inngest/inngest,2025-Q2,BrunoScheufler,68
inngest/inngest,2025-Q2,KiKoS0,15
inngest/inngest,2025-Q2,jacobheric,22
inngest/inngest,2025-Q2,jpwilliams,13
inngest/inngest,2025-Q2,jakobevangelista,5
inngest/inngest,2025-Q2,anafilipadealmeida,27
inngest/inngest,2025-Q2,djfarrelly,2
inngest/inngest,2025-Q2,cdzombak,10
inngest/inngest,2025-Q2,cmanou,1
inngest/inngest,2025-Q2,liby,1
inngest/inngest,2025-Q3,lkasinathan,12
inngest/inngest,2025-Q3,jpwilliams,32
inngest/inngest,2025-Q3,amh4r,22
inngest/inngest,2025-Q3,BrunoScheufler,30
inngest/inngest,2025-Q3,whatupjohnb,9
inngest/inngest,2025-Q3,KiKoS0,32
inngest/inngest,2025-Q3,jacobheric,22
inngest/inngest,2025-Q3,Linell,5
inngest/inngest,2025-Q3,anafilipadealmeida,23
inngest/inngest,2025-Q3,AndyInternet,34
inngest/inngest,2025-Q3,albertchae,18
inngest/inngest,2025-Q3,djfarrelly,2
inngest/inngest,2025-Q3,_name:doverdbng,55
inngest/inngest,2025-Q3,tonyhb,17
inngest/inngest,2025-Q3,sanjanaladdha,4
inngest/inngest,2025-Q3,darwin67,21
inngest/inngest,2025-Q3,jakobevangelista,24
inngest/inngest,2025-Q3,dependabot[bot],1
inngest/inngest,2025-Q3,mdlavin,1
inngest/inngest,2025-Q4,jacobheric,45
inngest/inngest,2025-Q4,djfarrelly,19
inngest/inngest,2025-Q4,tonyhb,41
inngest/inngest,2025-Q4,albertchae,11
inngest/inngest,2025-Q4,BrunoScheufler,40
inngest/inngest,2025-Q4,KiKoS0,22
inngest/inngest,2025-Q4,lkasinathan,16
inngest/inngest,2025-Q4,AndyInternet,19
inngest/inngest,2025-Q4,jakobevangelista,11
inngest/inngest,2025-Q4,jpwilliams,8
inngest/inngest,2025-Q4,rhino1998,35
inngest/inngest,2025-Q4,Linell,9
inngest/inngest,2025-Q4,mar-inngest,17
inngest/inngest,2025-Q4,whatupjohnb,3
inngest/inngest,2025-Q4,amh4r,11
inngest/inngest,2025-Q4,campbell88,1
inngest/inngest,2025-Q4,dependabot[bot],1
inngest/inngest,2025-Q4,darwin67,4
inngest/inngest,2025-Q4,_name:doverdbng,26
inngest/inngest,2025-Q4,Copilot,2
inngest/inngest,2025-Q4,tedjames,1
inngest/inngest,2025-Q4,anafilipadealmeida,1
inngest/inngest,2025-Q4,sanjanaladdha,2
milvus-io/milvus,2023-Q1,soothing-rain,9
milvus-io/milvus,2023-Q1,sre-ci-robot,26
milvus-io/milvus,2023-Q1,XuanYang-cn,9
milvus-io/milvus,2023-Q1,congqixia,53
milvus-io/milvus,2023-Q1,aoiasd,13
milvus-io/milvus,2023-Q1,smellthemoon,21
milvus-io/milvus,2023-Q1,cydrain,9
milvus-io/milvus,2023-Q1,yiwangdr,1
milvus-io/milvus,2023-Q1,yah01,64
milvus-io/milvus,2023-Q1,czs007,6
milvus-io/milvus,2023-Q1,bigsheeper,11
milvus-io/milvus,2023-Q1,weiliu1031,27
milvus-io/milvus,2023-Q1,longjiquan,19
milvus-io/milvus,2023-Q1,jiaoew1991,28
milvus-io/milvus,2023-Q1,xiaofan-luan,23
milvus-io/milvus,2023-Q1,zhuwenxing,30
milvus-io/milvus,2023-Q1,matrixji,1
milvus-io/milvus,2023-Q1,sunby,7
milvus-io/milvus,2023-Q1,xiaocai2333,17
milvus-io/milvus,2023-Q1,chasingegg,3
milvus-io/milvus,2023-Q1,_name:Bennu,17
milvus-io/milvus,2023-Q1,NicoYuan1986,28
milvus-io/milvus,2023-Q1,SimFG,9
milvus-io/milvus,2023-Q1,binbinlv,10
milvus-io/milvus,2023-Q1,zhagnlu,1
milvus-io/milvus,2023-Q1,xige-16,2
milvus-io/milvus,2023-Q1,MrPresent-Han,3
milvus-io/milvus,2023-Q1,LoveEachDay,3
milvus-io/milvus,2023-Q1,presburger,3
milvus-io/milvus,2023-Q1,huanghaoyuanhhy,1
milvus-io/milvus,2023-Q1,yhmo,7
milvus-io/milvus,2023-Q1,wayblink,12
milvus-io/milvus,2023-Q1,ThreadDao,5
milvus-io/milvus,2023-Q1,haorenfsa,1
milvus-io/milvus,2023-Q1,jaime0815,14
milvus-io/milvus,2023-Q1,yanliang567,4
milvus-io/milvus,2023-Q1,_name:Sheldon,1
milvus-io/milvus,2023-Q1,liliu-z,2
milvus-io/milvus,2023-Q1,filip-halt,1
milvus-io/milvus,2023-Q1,KubrickLiu,1
milvus-io/milvus,2023-Q2,sre-ci-robot,52
milvus-io/milvus,2023-Q2,yah01,51
milvus-io/milvus,2023-Q2,xiaocai2333,24
milvus-io/milvus,2023-Q2,xige-16,6
milvus-io/milvus,2023-Q2,smellthemoon,19
milvus-io/milvus,2023-Q2,ThreadDao,8
milvus-io/milvus,2023-Q2,chasingegg,6
milvus-io/milvus,2023-Q2,bigsheeper,49
milvus-io/milvus,2023-Q2,NicoYuan1986,37
milvus-io/milvus,2023-Q2,congqixia,87
milvus-io/milvus,2023-Q2,xiaofan-luan,11
milvus-io/milvus,2023-Q2,binbinlv,6
milvus-io/milvus,2023-Q2,weiliu1031,40
milvus-io/milvus,2023-Q2,longjiquan,23
milvus-io/milvus,2023-Q2,wayblink,10
milvus-io/milvus,2023-Q2,SimFG,7
milvus-io/milvus,2023-Q2,yiwangdr,3
milvus-io/milvus,2023-Q2,zhuwenxing,33
milvus-io/milvus,2023-Q2,jaime0815,3
milvus-io/milvus,2023-Q2,cydrain,13
milvus-io/milvus,2023-Q2,chyezh,4
milvus-io/milvus,2023-Q2,jiaoew1991,28
milvus-io/milvus,2023-Q2,aoiasd,9
milvus-io/milvus,2023-Q2,PowderLi,1
milvus-io/milvus,2023-Q2,zhagnlu,6
milvus-io/milvus,2023-Q2,sunby,7
milvus-io/milvus,2023-Q2,shunjiezhao,1
milvus-io/milvus,2023-Q2,cqy123456,2
milvus-io/milvus,2023-Q2,MrPresent-Han,8
milvus-io/milvus,2023-Q2,_name:Bennu,7
milvus-io/milvus,2023-Q2,cuishuang,1
milvus-io/milvus,2023-Q2,caesarjuly,2
milvus-io/milvus,2023-Q2,yhmo,7
milvus-io/milvus,2023-Q2,dependabot[bot],4
milvus-io/milvus,2023-Q2,yanliang567,2
milvus-io/milvus,2023-Q2,bryanwux,1
milvus-io/milvus,2023-Q2,czs007,5
milvus-io/milvus,2023-Q2,preetham,4
milvus-io/milvus,2023-Q2,git-hulk,1
milvus-io/milvus,2023-Q2,presburger,2
milvus-io/milvus,2023-Q2,JackLCL,1
milvus-io/milvus,2023-Q2,CNLHC,1
milvus-io/milvus,2023-Q2,eltociear,1
milvus-io/milvus,2023-Q2,foxspy,2
milvus-io/milvus,2023-Q2,jjyaoao,1
milvus-io/milvus,2023-Q2,XuanYang-cn,4
milvus-io/milvus,2023-Q2,LeoReeYang,1
milvus-io/milvus,2023-Q2,panjf2000,1
milvus-io/milvus,2023-Q3,bigsheeper,33
milvus-io/milvus,2023-Q3,yah01,84
milvus-io/milvus,2023-Q3,czs007,4
milvus-io/milvus,2023-Q3,xiaocai2333,25
milvus-io/milvus,2023-Q3,longjiquan,23
milvus-io/milvus,2023-Q3,congqixia,108
milvus-io/milvus,2023-Q3,zhuwenxing,37
milvus-io/milvus,2023-Q3,SimFG,15
milvus-io/milvus,2023-Q3,MrPresent-Han,22
milvus-io/milvus,2023-Q3,sre-ci-robot,45
milvus-io/milvus,2023-Q3,jiaoew1991,24
milvus-io/milvus,2023-Q3,weiliu1031,53
milvus-io/milvus,2023-Q3,XuanYang-cn,20
milvus-io/milvus,2023-Q3,NicoYuan1986,29
milvus-io/milvus,2023-Q3,yanliang567,1
milvus-io/milvus,2023-Q3,jaime0815,12
milvus-io/milvus,2023-Q3,wayblink,12
milvus-io/milvus,2023-Q3,foxspy,6
milvus-io/milvus,2023-Q3,aoiasd,8
milvus-io/milvus,2023-Q3,xige-16,13
milvus-io/milvus,2023-Q3,chasingegg,8
milvus-io/milvus,2023-Q3,smellthemoon,13
milvus-io/milvus,2023-Q3,xiaofan-luan,7
milvus-io/milvus,2023-Q3,_name:Bennu,20
milvus-io/milvus,2023-Q3,PowderLi,5
milvus-io/milvus,2023-Q3,binbinlv,3
milvus-io/milvus,2023-Q3,chyezh,8
milvus-io/milvus,2023-Q3,cqy123456,5
milvus-io/milvus,2023-Q3,yiwangdr,3
milvus-io/milvus,2023-Q3,unfode,1
milvus-io/milvus,2023-Q3,Writer-X,2
milvus-io/milvus,2023-Q3,zhagnlu,12
milvus-io/milvus,2023-Q3,bjzhjing,1
milvus-io/milvus,2023-Q3,cydrain,7
milvus-io/milvus,2023-Q3,yhmo,5
milvus-io/milvus,2023-Q3,ThreadDao,2
milvus-io/milvus,2023-Q3,liliu-z,2
milvus-io/milvus,2023-Q3,_name:Patrick Weizhi Xu,1
milvus-io/milvus,2023-Q3,sunby,14
milvus-io/milvus,2023-Q3,xiedeyantu,1
milvus-io/milvus,2023-Q3,filip-halt,1
milvus-io/milvus,2023-Q3,tedyu,2
milvus-io/milvus,2023-Q3,haorenfsa,1
milvus-io/milvus,2023-Q3,presburger,1
milvus-io/milvus,2023-Q3,eltociear,1
milvus-io/milvus,2023-Q4,PowderLi,21
milvus-io/milvus,2023-Q4,longjiquan,19
milvus-io/milvus,2023-Q4,yiwangdr,1
milvus-io/milvus,2023-Q4,xiaocai2333,17
milvus-io/milvus,2023-Q4,zhagnlu,12
milvus-io/milvus,2023-Q4,smellthemoon,14
milvus-io/milvus,2023-Q4,sre-ci-robot,41
milvus-io/milvus,2023-Q4,xige-16,5
milvus-io/milvus,2023-Q4,congqixia,98
milvus-io/milvus,2023-Q4,MrPresent-Han,12
milvus-io/milvus,2023-Q4,weiliu1031,48
milvus-io/milvus,2023-Q4,yellow-shine,15
milvus-io/milvus,2023-Q4,XuanYang-cn,36
milvus-io/milvus,2023-Q4,yah01,68
milvus-io/milvus,2023-Q4,chasingegg,9
milvus-io/milvus,2023-Q4,shanghaikid,2
milvus-io/milvus,2023-Q4,aoiasd,27
milvus-io/milvus,2023-Q4,cqy123456,3
milvus-io/milvus,2023-Q4,SimFG,17
milvus-io/milvus,2023-Q4,NicoYuan1986,32
milvus-io/milvus,2023-Q4,chyezh,2
milvus-io/milvus,2023-Q4,bigsheeper,19
milvus-io/milvus,2023-Q4,zhuwenxing,18
milvus-io/milvus,2023-Q4,xiaofan-luan,15
milvus-io/milvus,2023-Q4,sunby,14
milvus-io/milvus,2023-Q4,cydrain,1
milvus-io/milvus,2023-Q4,wayblink,12
milvus-io/milvus,2023-Q4,jiaoew1991,13
milvus-io/milvus,2023-Q4,haorenfsa,3
milvus-io/milvus,2023-Q4,jaime0815,12
milvus-io/milvus,2023-Q4,yhmo,5
milvus-io/milvus,2023-Q4,ThreadDao,2
milvus-io/milvus,2023-Q4,Writer-X,1
milvus-io/milvus,2023-Q4,czs007,6
milvus-io/milvus,2023-Q4,KumaJie,2
milvus-io/milvus,2023-Q4,_name:Bennu,6
milvus-io/milvus,2023-Q4,eltociear,1
milvus-io/milvus,2023-Q4,ulovecode,1
milvus-io/milvus,2023-Q4,filip-halt,1
milvus-io/milvus,2023-Q4,yanliang567,3
milvus-io/milvus,2023-Q4,_name:Sheldon,4
milvus-io/milvus,2023-Q4,dependabot[bot],3
milvus-io/milvus,2023-Q4,alexanderguzhva,1
milvus-io/milvus,2023-Q4,xiedeyantu,1
milvus-io/milvus,2023-Q4,unfode,1
milvus-io/milvus,2023-Q4,BUPTAnderson,1
milvus-io/milvus,2023-Q4,foxspy,1
milvus-io/milvus,2024-Q1,bigsheeper,38
milvus-io/milvus,2024-Q1,zhuwenxing,30
milvus-io/milvus,2024-Q1,cydrain,7
milvus-io/milvus,2024-Q1,congqixia,113
milvus-io/milvus,2024-Q1,binbinlv,8
milvus-io/milvus,2024-Q1,longjiquan,19
milvus-io/milvus,2024-Q1,xiaocai2333,23
milvus-io/milvus,2024-Q1,MrPresent-Han,16
milvus-io/milvus,2024-Q1,cqy123456,7
milvus-io/milvus,2024-Q1,sunby,32
milvus-io/milvus,2024-Q1,SimFG,11
milvus-io/milvus,2024-Q1,yellow-shine,38
milvus-io/milvus,2024-Q1,tedxu,6
milvus-io/milvus,2024-Q1,weiliu1031,44
milvus-io/milvus,2024-Q1,yhmo,4
milvus-io/milvus,2024-Q1,NicoYuan1986,13
milvus-io/milvus,2024-Q1,sre-ci-robot,33
milvus-io/milvus,2024-Q1,jaime0815,6
milvus-io/milvus,2024-Q1,zhagnlu,20
milvus-io/milvus,2024-Q1,xiaofan-luan,8
milvus-io/milvus,2024-Q1,hishope,1
milvus-io/milvus,2024-Q1,presburger,2
milvus-io/milvus,2024-Q1,alexanderguzhva,2
milvus-io/milvus,2024-Q1,yanliang567,5
milvus-io/milvus,2024-Q1,chyezh,19
milvus-io/milvus,2024-Q1,_name:Patrick Weizhi Xu,2
milvus-io/milvus,2024-Q1,PowderLi,17
milvus-io/milvus,2024-Q1,_name:pingliu,5
milvus-io/milvus,2024-Q1,aoiasd,25
milvus-io/milvus,2024-Q1,ashkrisk,1
milvus-io/milvus,2024-Q1,gcmutator,1
milvus-io/milvus,2024-Q1,foxspy,5
milvus-io/milvus,2024-Q1,XuanYang-cn,32
milvus-io/milvus,2024-Q1,zhengbuqian,8
milvus-io/milvus,2024-Q1,smellthemoon,15
milvus-io/milvus,2024-Q1,chasingegg,2
milvus-io/milvus,2024-Q1,elstic,7
milvus-io/milvus,2024-Q1,wayblink,10
milvus-io/milvus,2024-Q1,guimou,1
milvus-io/milvus,2024-Q1,yah01,30
milvus-io/milvus,2024-Q1,yiwangdr,4
milvus-io/milvus,2024-Q1,czs007,6
milvus-io/milvus,2024-Q1,xige-16,11
milvus-io/milvus,2024-Q1,Writer-X,1
milvus-io/milvus,2024-Q2,wayblink,11
milvus-io/milvus,2024-Q2,zhagnlu,17
milvus-io/milvus,2024-Q2,MrPresent-Han,9
milvus-io/milvus,2024-Q2,zhuwenxing,42
milvus-io/milvus,2024-Q2,congqixia,115
milvus-io/milvus,2024-Q2,yellow-shine,31
milvus-io/milvus,2024-Q2,XuanYang-cn,26
milvus-io/milvus,2024-Q2,weiliu1031,52
milvus-io/milvus,2024-Q2,cydrain,18
milvus-io/milvus,2024-Q2,NicoYuan1986,15
milvus-io/milvus,2024-Q2,chyezh,33
milvus-io/milvus,2024-Q2,ThreadDao,6
milvus-io/milvus,2024-Q2,jaime0815,17
milvus-io/milvus,2024-Q2,cqy123456,10
milvus-io/milvus,2024-Q2,sre-ci-robot,39
milvus-io/milvus,2024-Q2,xige-16,1
milvus-io/milvus,2024-Q2,chasingegg,8
milvus-io/milvus,2024-Q2,xiaocai2333,16
milvus-io/milvus,2024-Q2,bigsheeper,44
milvus-io/milvus,2024-Q2,_name:pingliu,3
milvus-io/milvus,2024-Q2,czs007,6
milvus-io/milvus,2024-Q2,zhikunyao,2
milvus-io/milvus,2024-Q2,jenkoon,2
milvus-io/milvus,2024-Q2,longjiquan,17
milvus-io/milvus,2024-Q2,_name:Patrick Weizhi Xu,2
milvus-io/milvus,2024-Q2,tedxu,13
milvus-io/milvus,2024-Q2,yanliang567,8
milvus-io/milvus,2024-Q2,sunby,13
milvus-io/milvus,2024-Q2,forsaken628,2
milvus-io/milvus,2024-Q2,elstic,4
milvus-io/milvus,2024-Q2,presburger,4
milvus-io/milvus,2024-Q2,shaoting-huang,11
milvus-io/milvus,2024-Q2,smellthemoon,15
milvus-io/milvus,2024-Q2,ArenaSu,3
milvus-io/milvus,2024-Q2,jiangyinzuo,2
milvus-io/milvus,2024-Q2,zhengbuqian,13
milvus-io/milvus,2024-Q2,LoveEachDay,4
milvus-io/milvus,2024-Q2,Ald392,4
milvus-io/milvus,2024-Q2,SimFG,32
milvus-io/milvus,2024-Q2,aoiasd,17
milvus-io/milvus,2024-Q2,yiwangdr,8
milvus-io/milvus,2024-Q2,Light-City,1
milvus-io/milvus,2024-Q2,alexanderguzhva,5
milvus-io/milvus,2024-Q2,PowderLi,7
milvus-io/milvus,2024-Q2,xiaofan-luan,13
milvus-io/milvus,2024-Q2,foxspy,2
milvus-io/milvus,2024-Q2,binbinlv,6
milvus-io/milvus,2024-Q2,liliu-z,1
milvus-io/milvus,2024-Q2,dengxiaohai,1
milvus-io/milvus,2024-Q2,madogar,1
milvus-io/milvus,2024-Q2,haorenfsa,1
milvus-io/milvus,2024-Q3,sre-ci-robot,38
milvus-io/milvus,2024-Q3,congqixia,106
milvus-io/milvus,2024-Q3,smellthemoon,28
milvus-io/milvus,2024-Q3,weiliu1031,52
milvus-io/milvus,2024-Q3,wayblink,25
milvus-io/milvus,2024-Q3,Rijin-N,1
milvus-io/milvus,2024-Q3,jaime0815,24
milvus-io/milvus,2024-Q3,MrPresent-Han,22
milvus-io/milvus,2024-Q3,zhengbuqian,5
milvus-io/milvus,2024-Q3,wangting0128,10
milvus-io/milvus,2024-Q3,xiaocai2333,38
milvus-io/milvus,2024-Q3,SimFG,24
milvus-io/milvus,2024-Q3,chyezh,42
milvus-io/milvus,2024-Q3,NicoYuan1986,6
milvus-io/milvus,2024-Q3,binbinlv,4
milvus-io/milvus,2024-Q3,bigsheeper,43
milvus-io/milvus,2024-Q3,zhagnlu,28
milvus-io/milvus,2024-Q3,zhuwenxing,10
milvus-io/milvus,2024-Q3,aoiasd,12
milvus-io/milvus,2024-Q3,yanliang567,6
milvus-io/milvus,2024-Q3,shaoting-huang,4
milvus-io/milvus,2024-Q3,qixuan0212,1
milvus-io/milvus,2024-Q3,yellow-shine,29
milvus-io/milvus,2024-Q3,tedxu,9
milvus-io/milvus,2024-Q3,sunby,5
milvus-io/milvus,2024-Q3,czs007,4
milvus-io/milvus,2024-Q3,longjiquan,12
milvus-io/milvus,2024-Q3,XuanYang-cn,22
milvus-io/milvus,2024-Q3,fengjun2016,12
milvus-io/milvus,2024-Q3,OxalisCu,2
milvus-io/milvus,2024-Q3,xiaofan-luan,6
milvus-io/milvus,2024-Q3,cqy123456,2
milvus-io/milvus,2024-Q3,abd-770,2
milvus-io/milvus,2024-Q3,foxspy,3
milvus-io/milvus,2024-Q3,ThreadDao,8
milvus-io/milvus,2024-Q3,jiangyinzuo,1
milvus-io/milvus,2024-Q3,_name:Patrick Weizhi Xu,11
milvus-io/milvus,2024-Q3,ashkrisk,2
milvus-io/milvus,2024-Q3,chasingegg,4
milvus-io/milvus,2024-Q3,presburger,2
milvus-io/milvus,2024-Q3,nish112022,1
milvus-io/milvus,2024-Q3,alexanderguzhva,1
milvus-io/milvus,2024-Q3,Reidddddd,1
milvus-io/milvus,2024-Q3,cydrain,1
milvus-io/milvus,2024-Q3,haorenfsa,1
milvus-io/milvus,2024-Q3,PowderLi,2
milvus-io/milvus,2024-Q3,Ald392,2
milvus-io/milvus,2024-Q3,LoveEachDay,1
milvus-io/milvus,2024-Q3,AnthonyTsu1984,1
milvus-io/milvus,2024-Q3,UnyieldingOrca,1
milvus-io/milvus,2024-Q3,alwayslove2013,1
milvus-io/milvus,2024-Q3,_name:pingliu,2
milvus-io/milvus,2024-Q3,balloon1995,1
milvus-io/milvus,2024-Q3,elstic,2
milvus-io/milvus,2024-Q3,charleskakumanu,1
milvus-io/milvus,2024-Q3,dandv,1
milvus-io/milvus,2024-Q4,mimoning,9
milvus-io/milvus,2024-Q4,tinswzy,8
milvus-io/milvus,2024-Q4,zhuwenxing,26
milvus-io/milvus,2024-Q4,ThreadDao,8
milvus-io/milvus,2024-Q4,smellthemoon,30
milvus-io/milvus,2024-Q4,sunby,29
milvus-io/milvus,2024-Q4,sre-ci-robot,44
milvus-io/milvus,2024-Q4,xiaocai2333,36
milvus-io/milvus,2024-Q4,codingjaguar,2
milvus-io/milvus,2024-Q4,xiaofan-luan,5
milvus-io/milvus,2024-Q4,chyezh,45
milvus-io/milvus,2024-Q4,SimFG,24
milvus-io/milvus,2024-Q4,Reidddddd,2
milvus-io/milvus,2024-Q4,congqixia,100
milvus-io/milvus,2024-Q4,XuanYang-cn,22
milvus-io/milvus,2024-Q4,shaoting-huang,15
milvus-io/milvus,2024-Q4,_name:Patrick Weizhi Xu,4
milvus-io/milvus,2024-Q4,weiliu1031,44
milvus-io/milvus,2024-Q4,aoiasd,25
milvus-io/milvus,2024-Q4,chasingegg,6
milvus-io/milvus,2024-Q4,tedxu,17
milvus-io/milvus,2024-Q4,bigsheeper,35
milvus-io/milvus,2024-Q4,binbinlv,5
milvus-io/milvus,2024-Q4,yanliang567,8
milvus-io/milvus,2024-Q4,JsDove,8
milvus-io/milvus,2024-Q4,laurazhao0611,1
milvus-io/milvus,2024-Q4,jaime0815,27
milvus-io/milvus,2024-Q4,zhagnlu,16
milvus-io/milvus,2024-Q4,foxspy,13
milvus-io/milvus,2024-Q4,czs007,3
milvus-io/milvus,2024-Q4,NicoYuan1986,12
milvus-io/milvus,2024-Q4,MrPresent-Han,7
milvus-io/milvus,2024-Q4,zhengbuqian,13
milvus-io/milvus,2024-Q4,cqy123456,6
milvus-io/milvus,2024-Q4,yellow-shine,20
milvus-io/milvus,2024-Q4,haorenfsa,1
milvus-io/milvus,2024-Q4,wangting0128,2
milvus-io/milvus,2024-Q4,qixuan0212,4
milvus-io/milvus,2024-Q4,Linkwei,2
milvus-io/milvus,2024-Q4,jiangyinzuo,4
milvus-io/milvus,2024-Q4,HuaSheng2000,1
milvus-io/milvus,2024-Q4,zhikunyao,1
milvus-io/milvus,2024-Q4,presburger,1
milvus-io/milvus,2024-Q4,nish112022,1
milvus-io/milvus,2024-Q4,wayblink,4
milvus-io/milvus,2024-Q4,tasty-gumi,1
milvus-io/milvus,2024-Q4,liliu-z,3
milvus-io/milvus,2024-Q4,alexanderguzhva,1
milvus-io/milvus,2024-Q4,OxalisCu,1
milvus-io/milvus,2024-Q4,alwayslove2013,1
milvus-io/milvus,2024-Q4,fengjun2016,1
milvus-io/milvus,2025-Q1,cqy123456,2
milvus-io/milvus,2025-Q1,jaime0815,7
milvus-io/milvus,2025-Q1,sunby,26
milvus-io/milvus,2025-Q1,weiliu1031,23
milvus-io/milvus,2025-Q1,yhmo,2
milvus-io/milvus,2025-Q1,bigsheeper,33
milvus-io/milvus,2025-Q1,xiaofan-luan,7
milvus-io/milvus,2025-Q1,eli-b,1
milvus-io/milvus,2025-Q1,aoiasd,16
milvus-io/milvus,2025-Q1,chyezh,43
milvus-io/milvus,2025-Q1,zhengbuqian,5
milvus-io/milvus,2025-Q1,congqixia,74
milvus-io/milvus,2025-Q1,zhagnlu,11
milvus-io/milvus,2025-Q1,dependabot[bot],1
milvus-io/milvus,2025-Q1,tedxu,18
milvus-io/milvus,2025-Q1,xiaocai2333,23
milvus-io/milvus,2025-Q1,chasingegg,9
milvus-io/milvus,2025-Q1,zhuwenxing,25
milvus-io/milvus,2025-Q1,NicoYuan1986,10
milvus-io/milvus,2025-Q1,wangting0128,2
milvus-io/milvus,2025-Q1,MrPresent-Han,8
milvus-io/milvus,2025-Q1,junjiejiangjjj,7
milvus-io/milvus,2025-Q1,SimFG,17
milvus-io/milvus,2025-Q1,shaoting-huang,16
milvus-io/milvus,2025-Q1,ThreadDao,10
milvus-io/milvus,2025-Q1,sre-ci-robot,28
milvus-io/milvus,2025-Q1,yanliang567,7
milvus-io/milvus,2025-Q1,XuanYang-cn,12
milvus-io/milvus,2025-Q1,zhikunyao,3
milvus-io/milvus,2025-Q1,SpadeA-Tang,17
milvus-io/milvus,2025-Q1,sparknack,2
milvus-io/milvus,2025-Q1,cydrain,12
milvus-io/milvus,2025-Q1,foxspy,3
milvus-io/milvus,2025-Q1,binbinlv,2
milvus-io/milvus,2025-Q1,smellthemoon,11
milvus-io/milvus,2025-Q1,haorenfsa,1
milvus-io/milvus,2025-Q1,Linkwei,1
milvus-io/milvus,2025-Q1,lowener,1
milvus-io/milvus,2025-Q1,_name:Patrick Weizhi Xu,2
milvus-io/milvus,2025-Q1,JsDove,5
milvus-io/milvus,2025-Q1,codingjaguar,1
milvus-io/milvus,2025-Q1,laurazhao0611,3
milvus-io/milvus,2025-Q1,Gofastasf,1
milvus-io/milvus,2025-Q1,mimoning,2
milvus-io/milvus,2025-Q1,czs007,1
milvus-io/milvus,2025-Q1,qixuan0212,2
milvus-io/milvus,2025-Q1,gifi-siby,1
milvus-io/milvus,2025-Q1,DLT1412,1
milvus-io/milvus,2025-Q1,presburger,1
milvus-io/milvus,2025-Q1,alexanderguzhva,1
milvus-io/milvus,2025-Q1,franciscojavierarceo,1
milvus-io/milvus,2025-Q2,xiaocai2333,29
milvus-io/milvus,2025-Q2,chyezh,72
milvus-io/milvus,2025-Q2,weiliu1031,29
milvus-io/milvus,2025-Q2,sre-ci-robot,21
milvus-io/milvus,2025-Q2,xlyslr,1
milvus-io/milvus,2025-Q2,zhikunyao,5
milvus-io/milvus,2025-Q2,sunby,24
milvus-io/milvus,2025-Q2,XuanYang-cn,12
milvus-io/milvus,2025-Q2,congqixia,81
milvus-io/milvus,2025-Q2,shaoting-huang,18
milvus-io/milvus,2025-Q2,zhuwenxing,23
milvus-io/milvus,2025-Q2,foxspy,9
milvus-io/milvus,2025-Q2,bigsheeper,29
milvus-io/milvus,2025-Q2,zhagnlu,18
milvus-io/milvus,2025-Q2,aoiasd,25
milvus-io/milvus,2025-Q2,SpadeA-Tang,19
milvus-io/milvus,2025-Q2,JsDove,22
milvus-io/milvus,2025-Q2,junjiejiangjjj,10
milvus-io/milvus,2025-Q2,MrPresent-Han,8
milvus-io/milvus,2025-Q2,qixuan0212,2
milvus-io/milvus,2025-Q2,tinswzy,10
milvus-io/milvus,2025-Q2,yhmo,6
milvus-io/milvus,2025-Q2,yanliang567,11
milvus-io/milvus,2025-Q2,zhengbuqian,14
milvus-io/milvus,2025-Q2,xiaofan-luan,2
milvus-io/milvus,2025-Q2,cqy123456,5
milvus-io/milvus,2025-Q2,tedxu,7
milvus-io/milvus,2025-Q2,emmanuel-ferdman,1
milvus-io/milvus,2025-Q2,NicoYuan1986,2
milvus-io/milvus,2025-Q2,xiaowshi,3
milvus-io/milvus,2025-Q2,lee-taejun,2
milvus-io/milvus,2025-Q2,binbinlv,5
milvus-io/milvus,2025-Q2,Linkwei,1
milvus-io/milvus,2025-Q2,presburger,1
milvus-io/milvus,2025-Q2,SimFG,7
milvus-io/milvus,2025-Q2,haorenfsa,2
milvus-io/milvus,2025-Q2,ThreadDao,5
milvus-io/milvus,2025-Q2,divyaruhil,1
milvus-io/milvus,2025-Q2,codingjaguar,1
milvus-io/milvus,2025-Q2,HurSungYun,3
milvus-io/milvus,2025-Q2,juliens,1
milvus-io/milvus,2025-Q2,mcamou,1
milvus-io/milvus,2025-Q2,TheShubhendra,1
milvus-io/milvus,2025-Q2,sparknack,1
milvus-io/milvus,2025-Q2,Hoyaspark,1
milvus-io/milvus,2025-Q2,czs007,2
milvus-io/milvus,2025-Q2,smellthemoon,1
milvus-io/milvus,2025-Q3,pj1987111,3
milvus-io/milvus,2025-Q3,congqixia,91
milvus-io/milvus,2025-Q3,xiaofan-luan,3
milvus-io/milvus,2025-Q3,yanliang567,11
milvus-io/milvus,2025-Q3,AgNess-G,1
milvus-io/milvus,2025-Q3,chasingegg,9
milvus-io/milvus,2025-Q3,zhagnlu,28
milvus-io/milvus,2025-Q3,sparknack,17
milvus-io/milvus,2025-Q3,xiaocai2333,25
milvus-io/milvus,2025-Q3,chyezh,49
milvus-io/milvus,2025-Q3,aoiasd,24
milvus-io/milvus,2025-Q3,zhikunyao,13
milvus-io/milvus,2025-Q3,XuanYang-cn,20
milvus-io/milvus,2025-Q3,tinswzy,15
milvus-io/milvus,2025-Q3,sunby,28
milvus-io/milvus,2025-Q3,bigsheeper,22
milvus-io/milvus,2025-Q3,foxspy,7
milvus-io/milvus,2025-Q3,junjiejiangjjj,7
milvus-io/milvus,2025-Q3,NicoYuan1986,11
milvus-io/milvus,2025-Q3,XTxxxx,4
milvus-io/milvus,2025-Q3,MrPresent-Han,9
milvus-io/milvus,2025-Q3,jiaqizho,1
milvus-io/milvus,2025-Q3,FeilongHou,4
milvus-io/milvus,2025-Q3,zhengbuqian,20
milvus-io/milvus,2025-Q3,shaoting-huang,22
milvus-io/milvus,2025-Q3,weiliu1031,26
milvus-io/milvus,2025-Q3,sangheee,1
milvus-io/milvus,2025-Q3,sre-ci-robot,12
milvus-io/milvus,2025-Q3,czs007,2
milvus-io/milvus,2025-Q3,SpadeA-Tang,23
milvus-io/milvus,2025-Q3,qixuan0212,4
milvus-io/milvus,2025-Q3,9Eurydice9,13
milvus-io/milvus,2025-Q3,cqy123456,5
milvus-io/milvus,2025-Q3,yhmo,4
milvus-io/milvus,2025-Q3,smdsbz,1
milvus-io/milvus,2025-Q3,dependabot[bot],1
milvus-io/milvus,2025-Q3,zhuwenxing,17
milvus-io/milvus,2025-Q3,JsDove,6
milvus-io/milvus,2025-Q3,jfwm2,2
milvus-io/milvus,2025-Q3,nish112022,1
milvus-io/milvus,2025-Q3,marcelo-cjl,1
milvus-io/milvus,2025-Q3,yanbinyang,1
milvus-io/milvus,2025-Q3,Yinwei-Yu,1
milvus-io/milvus,2025-Q3,alexanderguzhva,4
milvus-io/milvus,2025-Q3,liliu-z,2
milvus-io/milvus,2025-Q3,ThreadDao,4
milvus-io/milvus,2025-Q3,presburger,1
milvus-io/milvus,2025-Q3,Linkwei,1
milvus-io/milvus,2025-Q3,tedxu,5
milvus-io/milvus,2025-Q3,SimFG,1
milvus-io/milvus,2025-Q3,zhanshuyou,1
milvus-io/milvus,2025-Q4,chyezh,63
milvus-io/milvus,2025-Q4,aoiasd,33
milvus-io/milvus,2025-Q4,weiliu1031,30
milvus-io/milvus,2025-Q4,zhagnlu,21
milvus-io/milvus,2025-Q4,zhengbuqian,23
milvus-io/milvus,2025-Q4,junjiejiangjjj,7
milvus-io/milvus,2025-Q4,foxspy,8
milvus-io/milvus,2025-Q4,yanliang567,5
milvus-io/milvus,2025-Q4,NicoYuan1986,9
milvus-io/milvus,2025-Q4,xiaocai2333,39
milvus-io/milvus,2025-Q4,SpadeA-Tang,27
milvus-io/milvus,2025-Q4,FeilongHou,14
milvus-io/milvus,2025-Q4,bigsheeper,28
milvus-io/milvus,2025-Q4,zhuwenxing,23
milvus-io/milvus,2025-Q4,congqixia,85
milvus-io/milvus,2025-Q4,jac0626,2
milvus-io/milvus,2025-Q4,jiamingli-maker,2
milvus-io/milvus,2025-Q4,majiayu000,1
milvus-io/milvus,2025-Q4,MrPresent-Han,9
milvus-io/milvus,2025-Q4,sunby,13
milvus-io/milvus,2025-Q4,XuanYang-cn,20
milvus-io/milvus,2025-Q4,czs007,13
milvus-io/milvus,2025-Q4,marcelo-cjl,2
milvus-io/milvus,2025-Q4,sijie-ni-0214,6
milvus-io/milvus,2025-Q4,nathan-weinberg,1
milvus-io/milvus,2025-Q4,sparknack,18
milvus-io/milvus,2025-Q4,tinswzy,7
milvus-io/milvus,2025-Q4,yhmo,4
milvus-io/milvus,2025-Q4,liliu-z,5
milvus-io/milvus,2025-Q4,lyang24,1
milvus-io/milvus,2025-Q4,xiaofan-luan,7
milvus-io/milvus,2025-Q4,huanghaoyuanhhy,1
milvus-io/milvus,2025-Q4,wg1026688210,1
milvus-io/milvus,2025-Q4,Linkwei,1
milvus-io/milvus,2025-Q4,intojhanurag,1
milvus-io/milvus,2025-Q4,AlintaLu,2
milvus-io/milvus,2025-Q4,Xinyi7,1
milvus-io/milvus,2025-Q4,sre-ci-robot,10
milvus-io/milvus,2025-Q4,tedxu,2
milvus-io/milvus,2025-Q4,zhikunyao,10
milvus-io/milvus,2025-Q4,qixuan0212,1
milvus-io/milvus,2025-Q4,chasingegg,5
milvus-io/milvus,2025-Q4,862103595,1
milvus-io/milvus,2025-Q4,kumaramit01,1
milvus-io/milvus,2025-Q4,liorf95,1
milvus-io/milvus,2025-Q4,thekingking,3
milvus-io/milvus,2025-Q4,cqy123456,3
milvus-io/milvus,2025-Q4,lmzzzzz1,1
milvus-io/milvus,2025-Q4,Goodnight77,1
tursodatabase/libsql,2023-Q1,_name:drh,213
tursodatabase/libsql,2023-Q1,tantaman,4
tursodatabase/libsql,2023-Q1,_name:dan,76
tursodatabase/libsql,2023-Q1,bors[bot],196
tursodatabase/libsql,2023-Q1,MarinPostma,173
tursodatabase/libsql,2023-Q1,psarna,184
tursodatabase/libsql,2023-Q1,honzasp,79
tursodatabase/libsql,2023-Q1,penberg,84
tursodatabase/libsql,2023-Q1,_name:stephan,54
tursodatabase/libsql,2023-Q1,_name:larrybr,14
tursodatabase/libsql,2023-Q1,L-jasmine,6
tursodatabase/libsql,2023-Q1,_name:Athos Couto,1
tursodatabase/libsql,2023-Q1,_name:mistachkin,1
tursodatabase/libsql,2023-Q1,sunng87,1
tursodatabase/libsql,2023-Q1,BearLemma,14
tursodatabase/libsql,2023-Q1,haaawk,7
tursodatabase/libsql,2023-Q1,avinassh,1
tursodatabase/libsql,2023-Q1,_name:Doug Stevenson,5
tursodatabase/libsql,2023-Q1,chrisgacsal,1
tursodatabase/libsql,2023-Q1,_name:Glauber Costa,4
tursodatabase/libsql,2023-Q1,belzecue,1
tursodatabase/libsql,2023-Q1,CodingDoug,2
tursodatabase/libsql,2023-Q1,tjyang,2
tursodatabase/libsql,2023-Q1,mergify[bot],6
tursodatabase/libsql,2023-Q2,_name:drh,264
tursodatabase/libsql,2023-Q2,_name:dan,63
tursodatabase/libsql,2023-Q2,psarna,49
tursodatabase/libsql,2023-Q2,dyasny,11
tursodatabase/libsql,2023-Q2,penberg,32
tursodatabase/libsql,2023-Q2,MarinPostma,73
tursodatabase/libsql,2023-Q2,benclmnt,9
tursodatabase/libsql,2023-Q2,Horusiath,4
tursodatabase/libsql,2023-Q2,_name:larrybr,50
tursodatabase/libsql,2023-Q2,_name:stephan,24
tursodatabase/libsql,2023-Q2,honzasp,10
tursodatabase/libsql,2023-Q2,junwha,1
tursodatabase/libsql,2023-Q2,_name:mistachkin,6
tursodatabase/libsql,2023-Q2,athoscouto,2
tursodatabase/libsql,2023-Q2,CodingDoug,3
tursodatabase/libsql,2023-Q2,_name:Glauber Costa,8
tursodatabase/libsql,2023-Q2,glommer,2
tursodatabase/libsql,2023-Q2,ttsugriy,1
tursodatabase/libsql,2023-Q2,_name:Doug Stevenson,1
tursodatabase/libsql,2023-Q2,haaawk,9
tursodatabase/libsql,2023-Q2,_name:Athos,1
tursodatabase/libsql,2023-Q2,avinassh,1
tursodatabase/libsql,2023-Q2,piotrkira,3
tursodatabase/libsql,2023-Q2,nukemberg,1
tursodatabase/libsql,2023-Q2,bors[bot],34
tursodatabase/libsql,2023-Q2,copiousfreetime,1
tursodatabase/libsql,2023-Q2,tantaman,1
tursodatabase/libsql,2023-Q2,syrusakbary,1
tursodatabase/libsql,2023-Q3,_name:dan,100
tursodatabase/libsql,2023-Q3,_name:stephan,422
tursodatabase/libsql,2023-Q3,_name:drh,251
tursodatabase/libsql,2023-Q3,tantaman,1
tursodatabase/libsql,2023-Q3,psarna,192
tursodatabase/libsql,2023-Q3,LucioFranco,114
tursodatabase/libsql,2023-Q3,_name:larrybr,10
tursodatabase/libsql,2023-Q3,MarinPostma,61
tursodatabase/libsql,2023-Q3,Horusiath,18
tursodatabase/libsql,2023-Q3,xonx4l,1
tursodatabase/libsql,2023-Q3,penberg,257
tursodatabase/libsql,2023-Q3,neubaner,4
tursodatabase/libsql,2023-Q3,glommer,1
tursodatabase/libsql,2023-Q3,_name:mistachkin,2
tursodatabase/libsql,2023-Q3,haaawk,38
tursodatabase/libsql,2023-Q3,Gankra,1
tursodatabase/libsql,2023-Q3,ashleygwilliams,3
tursodatabase/libsql,2023-Q3,avinassh,3
tursodatabase/libsql,2023-Q3,honzasp,4
tursodatabase/libsql,2023-Q3,CodingDoug,1
tursodatabase/libsql,2023-Q3,aqrln,4
tursodatabase/libsql,2023-Q3,piotrkira,1
tursodatabase/libsql,2023-Q3,Abdur-rahmaanJ,1
tursodatabase/libsql,2023-Q3,gamebox,1
tursodatabase/libsql,2023-Q3,_name:Glauber Costa,2
tursodatabase/libsql,2023-Q3,dyasny,2
tursodatabase/libsql,2023-Q4,_name:Jonah Lund,8
tursodatabase/libsql,2023-Q4,_name:stephan,115
tursodatabase/libsql,2023-Q4,psarna,123
tursodatabase/libsql,2023-Q4,MarinPostma,353
tursodatabase/libsql,2023-Q4,_name:drh,388
tursodatabase/libsql,2023-Q4,_name:dan,106
tursodatabase/libsql,2023-Q4,penberg,20
tursodatabase/libsql,2023-Q4,tantaman,8
tursodatabase/libsql,2023-Q4,LucioFranco,194
tursodatabase/libsql,2023-Q4,Horusiath,50
tursodatabase/libsql,2023-Q4,glommer,1
tursodatabase/libsql,2023-Q4,_name:Marin Postma,1
tursodatabase/libsql,2023-Q4,avinassh,26
tursodatabase/libsql,2023-Q4,_name:larrybr,57
tursodatabase/libsql,2023-Q4,wyhaya,5
tursodatabase/libsql,2023-Q4,oliverlambson,1
tursodatabase/libsql,2023-Q4,mistydemeo,2
tursodatabase/libsql,2023-Q4,ashleygwilliams,8
tursodatabase/libsql,2023-Q4,_name:T.J. Yang,1
tursodatabase/libsql,2023-Q4,pjhades,10
tursodatabase/libsql,2023-Q4,_name:mistachkin,2
tursodatabase/libsql,2023-Q4,amagri,11
tursodatabase/libsql,2023-Q4,alvin,1
tursodatabase/libsql,2023-Q4,haaawk,18
tursodatabase/libsql,2023-Q4,PragmaTwice,1
tursodatabase/libsql,2023-Q4,DaBigBlob,2
tursodatabase/libsql,2023-Q4,athoscouto,2
tursodatabase/libsql,2023-Q4,_name:Athos Couto,4
tursodatabase/libsql,2023-Q4,cookiengineer,1
tursodatabase/libsql,2023-Q4,TehShrike,1
tursodatabase/libsql,2023-Q4,ultrabug,2
tursodatabase/libsql,2023-Q4,_name:Athos,2
tursodatabase/libsql,2023-Q4,jonasb,1
tursodatabase/libsql,2024-Q1,_name:stephan,47
tursodatabase/libsql,2024-Q1,shopifyski,2
tursodatabase/libsql,2024-Q1,LucioFranco,94
tursodatabase/libsql,2024-Q1,MarinPostma,127
tursodatabase/libsql,2024-Q1,_name:dan,96
tursodatabase/libsql,2024-Q1,_name:drh,219
tursodatabase/libsql,2024-Q1,_name:Glauber Costa,3
tursodatabase/libsql,2024-Q1,penberg,19
tursodatabase/libsql,2024-Q1,_name:Athos,6
tursodatabase/libsql,2024-Q1,avinassh,20
tursodatabase/libsql,2024-Q1,Horusiath,55
tursodatabase/libsql,2024-Q1,bentleylong,1
tursodatabase/libsql,2024-Q1,haaawk,43
tursodatabase/libsql,2024-Q1,a2xchip,4
tursodatabase/libsql,2024-Q1,bryanvaz,1
tursodatabase/libsql,2024-Q1,_name:mistachkin,4
tursodatabase/libsql,2024-Q1,eltociear,1
tursodatabase/libsql,2024-Q1,tungbq,1
tursodatabase/libsql,2024-Q1,RafaelZasas,1
tursodatabase/libsql,2024-Q1,_name:larrybr,6
tursodatabase/libsql,2024-Q1,JakeHedman,1
tursodatabase/libsql,2024-Q1,psarna,82
tursodatabase/libsql,2024-Q1,Gankra,1
tursodatabase/libsql,2024-Q1,jonahlund,1
tursodatabase/libsql,2024-Q1,_name:Athos Couto,1
tursodatabase/libsql,2024-Q1,augustollenz,1
tursodatabase/libsql,2024-Q1,snacks02,1
tursodatabase/libsql,2024-Q1,QuiiBz,3
tursodatabase/libsql,2024-Q2,_name:drh,136
tursodatabase/libsql,2024-Q2,_name:dan,67
tursodatabase/libsql,2024-Q2,avinassh,15
tursodatabase/libsql,2024-Q2,sivukhin,3
tursodatabase/libsql,2024-Q2,MarinPostma,48
tursodatabase/libsql,2024-Q2,penberg,7
tursodatabase/libsql,2024-Q2,haaawk,21
tursodatabase/libsql,2024-Q2,ospfranco,1
tursodatabase/libsql,2024-Q2,rathboma,1
tursodatabase/libsql,2024-Q2,LucioFranco,30
tursodatabase/libsql,2024-Q2,_name:stephan,41
tursodatabase/libsql,2024-Q2,levydsa,1
tursodatabase/libsql,2024-Q2,_name:Athos,5
tursodatabase/libsql,2024-Q2,pdenapo,1
tursodatabase/libsql,2024-Q2,notrab,1
tursodatabase/libsql,2024-Q2,ignatz,1
tursodatabase/libsql,2024-Q2,david-mccullars,1
tursodatabase/libsql,2024-Q2,sveltespot,1
tursodatabase/libsql,2024-Q2,_name:mistachkin,2
tursodatabase/libsql,2024-Q2,ryands17,1
tursodatabase/libsql,2024-Q2,_name:larrybr,1
tursodatabase/libsql,2024-Q2,marcob,1
tursodatabase/libsql,2024-Q2,andersonpem,1
tursodatabase/libsql,2024-Q2,Linkinlog,1
tursodatabase/libsql,2024-Q2,seanaye,1
tursodatabase/libsql,2024-Q2,mgred,1
tursodatabase/libsql,2024-Q2,shopifyski,1
tursodatabase/libsql,2024-Q2,_name:Glauber Costa,1
tursodatabase/libsql,2024-Q3,_name:drh,301
tursodatabase/libsql,2024-Q3,_name:dan,87
tursodatabase/libsql,2024-Q3,sivukhin,182
tursodatabase/libsql,2024-Q3,MarinPostma,355
tursodatabase/libsql,2024-Q3,_name:stephan,67
tursodatabase/libsql,2024-Q3,haaawk,33
tursodatabase/libsql,2024-Q3,LucioFranco,63
tursodatabase/libsql,2024-Q3,_name:mistachkin,1
tursodatabase/libsql,2024-Q3,jeremybarbet,2
tursodatabase/libsql,2024-Q3,_name:larrybr,2
tursodatabase/libsql,2024-Q3,_name:James Newton,1
tursodatabase/libsql,2024-Q3,ignatz,4
tursodatabase/libsql,2024-Q3,tvandinther,1
tursodatabase/libsql,2024-Q3,athoscouto,2
tursodatabase/libsql,2024-Q3,notrab,7
tursodatabase/libsql,2024-Q3,_name:Athos Couto,1
tursodatabase/libsql,2024-Q3,avinassh,13
tursodatabase/libsql,2024-Q3,wyhaya,2
tursodatabase/libsql,2024-Q3,penberg,6
tursodatabase/libsql,2024-Q3,ubersan,2
tursodatabase/libsql,2024-Q3,spigaz,1
tursodatabase/libsql,2024-Q3,Horusiath,1
tursodatabase/libsql,2024-Q3,a2xchip,1
tursodatabase/libsql,2024-Q3,xonx4l,3
tursodatabase/libsql,2024-Q3,kandros,1
tursodatabase/libsql,2024-Q3,caleb-mabry,1
tursodatabase/libsql,2024-Q3,_name:Athos,2
tursodatabase/libsql,2024-Q3,shopifyski,1
tursodatabase/libsql,2024-Q4,penberg,58
tursodatabase/libsql,2024-Q4,LucioFranco,73
tursodatabase/libsql,2024-Q4,haaawk,19
tursodatabase/libsql,2024-Q4,sivukhin,23
tursodatabase/libsql,2024-Q4,EleDiaz,1
tursodatabase/libsql,2024-Q4,kunjee17,5
tursodatabase/libsql,2024-Q4,jwetzell,1
tursodatabase/libsql,2024-Q4,mamoreau-devolutions,1
tursodatabase/libsql,2024-Q4,_name:drh,63
tursodatabase/libsql,2024-Q4,_name:dan,18
tursodatabase/libsql,2024-Q4,_name:stephan,20
tursodatabase/libsql,2024-Q4,MarinPostma,25
tursodatabase/libsql,2025-Q1,penberg,80
tursodatabase/libsql,2025-Q1,levydsa,18
tursodatabase/libsql,2025-Q1,CBenoit,1
tursodatabase/libsql,2025-Q1,bengsparks,1
tursodatabase/libsql,2025-Q1,scarf005,1
tursodatabase/libsql,2025-Q1,sivukhin,17
tursodatabase/libsql,2025-Q1,haaawk,1
tursodatabase/libsql,2025-Q1,_name:Piotr Jastrzebski,6
tursodatabase/libsql,2025-Q1,jussisaurio,2
tursodatabase/libsql,2025-Q1,Allypost,4
tursodatabase/libsql,2025-Q1,glommer,1
tursodatabase/libsql,2025-Q1,LucioFranco,6
tursodatabase/libsql,2025-Q2,penberg,45
tursodatabase/libsql,2025-Q2,bjesuiter,1
tursodatabase/libsql,2025-Q2,levydsa,17
tursodatabase/libsql,2025-Q2,russellromney,1
tursodatabase/libsql,2025-Q2,o0Ignition0o,1
tursodatabase/libsql,2025-Q2,avinassh,15
tursodatabase/libsql,2025-Q2,_name:James Newton,1
tursodatabase/libsql,2025-Q2,sivukhin,4
tursodatabase/libsql,2025-Q2,pereman2,3
tursodatabase/libsql,2025-Q2,arlyon,1
tursodatabase/libsql,2025-Q2,allan2,1
tursodatabase/libsql,2025-Q2,jussisaurio,2
tursodatabase/libsql,2025-Q2,kaaax0815,1
tursodatabase/libsql,2025-Q3,riazus,4
tursodatabase/libsql,2025-Q3,penberg,49
tursodatabase/libsql,2025-Q3,sivukhin,18
tursodatabase/libsql,2025-Q3,avinassh,14
tursodatabase/libsql,2025-Q3,assadyousuf,2
tursodatabase/libsql,2025-Q3,levydsa,3
tursodatabase/libsql,2025-Q3,Resonious,1
tursodatabase/libsql,2025-Q3,boothedev,2
tursodatabase/libsql,2025-Q3,jussisaurio,1
tursodatabase/libsql,2025-Q3,Brooooooklyn,1
tursodatabase/libsql,2025-Q4,penberg,27
tursodatabase/libsql,2025-Q4,ospfranco,3
tursodatabase/libsql,2025-Q4,avinassh,6
tursodatabase/libsql,2025-Q4,jussisaurio,4
tursodatabase/libsql,2025-Q4,SarthakRawat-1,2
tursodatabase/libsql,2025-Q4,ysdragon,1
tursodatabase/libsql,2025-Q4,PThorpe92,2
tursodatabase/libsql,2025-Q4,ignatz,1
tursodatabase/libsql,2025-Q4,shamblonaut,2
tursodatabase/libsql,2025-Q4,jayvdb,1
tursodatabase/libsql,2025-Q4,Geal,1
tursodatabase/libsql,2025-Q4,riazus,1
tursodatabase/libsql,2025-Q4,levydsa,5
qdrant/qdrant,2023-Q1,generall,41
qdrant/qdrant,2023-Q1,nisiyong,1
qdrant/qdrant,2023-Q1,dependabot[bot],66
qdrant/qdrant,2023-Q1,moaz-mokhtar,1
qdrant/qdrant,2023-Q1,IvanPleshkov,10
qdrant/qdrant,2023-Q1,timvisee,3
qdrant/qdrant,2023-Q1,ffuugoo,10
qdrant/qdrant,2023-Q1,agourlay,29
qdrant/qdrant,2023-Q1,coszio,2
qdrant/qdrant,2023-Q1,azayarni,1
qdrant/qdrant,2023-Q1,allcontributors[bot],5
qdrant/qdrant,2023-Q1,csko,1
qdrant/qdrant,2023-Q1,joein,1
qdrant/qdrant,2023-Q1,hozan23,1
qdrant/qdrant,2023-Q2,generall,55
qdrant/qdrant,2023-Q2,ffuugoo,17
qdrant/qdrant,2023-Q2,dcastelltort,1
qdrant/qdrant,2023-Q2,timvisee,51
qdrant/qdrant,2023-Q2,dependabot[bot],95
qdrant/qdrant,2023-Q2,agourlay,29
qdrant/qdrant,2023-Q2,coszio,15
qdrant/qdrant,2023-Q2,yusufani,1
qdrant/qdrant,2023-Q2,sunisdown,1
qdrant/qdrant,2023-Q2,timsueberkrueb,1
qdrant/qdrant,2023-Q2,kayagokalp,1
qdrant/qdrant,2023-Q2,llogiq,1
qdrant/qdrant,2023-Q2,woile,1
qdrant/qdrant,2023-Q2,russcam,1
qdrant/qdrant,2023-Q2,IvanPleshkov,9
qdrant/qdrant,2023-Q2,Jesse-Bakker,2
qdrant/qdrant,2023-Q2,eltociear,2
qdrant/qdrant,2023-Q2,DengYiping,3
qdrant/qdrant,2023-Q2,paulotten,5
qdrant/qdrant,2023-Q2,nilhex,1
qdrant/qdrant,2023-Q2,Shubham8287,1
qdrant/qdrant,2023-Q2,ibrahim-akrab,3
qdrant/qdrant,2023-Q2,jwpjrdev,1
qdrant/qdrant,2023-Q2,DeVcB13d,1
qdrant/qdrant,2023-Q2,NirantK,3
qdrant/qdrant,2023-Q2,allcontributors[bot],7
qdrant/qdrant,2023-Q2,Weijun-H,1
qdrant/qdrant,2023-Q2,timonv,1
qdrant/qdrant,2023-Q2,tusharhqq,1
qdrant/qdrant,2023-Q2,stencillogic,1
qdrant/qdrant,2023-Q3,timvisee,39
qdrant/qdrant,2023-Q3,dependabot[bot],115
qdrant/qdrant,2023-Q3,coszio,13
qdrant/qdrant,2023-Q3,agourlay,25
qdrant/qdrant,2023-Q3,IvanPleshkov,18
qdrant/qdrant,2023-Q3,bashofmann,1
qdrant/qdrant,2023-Q3,generall,36
qdrant/qdrant,2023-Q3,zpp12354321,1
qdrant/qdrant,2023-Q3,ffuugoo,12
qdrant/qdrant,2023-Q3,camdencheek,1
qdrant/qdrant,2023-Q3,dzhao,1
qdrant/qdrant,2023-Q3,DengYiping,1
qdrant/qdrant,2023-Q3,Jesse-Bakker,1
qdrant/qdrant,2023-Q3,zzzz-vincent,3
qdrant/qdrant,2023-Q3,0xPoe,1
qdrant/qdrant,2023-Q3,yarikoptic,1
qdrant/qdrant,2023-Q3,ttsugriy,1
qdrant/qdrant,2023-Q3,bazhenov,1
qdrant/qdrant,2023-Q4,generall,41
qdrant/qdrant,2023-Q4,dependabot[bot],58
qdrant/qdrant,2023-Q4,agourlay,77
qdrant/qdrant,2023-Q4,IvanPleshkov,35
qdrant/qdrant,2023-Q4,timvisee,59
qdrant/qdrant,2023-Q4,ffuugoo,26
qdrant/qdrant,2023-Q4,joein,1
qdrant/qdrant,2023-Q4,golangboy,1
qdrant/qdrant,2023-Q4,coszio,35
qdrant/qdrant,2023-Q4,dzhao,2
qdrant/qdrant,2023-Q4,kaancfidan,1
qdrant/qdrant,2023-Q4,julianbraha,1
qdrant/qdrant,2023-Q4,wesleymatosdev,1
qdrant/qdrant,2023-Q4,keremnc,1
qdrant/qdrant,2023-Q4,russcam,1
qdrant/qdrant,2023-Q4,ilkecan,1
qdrant/qdrant,2023-Q4,ava57r,1
qdrant/qdrant,2023-Q4,Apmats,1
qdrant/qdrant,2023-Q4,kwkr,1
qdrant/qdrant,2023-Q4,zzzz-vincent,1
qdrant/qdrant,2023-Q4,etolbakov,1
qdrant/qdrant,2023-Q4,smark-d,1
qdrant/qdrant,2023-Q4,jsoref,1
qdrant/qdrant,2024-Q1,timvisee,70
qdrant/qdrant,2024-Q1,xzfc,23
qdrant/qdrant,2024-Q1,agourlay,51
qdrant/qdrant,2024-Q1,dependabot[bot],81
qdrant/qdrant,2024-Q1,coszio,24
qdrant/qdrant,2024-Q1,gsaivinay,1
qdrant/qdrant,2024-Q1,Anush008,2
qdrant/qdrant,2024-Q1,InventiveCoder,1
qdrant/qdrant,2024-Q1,IvanPleshkov,10
qdrant/qdrant,2024-Q1,generall,21
qdrant/qdrant,2024-Q1,_name:jn,1
qdrant/qdrant,2024-Q1,ffuugoo,14
qdrant/qdrant,2024-Q1,kwkr,2
qdrant/qdrant,2024-Q1,AlexandruCihodaru,1
qdrant/qdrant,2024-Q1,KShivendu,8
qdrant/qdrant,2024-Q1,Florents-Tselai,1
qdrant/qdrant,2024-Q1,Shylock-Hg,1
qdrant/qdrant,2024-Q1,amietn,1
qdrant/qdrant,2024-Q1,ding-young,1
qdrant/qdrant,2024-Q1,Okabe-Rintarou-0,1
qdrant/qdrant,2024-Q1,JojiiOfficial,2
qdrant/qdrant,2024-Q1,mrbusche,1
qdrant/qdrant,2024-Q1,gabrieldemian,1
qdrant/qdrant,2024-Q1,2k4sm,1
qdrant/qdrant,2024-Q1,Dhanus3133,2
qdrant/qdrant,2024-Q1,TuanaCelik,1
qdrant/qdrant,2024-Q1,neo773,1
qdrant/qdrant,2024-Q1,Pegasis404,1
qdrant/qdrant,2024-Q2,tellet-q,1
qdrant/qdrant,2024-Q2,Rendez,2
qdrant/qdrant,2024-Q2,coszio,68
qdrant/qdrant,2024-Q2,IvanPleshkov,32
qdrant/qdrant,2024-Q2,xzfc,28
qdrant/qdrant,2024-Q2,generall,45
qdrant/qdrant,2024-Q2,timvisee,76
qdrant/qdrant,2024-Q2,ffuugoo,22
qdrant/qdrant,2024-Q2,agourlay,78
qdrant/qdrant,2024-Q2,dependabot[bot],96
qdrant/qdrant,2024-Q2,kumarlokesh,2
qdrant/qdrant,2024-Q2,JojiiOfficial,5
qdrant/qdrant,2024-Q2,KShivendu,7
qdrant/qdrant,2024-Q2,xhjkl,1
qdrant/qdrant,2024-Q2,TheQuantumFractal,1
qdrant/qdrant,2024-Q2,amiremohamadi,1
qdrant/qdrant,2024-Q2,kemkemG0,2
qdrant/qdrant,2024-Q2,almostimplemented,1
qdrant/qdrant,2024-Q2,mac-chaffee,1
qdrant/qdrant,2024-Q2,kozistr,1
qdrant/qdrant,2024-Q2,abhishek818,1
qdrant/qdrant,2024-Q2,RPallas92,1
qdrant/qdrant,2024-Q3,timvisee,40
qdrant/qdrant,2024-Q3,xzfc,34
qdrant/qdrant,2024-Q3,agourlay,40
qdrant/qdrant,2024-Q3,SevInf,1
qdrant/qdrant,2024-Q3,ffuugoo,23
qdrant/qdrant,2024-Q3,0byteme,1
qdrant/qdrant,2024-Q3,IvanPleshkov,20
qdrant/qdrant,2024-Q3,dependabot[bot],87
qdrant/qdrant,2024-Q3,coszio,36
qdrant/qdrant,2024-Q3,dkellner,1
qdrant/qdrant,2024-Q3,generall,34
qdrant/qdrant,2024-Q3,varshith257,1
qdrant/qdrant,2024-Q3,justinrmiller,1
qdrant/qdrant,2024-Q3,KShivendu,4
qdrant/qdrant,2024-Q3,JojiiOfficial,19
qdrant/qdrant,2024-Q3,superseb,1
qdrant/qdrant,2024-Q3,tellet-q,1
qdrant/qdrant,2024-Q3,ShrubinS,2
qdrant/qdrant,2024-Q3,qdegraaf,1
qdrant/qdrant,2024-Q3,neithanmo,1
qdrant/qdrant,2024-Q3,kartik-gupta-ij,2
qdrant/qdrant,2024-Q3,davidmyriel,1
qdrant/qdrant,2024-Q3,joein,1
qdrant/qdrant,2024-Q4,timvisee,58
qdrant/qdrant,2024-Q4,weiwch,1
qdrant/qdrant,2024-Q4,IvanPleshkov,7
qdrant/qdrant,2024-Q4,agourlay,63
qdrant/qdrant,2024-Q4,generall,33
qdrant/qdrant,2024-Q4,coszio,11
qdrant/qdrant,2024-Q4,ffuugoo,8
qdrant/qdrant,2024-Q4,redouan-rhazouani,1
qdrant/qdrant,2024-Q4,JojiiOfficial,24
qdrant/qdrant,2024-Q4,xzfc,24
qdrant/qdrant,2024-Q4,dependabot[bot],81
qdrant/qdrant,2024-Q4,kumargu,1
qdrant/qdrant,2024-Q4,n0x29a,7
qdrant/qdrant,2024-Q4,joein,2
qdrant/qdrant,2024-Q4,tellet-q,1
qdrant/qdrant,2024-Q4,KShivendu,3
qdrant/qdrant,2024-Q4,pedjak,4
qdrant/qdrant,2024-Q4,kartik-gupta-ij,1
qdrant/qdrant,2024-Q4,PalashDhabale,1
qdrant/qdrant,2025-Q1,timvisee,84
qdrant/qdrant,2025-Q1,generall,30
qdrant/qdrant,2025-Q1,coszio,35
qdrant/qdrant,2025-Q1,KShivendu,13
qdrant/qdrant,2025-Q1,Huge,1
qdrant/qdrant,2025-Q1,azayarni,1
qdrant/qdrant,2025-Q1,ffuugoo,24
qdrant/qdrant,2025-Q1,agourlay,76
qdrant/qdrant,2025-Q1,JojiiOfficial,22
qdrant/qdrant,2025-Q1,dependabot[bot],130
qdrant/qdrant,2025-Q1,xzfc,31
qdrant/qdrant,2025-Q1,tellet-q,2
qdrant/qdrant,2025-Q1,IvanPleshkov,10
qdrant/qdrant,2025-Q1,damiansan239,1
qdrant/qdrant,2025-Q1,joein,1
qdrant/qdrant,2025-Q1,joekrejci,1
qdrant/qdrant,2025-Q1,n0x29a,2
qdrant/qdrant,2025-Q1,ashwantmanikoth,1
qdrant/qdrant,2025-Q1,kumargu,2
qdrant/qdrant,2025-Q2,generall,19
qdrant/qdrant,2025-Q2,xzfc,12
qdrant/qdrant,2025-Q2,timvisee,33
qdrant/qdrant,2025-Q2,coszio,15
qdrant/qdrant,2025-Q2,ffuugoo,10
qdrant/qdrant,2025-Q2,agourlay,40
qdrant/qdrant,2025-Q2,KShivendu,13
qdrant/qdrant,2025-Q2,dependabot[bot],50
qdrant/qdrant,2025-Q2,n0x29a,1
qdrant/qdrant,2025-Q2,JojiiOfficial,9
qdrant/qdrant,2025-Q2,IvanPleshkov,1
qdrant/qdrant,2025-Q2,ip75,1
qdrant/qdrant,2025-Q2,kzsc5464,1
qdrant/qdrant,2025-Q2,tellet-q,1
qdrant/qdrant,2025-Q3,timvisee,77
qdrant/qdrant,2025-Q3,generall,43
qdrant/qdrant,2025-Q3,monoid,1
qdrant/qdrant,2025-Q3,agourlay,58
qdrant/qdrant,2025-Q3,dependabot[bot],123
qdrant/qdrant,2025-Q3,xzfc,34
qdrant/qdrant,2025-Q3,nibblerenush,2
qdrant/qdrant,2025-Q3,ffuugoo,34
qdrant/qdrant,2025-Q3,JojiiOfficial,18
qdrant/qdrant,2025-Q3,tellet-q,8
qdrant/qdrant,2025-Q3,IvanPleshkov,27
qdrant/qdrant,2025-Q3,KShivendu,11
qdrant/qdrant,2025-Q3,ElekN,1
qdrant/qdrant,2025-Q3,fabracht,1
qdrant/qdrant,2025-Q3,bashofmann,3
qdrant/qdrant,2025-Q3,coszio,38
qdrant/qdrant,2025-Q3,jsat97,1
qdrant/qdrant,2025-Q3,siddjellali,1
qdrant/qdrant,2025-Q3,guglielmo-monici,1
qdrant/qdrant,2025-Q3,kacperlukawski,1
qdrant/qdrant,2025-Q3,voyager0003,1
qdrant/qdrant,2025-Q3,craig-rueda,1
qdrant/qdrant,2025-Q3,silverjam,1
qdrant/qdrant,2025-Q3,n0x29a,3
qdrant/qdrant,2025-Q3,jayantpranjal0,2
qdrant/qdrant,2025-Q3,azayarni,1
qdrant/qdrant,2025-Q4,timvisee,59
qdrant/qdrant,2025-Q4,coszio,15
qdrant/qdrant,2025-Q4,nibblerenush,2
qdrant/qdrant,2025-Q4,IvanPleshkov,6
qdrant/qdrant,2025-Q4,agourlay,48
qdrant/qdrant,2025-Q4,tellet-q,10
qdrant/qdrant,2025-Q4,ffuugoo,33
qdrant/qdrant,2025-Q4,generall,42
qdrant/qdrant,2025-Q4,xzfc,18
qdrant/qdrant,2025-Q4,dependabot[bot],66
qdrant/qdrant,2025-Q4,KShivendu,7
qdrant/qdrant,2025-Q4,dancixx,3
qdrant/qdrant,2025-Q4,JojiiOfficial,15
qdrant/qdrant,2025-Q4,Copilot,1
qdrant/qdrant,2025-Q4,amiremohamadi,1
qdrant/qdrant,2025-Q4,_name:Ivan Boldyrev,4
qdrant/qdrant,2025-Q4,eltu,1
